999
dxfrw 0.6.3
  0
SECTION
  2
HEADER
  9
$ACADVER
  1
AC1021
  9
$DWGCODEPAGE
  3
ANSI_1252
  9
$INSBASE
 10
0
 20
0
 30
0
  9
$EXTMIN
 10
0
 20
0
 30
0
  9
$EXTMAX
 10
210
 20
297
 30
0
  9
$LIMMIN
 10
0
 20
0
  9
$LIMMAX
 10
420
 20
297
  9
$ORTHOMODE
 70
    0
  9
$REGENMODE
 70
    1
  9
$FILLMODE
 70
    1
  9
$QTEXTMODE
 70
    0
  9
$MIRRTEXT
 70
    0
  9
$LTSCALE
 40
1
  9
$ATTMODE
 70
    0
  9
$TEXTSIZE
 40
2.5
  9
$TRACEWID
 40
15.68
  9
$TEXTSTYLE
  7
STANDARD
  9
$CLAYER
  8
00. эскиз
  9
$CELTYPE
  6
BYLAYER
  9
$CECOLOR
 62
  256
  9
$CELTSCALE
 40
1
  9
$DISPSILH
 70
    0
  9
$DIMSCALE
 40
1
  9
$DIMASZ
 40
2.5
  9
$DIMEXO
 40
0.625
  9
$DIMDLI
 40
3.75
  9
$DIMRND
 40
0
  9
$DIMDLE
 40
0
  9
$DIMEXE
 40
1.25
  9
$DIMTP
 40
0
  9
$DIMTM
 40
0
  9
$DIMTXT
 40
2.5
  9
$DIMCEN
 40
2.5
  9
$DIMTSZ
 40
0
  9
$DIMTOL
 70
    0
  9
$DIMLIM
 70
    0
  9
$DIMTIH
 70
    0
  9
$DIMTOH
 70
    0
  9
$DIMSE1
 70
    0
  9
$DIMSE2
 70
    0
  9
$DIMTAD
 70
    1
  9
$DIMZIN
 70
    1
  9
$DIMBLK
  1

  9
$DIMASO
 70
    1
  9
$DIMSHO
 70
    1
  9
$DIMPOST
  1

  9
$DIMAPOST
  1

  9
$DIMALT
 70
    0
  9
$DIMALTD
 70
    3
  9
$DIMALTF
 40
0.03937
  9
$DIMLFAC
 40
1
  9
$DIMTOFL
 70
    1
  9
$DIMTVP
 40
0
  9
$DIMTIX
 70
    0
  9
$DIMSOXD
 70
    0
  9
$DIMSAH
 70
    0
  9
$DIMBLK1
  1

  9
$DIMBLK2
  1

  9
$DIMSTYLE
  2
STANDARD
  9
$DIMCLRD
 70
   96
  9
$DIMCLRE
 70
    0
  9
$DIMCLRT
 70
    0
  9
$DIMTFAC
 40
1
  9
$DIMGAP
 40
1
  9
$DIMJUST
 70
    0
  9
$DIMSD1
 70
    0
  9
$DIMSD2
 70
    0
  9
$DIMTOLJ
 70
    0
  9
$DIMTZIN
 70
    8
  9
$DIMALTZ
 70
    0
  9
$DIMALTTZ
 70
    0
  9
$DIMUPT
 70
    0
  9
$DIMDEC
 70
    1
  9
$DIMTDEC
 70
    2
  9
$DIMALTU
 70
    2
  9
$DIMALTTD
 70
    3
  9
$DIMTXSTY
  7
standard
  9
$DIMAUNIT
 70
    0
  9
$DIMADEC
 70
    2
  9
$DIMALTRND
 40
0
  9
$DIMAZIN
 70
    0
  9
$DIMDSEP
 70
    0
  9
$DIMATFIT
 70
    3
  9
$DIMFRAC
 70
    0
  9
$DIMLDRBLK
  1
STANDARD
  9
$DIMLUNIT
 70
    2
  9
$DIMLWD
 70
   -2
  9
$DIMLWE
 70
   -2
  9
$DIMTMOVE
 70
    0
  9
$DIMFXL
 40
1
  9
$DIMFXLON
 70
    0
  9
$DIMJOGANG
 40
0.7854
  9
$DIMTFILL
 70
    0
  9
$DIMTFILLCLR
 70
    0
  9
$DIMARCSYM
 70
    0
  9
$DIMLTYPE
  6

  9
$DIMLTEX1
  6

  9
$DIMLTEX2
  6

  9
$LUNITS
 70
    2
  9
$LUPREC
 70
    0
  9
$SKETCHINC
 40
1
  9
$FILLETRAD
 40
0
  9
$AUNITS
 70
    0
  9
$AUPREC
 70
    2
  9
$MENU
  1
.
  9
$ELEVATION
 40
0
  9
$PELEVATION
 40
0
  9
$THICKNESS
 40
0
  9
$LIMCHECK
 70
    0
  9
$CHAMFERA
 40
0
  9
$CHAMFERB
 40
0
  9
$CHAMFERC
 40
0
  9
$CHAMFERD
 40
0
  9
$SKPOLY
 70
    0
  9
$USRTIMER
 70
    1
  9
$ANGBASE
 50
0
  9
$ANGDIR
 70
    0
  9
$PDMODE
 70
   34
  9
$PDSIZE
 40
0
  9
$PLINEWID
 40
0
  9
$SPLFRAME
 70
    0
  9
$SPLINETYPE
 70
    2
  9
$SPLINESEGS
 70
    8
  9
$HANDSEED
  5
20000
  9
$SURFTAB1
 70
    6
  9
$SURFTAB2
 70
    6
  9
$SURFTYPE
 70
    6
  9
$SURFU
 70
    6
  9
$SURFV
 70
    6
  9
$UCSBASE
  2

  9
$UCSNAME
  2

  9
$UCSORG
 10
0
 20
0
 30
0
  9
$UCSXDIR
 10
1
 20
0
 30
0
  9
$UCSYDIR
 10
0
 20
1
 30
0
  9
$UCSORTHOREF
  2

  9
$UCSORTHOVIEW
 70
    0
  9
$UCSORGTOP
 10
0
 20
0
 30
0
  9
$UCSORGBOTTOM
 10
0
 20
0
 30
0
  9
$UCSORGLEFT
 10
0
 20
0
 30
0
  9
$UCSORGRIGHT
 10
0
 20
0
 30
0
  9
$UCSORGFRONT
 10
0
 20
0
 30
0
  9
$UCSORGBACK
 10
0
 20
0
 30
0
  9
$PUCSBASE
  2

  9
$PUCSNAME
  2

  9
$PUCSORG
 10
0
 20
0
 30
0
  9
$PUCSXDIR
 10
1
 20
0
 30
0
  9
$PUCSYDIR
 10
0
 20
1
 30
0
  9
$PUCSORTHOREF
  2

  9
$PUCSORTHOVIEW
 70
    0
  9
$PUCSORGTOP
 10
0
 20
0
 30
0
  9
$PUCSORGBOTTOM
 10
0
 20
0
 30
0
  9
$PUCSORGLEFT
 10
0
 20
0
 30
0
  9
$PUCSORGRIGHT
 10
0
 20
0
 30
0
  9
$PUCSORGFRONT
 10
0
 20
0
 30
0
  9
$PUCSORGBACK
 10
0
 20
0
 30
0
  9
$USERI1
 70
    0
  9
$USERI2
 70
    0
  9
$USERI3
 70
    0
  9
$USERI4
 70
    0
  9
$USERI5
 70
    0
  9
$USERR1
 40
0
  9
$USERR2
 40
0
  9
$USERR3
 40
0
  9
$USERR4
 40
0
  9
$USERR5
 40
0
  9
$WORLDVIEW
 70
    1
  9
$SHADEDGE
 70
    3
  9
$SHADEDIF
 70
   70
  9
$TILEMODE
 70
    1
  9
$MAXACTVP
 70
   64
  9
$PINSBASE
 10
0
 20
0
 30
0
  9
$PLIMCHECK
 70
    0
  9
$PEXTMIN
 10
0
 20
0
 30
0
  9
$PEXTMAX
 10
0
 20
0
 30
0
  9
$GRIDMODE
 70
    1
  9
$SNAPSTYLE
 70
    0
  9
$GRIDUNIT
 10
0
 20
0
  9
$PLIMMIN
 10
0
 20
0
  9
$PLIMMAX
 10
210
 20
297
  9
$UNITMODE
 70
    0
  9
$VISRETAIN
 70
    1
  9
$PLINEGEN
 70
    0
  9
$PSLTSCALE
 70
    1
  9
$TREEDEPTH
 70
 3020
  9
$CMLSTYLE
  2
Standard
  9
$CMLJUST
 70
    0
  9
$CMLSCALE
 40
20
  9
$PROXYGRAPHICS
 70
    1
  9
$MEASUREMENT
 70
    1
  9
$CELWEIGHT
370
   -1
  9
$ENDCAPS
280
    0
  9
$JOINSTYLE
280
    0
  9
$LWDISPLAY
290
    0
  9
$INSUNITS
 70
    4
  9
$HYPERLINKBASE
  1

  9
$STYLESHEET
  1

  9
$XEDIT
290
    1
  9
$CEPSNTYPE
380
    0
  9
$PSTYLEMODE
290
    1
  9
$EXTNAMES
290
    1
  9
$PSVPSCALE
 40
1
  9
$OLESTARTUP
290
    0
  9
$SORTENTS
280
  127
  9
$INDEXCTL
280
    0
  9
$HIDETEXT
280
    1
  9
$XCLIPFRAME
290
    0
  9
$HALOGAP
280
    0
  9
$OBSCOLOR
 70
  257
  9
$OBSLTYPE
280
    0
  9
$INTERSECTIONDISPLAY
280
    0
  9
$INTERSECTIONCOLOR
 70
  257
  9
$DIMASSOC
280
    1
  9
$PROJECTNAME
  1

  9
$CAMERADISPLAY
290
    0
  9
$LENSLENGTH
 40
50
  9
$CAMERAHEIGHT
 40
0
  9
$STEPSPERSEC
 40
2
  9
$STEPSIZE
 40
50
  9
$3DDWFPREC
 40
2
  9
$PSOLWIDTH
 40
5
  9
$PSOLHEIGHT
 40
80
  9
$LOFTANG1
 40
1.570796326794897
  9
$LOFTANG2
 40
1.570796326794897
  9
$LOFTMAG1
 40
0
  9
$LOFTMAG2
 40
0
  9
$LOFTPARAM
 70
    7
  9
$LOFTNORMALS
280
    1
  9
$LATITUDE
 40
1
  9
$LONGITUDE
 40
1
  9
$NORTHDIRECTION
 40
0
  9
$TIMEZONE
 70
-8000
  9
$LIGHTGLYPHDISPLAY
280
    1
  9
$TILEMODELIGHTSYNCH
280
    1
  9
$SOLIDHIST
280
    1
  9
$SHOWHIST
280
    1
  9
$DWFFRAME
280
    2
  9
$DGNFRAME
280
    0
  9
$REALWORLDSCALE
290
    1
  9
$INTERFERECOLOR
 62
    1
  9
$CSHADOW
280
    0
  9
$SHADOWPLANELOCATION
 40
0
  0
ENDSEC
  0
SECTION
  2
CLASSES
  0
ENDSEC
  0
SECTION
  2
TABLES
  0
TABLE
  2
VPORT
  5
8
330
0
100
AcDbSymbolTable
 70
    1
  0
VPORT
  5
31
330
2
100
AcDbSymbolTableRecord
100
AcDbViewportTableRecord
  2
*ACTIVE
 70
    0
 10
0
 20
0
 11
1
 21
1
 12
182.4595266695468
 22
159.3334189978577
 13
0
 23
0
 14
10
 24
10
 15
10
 25
10
 16
0
 26
0
 36
1
 17
0
 27
0
 37
0
 40
320.1236006836959
 41
1.552901023890785
 42
50
 43
0
 44
0
 50
0
 51
0
 71
    0
 72
  100
 73
    1
 74
    3
 75
    0
 76
    1
 77
    0
 78
    0
281
    0
 65
    1
110
0
120
0
130
0
111
1
121
0
131
0
112
0
122
1
132
0
 79
    0
146
0
348
10020
 60
    7
 61
    5
292
1
282
    1
141
0
142
0
 63
  250
421
3358443
  0
ENDTAB
  0
TABLE
  2
LTYPE
  5
5
330
0
100
AcDbSymbolTable
 70
    4
  0
LTYPE
  5
14
330
5
100
AcDbSymbolTableRecord
100
AcDbLinetypeTableRecord
  2
ByBlock
 70
    0
  3

 72
   65
 73
    0
 40
0
  0
LTYPE
  5
15
330
5
100
AcDbSymbolTableRecord
100
AcDbLinetypeTableRecord
  2
ByLayer
 70
    0
  3

 72
   65
 73
    0
 40
0
  0
LTYPE
  5
16
330
5
100
AcDbSymbolTableRecord
100
AcDbLinetypeTableRecord
  2
Continuous
 70
    0
  3
Solid line
 72
   65
 73
    0
 40
0
  0
LTYPE
  5
32
330
5
100
AcDbSymbolTableRecord
100
AcDbLinetypeTableRecord
  2
DOT
 70
    0
  3
Dot . . . . . . . . . . . . . . . . . . . . . .
 72
   65
 73
    2
 40
6.35
 49
0
 74
    0
 49
-6.35
 74
    0
  0
LTYPE
  5
33
330
5
100
AcDbSymbolTableRecord
100
AcDbLinetypeTableRecord
  2
DOTTINY
 70
    0
  3
Dot (.15x) .....................................
 72
   65
 73
    2
 40
0.9525
 49
0
 74
    0
 49
-0.9525
 74
    0
  0
LTYPE
  5
34
330
5
100
AcDbSymbolTableRecord
100
AcDbLinetypeTableRecord
  2
DOT2
 70
    0
  3
Dot (.5x) .....................................
 72
   65
 73
    2
 40
3.175
 49
0
 74
    0
 49
-3.175
 74
    0
  0
LTYPE
  5
35
330
5
100
AcDbSymbolTableRecord
100
AcDbLinetypeTableRecord
  2
DOTX2
 70
    0
  3
Dot (2x) .  .  .  .  .  .  .  .  .  .  .  .  .
 72
   65
 73
    2
 40
12.7
 49
0
 74
    0
 49
-12.7
 74
    0
  0
LTYPE
  5
36
330
5
100
AcDbSymbolTableRecord
100
AcDbLinetypeTableRecord
  2
DASHED
 70
    0
  3
Dashed _ _ _ _ _ _ _ _ _ _ _ _ _ _ _ _ _
 72
   65
 73
    2
 40
19.05
 49
12.7
 74
    0
 49
-6.35
 74
    0
  0
LTYPE
  5
37
330
5
100
AcDbSymbolTableRecord
100
AcDbLinetypeTableRecord
  2
DASHEDTINY
 70
    0
  3
Dashed (.15x) _ _ _ _ _ _ _ _ _ _ _ _ _ _ _ _ _
 72
   65
 73
    2
 40
2.8575
 49
1.905
 74
    0
 49
-0.9525
 74
    0
  0
LTYPE
  5
38
330
5
100
AcDbSymbolTableRecord
100
AcDbLinetypeTableRecord
  2
DASHED2
 70
    0
  3
Dashed (.5x) _ _ _ _ _ _ _ _ _ _ _ _ _ _ _ _ _
 72
   65
 73
    2
 40
9.524999999999999
 49
6.35
 74
    0
 49
-3.175
 74
    0
  0
LTYPE
  5
39
330
5
100
AcDbSymbolTableRecord
100
AcDbLinetypeTableRecord
  2
DASHEDX2
 70
    0
  3
Dashed (2x) ____  ____  ____  ____  ____  ___
 72
   65
 73
    2
 40
38.09999999999999
 49
25.4
 74
    0
 49
-12.7
 74
    0
  0
LTYPE
  5
3A
330
5
100
AcDbSymbolTableRecord
100
AcDbLinetypeTableRecord
  2
DASHDOT
 70
    0
  3
Dash dot __ . __ . __ . __ . __ . __ . __ . __
 72
   65
 73
    4
 40
25.4
 49
12.7
 74
    0
 49
-6.35
 74
    0
 49
0
 74
    0
 49
-6.35
 74
    0
  0
LTYPE
  5
3B
330
5
100
AcDbSymbolTableRecord
100
AcDbLinetypeTableRecord
  2
DASHDOTTINY
 70
    0
  3
Dash dot (.15x) _._._._._._._._._._._._._._._.
 72
   65
 73
    4
 40
3.81
 49
1.905
 74
    0
 49
-0.9525
 74
    0
 49
0
 74
    0
 49
-0.9525
 74
    0
  0
LTYPE
  5
3C
330
5
100
AcDbSymbolTableRecord
100
AcDbLinetypeTableRecord
  2
DASHDOT2
 70
    0
  3
Dash dot (.5x) _._._._._._._._._._._._._._._.
 72
   65
 73
    4
 40
12.7
 49
6.35
 74
    0
 49
-3.175
 74
    0
 49
0
 74
    0
 49
-3.175
 74
    0
  0
LTYPE
  5
3D
330
5
100
AcDbSymbolTableRecord
100
AcDbLinetypeTableRecord
  2
DASHDOTX2
 70
    0
  3
Dash dot (2x) ____  .  ____  .  ____  .  ___
 72
   65
 73
    4
 40
50.8
 49
25.4
 74
    0
 49
-12.7
 74
    0
 49
0
 74
    0
 49
-12.7
 74
    0
  0
LTYPE
  5
3E
330
5
100
AcDbSymbolTableRecord
100
AcDbLinetypeTableRecord
  2
DIVIDE
 70
    0
  3
Divide ____ . . ____ . . ____ . . ____ . . ____
 72
   65
 73
    6
 40
31.75
 49
12.7
 74
    0
 49
-6.35
 74
    0
 49
0
 74
    0
 49
-6.35
 74
    0
 49
0
 74
    0
 49
-6.35
 74
    0
  0
LTYPE
  5
3F
330
5
100
AcDbSymbolTableRecord
100
AcDbLinetypeTableRecord
  2
DIVIDETINY
 70
    0
  3
Divide (.15x) __..__..__..__..__..__..__..__.._
 72
   65
 73
    6
 40
4.7625
 49
1.905
 74
    0
 49
-0.9525
 74
    0
 49
0
 74
    0
 49
-0.9525
 74
    0
 49
0
 74
    0
 49
-0.9525
 74
    0
  0
LTYPE
  5
40
330
5
100
AcDbSymbolTableRecord
100
AcDbLinetypeTableRecord
  2
DIVIDE2
 70
    0
  3
Divide (.5x) __..__..__..__..__..__..__..__.._
 72
   65
 73
    6
 40
15.875
 49
6.35
 74
    0
 49
-3.175
 74
    0
 49
0
 74
    0
 49
-3.175
 74
    0
 49
0
 74
    0
 49
-3.175
 74
    0
  0
LTYPE
  5
41
330
5
100
AcDbSymbolTableRecord
100
AcDbLinetypeTableRecord
  2
DIVIDEX2
 70
    0
  3
Divide (2x) ________  .  .  ________  .  .  _
 72
   65
 73
    6
 40
63.5
 49
25.4
 74
    0
 49
-12.7
 74
    0
 49
0
 74
    0
 49
-12.7
 74
    0
 49
0
 74
    0
 49
-12.7
 74
    0
  0
LTYPE
  5
42
330
5
100
AcDbSymbolTableRecord
100
AcDbLinetypeTableRecord
  2
BORDER
 70
    0
  3
Border __ __ . __ __ . __ __ . __ __ . __ __ .
 72
   65
 73
    6
 40
44.45
 49
12.7
 74
    0
 49
-6.35
 74
    0
 49
12.7
 74
    0
 49
-6.35
 74
    0
 49
0
 74
    0
 49
-6.35
 74
    0
  0
LTYPE
  5
43
330
5
100
AcDbSymbolTableRecord
100
AcDbLinetypeTableRecord
  2
BORDERTINY
 70
    0
  3
Border (.15x) __.__.__.__.__.__.__.__.__.__.__.
 72
   65
 73
    6
 40
6.6675
 49
1.905
 74
    0
 49
-0.9525
 74
    0
 49
1.905
 74
    0
 49
-0.9525
 74
    0
 49
0
 74
    0
 49
-0.9525
 74
    0
  0
LTYPE
  5
44
330
5
100
AcDbSymbolTableRecord
100
AcDbLinetypeTableRecord
  2
BORDER2
 70
    0
  3
Border (.5x) __.__.__.__.__.__.__.__.__.__.__.
 72
   65
 73
    6
 40
22.225
 49
6.35
 74
    0
 49
-3.175
 74
    0
 49
6.35
 74
    0
 49
-3.175
 74
    0
 49
0
 74
    0
 49
-3.175
 74
    0
  0
LTYPE
  5
45
330
5
100
AcDbSymbolTableRecord
100
AcDbLinetypeTableRecord
  2
BORDERX2
 70
    0
  3
Border (2x) ____  ____  .  ____  ____  .  ___
 72
   65
 73
    6
 40
88.89999999999999
 49
25.4
 74
    0
 49
-12.7
 74
    0
 49
25.4
 74
    0
 49
-12.7
 74
    0
 49
0
 74
    0
 49
-12.7
 74
    0
  0
LTYPE
  5
46
330
5
100
AcDbSymbolTableRecord
100
AcDbLinetypeTableRecord
  2
CENTER
 70
    0
  3
Center ____ _ ____ _ ____ _ ____ _ ____ _ ____
 72
   65
 73
    4
 40
50.8
 49
31.75
 74
    0
 49
-6.35
 74
    0
 49
6.35
 74
    0
 49
-6.35
 74
    0
  0
LTYPE
  5
47
330
5
100
AcDbSymbolTableRecord
100
AcDbLinetypeTableRecord
  2
CENTERTINY
 70
    0
  3
Center (.15x) ___ _ ___ _ ___ _ ___ _ ___ _ ___
 72
   65
 73
    4
 40
7.62
 49
4.7625
 74
    0
 49
-0.9525
 74
    0
 49
0.9525
 74
    0
 49
-0.9525
 74
    0
  0
LTYPE
  5
48
330
5
100
AcDbSymbolTableRecord
100
AcDbLinetypeTableRecord
  2
CENTER2
 70
    0
  3
Center (.5x) ___ _ ___ _ ___ _ ___ _ ___ _ ___
 72
   65
 73
    4
 40
28.575
 49
19.05
 74
    0
 49
-3.175
 74
    0
 49
3.175
 74
    0
 49
-3.175
 74
    0
  0
LTYPE
  5
49
330
5
100
AcDbSymbolTableRecord
100
AcDbLinetypeTableRecord
  2
CENTERX2
 70
    0
  3
Center (2x) ________  __  ________  __  _____
 72
   65
 73
    4
 40
101.6
 49
63.5
 74
    0
 49
-12.7
 74
    0
 49
12.7
 74
    0
 49
-12.7
 74
    0
  0
ENDTAB
  0
TABLE
  2
LAYER
  5
2
330
0
100
AcDbSymbolTable
 70
    1
  0
LAYER
  5
10
330
2
100
AcDbSymbolTableRecord
100
AcDbLayerTableRecord
  2
0
 70
    0
 62
    7
  6
CONTINUOUS
370
    0
390
F
  0
LAYER
  5
4A
330
2
100
AcDbSymbolTableRecord
100
AcDbLayerTableRecord
  2
00. титульный
 70
    0
 62
    7
  6
CONTINUOUS
370
    0
390
F
  0
LAYER
  5
4B
330
2
100
AcDbSymbolTableRecord
100
AcDbLayerTableRecord
  2
00. эскиз
 70
    1
 62
    7
  6
CONTINUOUS
370
    0
390
F
  0
LAYER
  5
4C
330
2
100
AcDbSymbolTableRecord
100
AcDbLayerTableRecord
  2
01. основание
 70
    1
 62
    7
  6
CONTINUOUS
370
    0
390
F
  0
LAYER
  5
4D
330
2
100
AcDbSymbolTableRecord
100
AcDbLayerTableRecord
  2
011. соединительные дорожки
 70
    1
 62
    7
  6
CONTINUOUS
370
    0
390
F
  0
LAYER
  5
4E
330
2
100
AcDbSymbolTableRecord
100
AcDbLayerTableRecord
  2
012. основание размеры
 70
    1
 62
    7
  6
CONTINUOUS
370
    0
390
F
  0
LAYER
  5
4F
330
2
100
AcDbSymbolTableRecord
100
AcDbLayerTableRecord
  2
02. держатель
 70
    1
 62
    7
  6
CONTINUOUS
370
    0
390
F
  0
LAYER
  5
50
330
2
100
AcDbSymbolTableRecord
100
AcDbLayerTableRecord
  2
021. динамик
 70
    1
 62
    7
  6
CONTINUOUS
370
    0
390
F
  0
LAYER
  5
51
330
2
100
AcDbSymbolTableRecord
100
AcDbLayerTableRecord
  2
03. сборочный чертеж
 70
    1
 62
    7
  6
CONTINUOUS
370
    0
390
F
  0
LAYER
  5
52
330
2
100
AcDbSymbolTableRecord
100
AcDbLayerTableRecord
  2
032. элементы
 70
    1
 62
    7
  6
CONTINUOUS
370
    0
390
F
  0
LAYER
  5
53
330
2
100
AcDbSymbolTableRecord
100
AcDbLayerTableRecord
  2
033. схема соединений
 70
    1
 62
    7
  6
CONTINUOUS
370
    0
390
F
  0
LAYER
  5
54
330
2
100
AcDbSymbolTableRecord
100
AcDbLayerTableRecord
  2
04. спецификация
 70
    1
 62
    7
  6
CONTINUOUS
370
    0
390
F
  0
LAYER
  5
55
330
2
100
AcDbSymbolTableRecord
100
AcDbLayerTableRecord
  2
штамп A4 альбомный
 70
    5
 62
    7
  6
CONTINUOUS
370
    0
390
F
  0
LAYER
  5
56
330
2
100
AcDbSymbolTableRecord
100
AcDbLayerTableRecord
  2
штамп А4 книжный
 70
    5
 62
    7
  6
CONTINUOUS
370
    0
390
F
  0
LAYER
  5
57
330
2
100
AcDbSymbolTableRecord
100
AcDbLayerTableRecord
  2
штамп А4 спецификация
 70
    5
 62
    7
  6
CONTINUOUS
370
    0
390
F
  0
LAYER
  5
58
330
2
100
AcDbSymbolTableRecord
100
AcDbLayerTableRecord
  2
штамп А4 титул
 70
    4
 62
    7
  6
CONTINUOUS
370
    0
390
F
  0
ENDTAB
  0
TABLE
  2
STYLE
  5
3
330
0
100
AcDbSymbolTable
 70
    3
  0
STYLE
  5
59
330
2
100
AcDbSymbolTableRecord
100
AcDbTextStyleTableRecord
  2
unicode
 70
    0
 40
0
 41
1
 50
0
 71
    0
 42
1
  3
unicode
  4

  0
STYLE
  5
5A
330
2
100
AcDbSymbolTableRecord
100
AcDbTextStyleTableRecord
  2
cyrillic_ii
 70
    0
 40
0
 41
1
 50
0
 71
    0
 42
1
  3
cyrillic_ii
  4

  0
STYLE
  5
5B
330
2
100
AcDbSymbolTableRecord
100
AcDbTextStyleTableRecord
  2
Standard
 70
    0
 40
0
 41
1
 50
0
 71
    0
 42
1
  3
txt
  4

  0
ENDTAB
  0
TABLE
  2
VIEW
  5
6
330
0
100
AcDbSymbolTable
 70
    0
  0
ENDTAB
  0
TABLE
  2
UCS
  5
7
330
0
100
AcDbSymbolTable
 70
    0
  0
ENDTAB
  0
TABLE
  2
APPID
  5
9
330
0
100
AcDbSymbolTable
 70
    1
  0
APPID
  5
12
330
9
100
AcDbSymbolTableRecord
100
AcDbRegAppTableRecord
  2
ACAD
 70
    0
  0
APPID
  5
5C
330
9
100
AcDbSymbolTableRecord
100
AcDbRegAppTableRecord
  2
LibreCad
 70
    0
  0
ENDTAB
  0
TABLE
  2
DIMSTYLE
  5
A
330
0
100
AcDbSymbolTable
 70
    1
100
AcDbDimStyleTable
 71
    1
  0
DIMSTYLE
105
5D
330
A
100
AcDbSymbolTableRecord
100
AcDbDimStyleTableRecord
  2
Standard
 70
    0
 40
1
 41
2.5
 42
0.625
 43
0.38
 44
1.25
 45
0
 46
0
 47
0
 48
0
 49
1
140
2.5
141
0.09
142
0
143
25.4
144
1
145
0
146
1
147
1
148
0
 71
    0
 72
    0
 73
    0
 74
    1
 75
    0
 76
    0
 77
    0
 78
    1
 79
    0
170
    0
171
    2
172
    0
173
    0
174
    0
175
    0
176
   96
177
    0
178
    0
179
    2
271
    1
272
    4
273
    2
274
    2
275
    0
276
    0
277
    2
278
    0
279
    0
280
    0
281
    0
282
    0
283
    1
284
    0
285
    0
286
    0
288
    0
289
    3
340
standard
341

371
   -2
372
   -2
  0
ENDTAB
  0
TABLE
  2
BLOCK_RECORD
  5
1
330
0
100
AcDbSymbolTable
 70
    2
  0
BLOCK_RECORD
  5
1F
330
1
100
AcDbSymbolTableRecord
100
AcDbBlockTableRecord
  2
*Model_Space
 70
    0
280
    1
281
    0
  0
BLOCK_RECORD
  5
1E
330
1
100
AcDbSymbolTableRecord
100
AcDbBlockTableRecord
  2
*Paper_Space
 70
    0
280
    1
281
    0
  0
BLOCK_RECORD
  5
5E
330
1
100
AcDbSymbolTableRecord
100
AcDbBlockTableRecord
  2
*D36
 70
    0
280
    1
281
    0
  0
BLOCK_RECORD
  5
61
330
1
100
AcDbSymbolTableRecord
100
AcDbBlockTableRecord
  2
*D13
 70
    0
280
    1
281
    0
  0
BLOCK_RECORD
  5
64
330
1
100
AcDbSymbolTableRecord
100
AcDbBlockTableRecord
  2
*D14
 70
    0
280
    1
281
    0
  0
BLOCK_RECORD
  5
67
330
1
100
AcDbSymbolTableRecord
100
AcDbBlockTableRecord
  2
*D30
 70
    0
280
    1
281
    0
  0
BLOCK_RECORD
  5
6A
330
1
100
AcDbSymbolTableRecord
100
AcDbBlockTableRecord
  2
*D6
 70
    0
280
    1
281
    0
  0
BLOCK_RECORD
  5
6D
330
1
100
AcDbSymbolTableRecord
100
AcDbBlockTableRecord
  2
*D5
 70
    0
280
    1
281
    0
  0
BLOCK_RECORD
  5
70
330
1
100
AcDbSymbolTableRecord
100
AcDbBlockTableRecord
  2
*D1
 70
    0
280
    1
281
    0
  0
BLOCK_RECORD
  5
73
330
1
100
AcDbSymbolTableRecord
100
AcDbBlockTableRecord
  2
*D9
 70
    0
280
    1
281
    0
  0
BLOCK_RECORD
  5
76
330
1
100
AcDbSymbolTableRecord
100
AcDbBlockTableRecord
  2
*D32
 70
    0
280
    1
281
    0
  0
BLOCK_RECORD
  5
79
330
1
100
AcDbSymbolTableRecord
100
AcDbBlockTableRecord
  2
*D23
 70
    0
280
    1
281
    0
  0
BLOCK_RECORD
  5
7C
330
1
100
AcDbSymbolTableRecord
100
AcDbBlockTableRecord
  2
*D22
 70
    0
280
    1
281
    0
  0
BLOCK_RECORD
  5
7F
330
1
100
AcDbSymbolTableRecord
100
AcDbBlockTableRecord
  2
*D16
 70
    0
280
    1
281
    0
  0
BLOCK_RECORD
  5
82
330
1
100
AcDbSymbolTableRecord
100
AcDbBlockTableRecord
  2
*D42
 70
    0
280
    1
281
    0
  0
BLOCK_RECORD
  5
85
330
1
100
AcDbSymbolTableRecord
100
AcDbBlockTableRecord
  2
*D17
 70
    0
280
    1
281
    0
  0
BLOCK_RECORD
  5
88
330
1
100
AcDbSymbolTableRecord
100
AcDbBlockTableRecord
  2
*D2
 70
    0
280
    1
281
    0
  0
BLOCK_RECORD
  5
8B
330
1
100
AcDbSymbolTableRecord
100
AcDbBlockTableRecord
  2
*D15
 70
    0
280
    1
281
    0
  0
BLOCK_RECORD
  5
8E
330
1
100
AcDbSymbolTableRecord
100
AcDbBlockTableRecord
  2
*D44
 70
    0
280
    1
281
    0
  0
BLOCK_RECORD
  5
91
330
1
100
AcDbSymbolTableRecord
100
AcDbBlockTableRecord
  2
*D28
 70
    0
280
    1
281
    0
  0
BLOCK_RECORD
  5
94
330
1
100
AcDbSymbolTableRecord
100
AcDbBlockTableRecord
  2
*D43
 70
    0
280
    1
281
    0
  0
BLOCK_RECORD
  5
97
330
1
100
AcDbSymbolTableRecord
100
AcDbBlockTableRecord
  2
*D21
 70
    0
280
    1
281
    0
  0
BLOCK_RECORD
  5
9A
330
1
100
AcDbSymbolTableRecord
100
AcDbBlockTableRecord
  2
*D34
 70
    0
280
    1
281
    0
  0
BLOCK_RECORD
  5
9D
330
1
100
AcDbSymbolTableRecord
100
AcDbBlockTableRecord
  2
*D46
 70
    0
280
    1
281
    0
  0
BLOCK_RECORD
  5
A0
330
1
100
AcDbSymbolTableRecord
100
AcDbBlockTableRecord
  2
*D10
 70
    0
280
    1
281
    0
  0
BLOCK_RECORD
  5
A3
330
1
100
AcDbSymbolTableRecord
100
AcDbBlockTableRecord
  2
*D27
 70
    0
280
    1
281
    0
  0
BLOCK_RECORD
  5
A6
330
1
100
AcDbSymbolTableRecord
100
AcDbBlockTableRecord
  2
*D35
 70
    0
280
    1
281
    0
  0
BLOCK_RECORD
  5
A9
330
1
100
AcDbSymbolTableRecord
100
AcDbBlockTableRecord
  2
*D24
 70
    0
280
    1
281
    0
  0
BLOCK_RECORD
  5
AC
330
1
100
AcDbSymbolTableRecord
100
AcDbBlockTableRecord
  2
*D7
 70
    0
280
    1
281
    0
  0
BLOCK_RECORD
  5
AF
330
1
100
AcDbSymbolTableRecord
100
AcDbBlockTableRecord
  2
*D12
 70
    0
280
    1
281
    0
  0
BLOCK_RECORD
  5
B2
330
1
100
AcDbSymbolTableRecord
100
AcDbBlockTableRecord
  2
*D45
 70
    0
280
    1
281
    0
  0
BLOCK_RECORD
  5
B5
330
1
100
AcDbSymbolTableRecord
100
AcDbBlockTableRecord
  2
*D4
 70
    0
280
    1
281
    0
  0
BLOCK_RECORD
  5
B8
330
1
100
AcDbSymbolTableRecord
100
AcDbBlockTableRecord
  2
*D40
 70
    0
280
    1
281
    0
  0
BLOCK_RECORD
  5
BB
330
1
100
AcDbSymbolTableRecord
100
AcDbBlockTableRecord
  2
*D31
 70
    0
280
    1
281
    0
  0
BLOCK_RECORD
  5
BE
330
1
100
AcDbSymbolTableRecord
100
AcDbBlockTableRecord
  2
*D19
 70
    0
280
    1
281
    0
  0
BLOCK_RECORD
  5
C1
330
1
100
AcDbSymbolTableRecord
100
AcDbBlockTableRecord
  2
*D37
 70
    0
280
    1
281
    0
  0
BLOCK_RECORD
  5
C4
330
1
100
AcDbSymbolTableRecord
100
AcDbBlockTableRecord
  2
*D11
 70
    0
280
    1
281
    0
  0
BLOCK_RECORD
  5
C7
330
1
100
AcDbSymbolTableRecord
100
AcDbBlockTableRecord
  2
*D33
 70
    0
280
    1
281
    0
  0
BLOCK_RECORD
  5
CA
330
1
100
AcDbSymbolTableRecord
100
AcDbBlockTableRecord
  2
*D3
 70
    0
280
    1
281
    0
  0
BLOCK_RECORD
  5
CD
330
1
100
AcDbSymbolTableRecord
100
AcDbBlockTableRecord
  2
*D39
 70
    0
280
    1
281
    0
  0
BLOCK_RECORD
  5
D0
330
1
100
AcDbSymbolTableRecord
100
AcDbBlockTableRecord
  2
*D25
 70
    0
280
    1
281
    0
  0
BLOCK_RECORD
  5
D3
330
1
100
AcDbSymbolTableRecord
100
AcDbBlockTableRecord
  2
*D18
 70
    0
280
    1
281
    0
  0
BLOCK_RECORD
  5
D6
330
1
100
AcDbSymbolTableRecord
100
AcDbBlockTableRecord
  2
*D20
 70
    0
280
    1
281
    0
  0
BLOCK_RECORD
  5
D9
330
1
100
AcDbSymbolTableRecord
100
AcDbBlockTableRecord
  2
*D41
 70
    0
280
    1
281
    0
  0
BLOCK_RECORD
  5
DC
330
1
100
AcDbSymbolTableRecord
100
AcDbBlockTableRecord
  2
*D38
 70
    0
280
    1
281
    0
  0
BLOCK_RECORD
  5
DF
330
1
100
AcDbSymbolTableRecord
100
AcDbBlockTableRecord
  2
*D29
 70
    0
280
    1
281
    0
  0
BLOCK_RECORD
  5
E2
330
1
100
AcDbSymbolTableRecord
100
AcDbBlockTableRecord
  2
*D8
 70
    0
280
    1
281
    0
  0
BLOCK_RECORD
  5
E5
330
1
100
AcDbSymbolTableRecord
100
AcDbBlockTableRecord
  2
*D26
 70
    0
280
    1
281
    0
  0
BLOCK_RECORD
  5
E8
330
1
100
AcDbSymbolTableRecord
100
AcDbBlockTableRecord
  2
штамп А4 альбомный
 70
    0
280
    1
281
    0
  0
BLOCK_RECORD
  5
EB
330
1
100
AcDbSymbolTableRecord
100
AcDbBlockTableRecord
  2
штамп A4 книжный
 70
    0
280
    1
281
    0
  0
BLOCK_RECORD
  5
EE
330
1
100
AcDbSymbolTableRecord
100
AcDbBlockTableRecord
  2
штамп A4 спецификация
 70
    0
280
    1
281
    0
  0
BLOCK_RECORD
  5
F1
330
1
100
AcDbSymbolTableRecord
100
AcDbBlockTableRecord
  2
выключатель
 70
    0
280
    1
281
    0
  0
BLOCK_RECORD
  5
F4
330
1
100
AcDbSymbolTableRecord
100
AcDbBlockTableRecord
  2
штамп A4 титул
 70
    0
280
    1
281
    0
  0
ENDTAB
  0
ENDSEC
  0
SECTION
  2
BLOCKS
  0
BLOCK
  5
20
330
1F
100
AcDbEntity
  8
0
100
AcDbBlockBegin
  2
*Model_Space
 70
    0
 10
0
 20
0
 30
0
  3
*Model_Space
  1

  0
ENDBLK
  5
21
330
1F
100
AcDbEntity
  8
0
100
AcDbBlockEnd
  0
BLOCK
  5
1C
330
1B
100
AcDbEntity
  8
0
100
AcDbBlockBegin
  2
*Paper_Space
 70
    0
 10
0
 20
0
 30
0
  3
*Paper_Space
  1

  0
ENDBLK
  5
1D
330
1F
100
AcDbEntity
  8
0
100
AcDbBlockEnd
  0
BLOCK
  5
5F
330
5E
100
AcDbEntity
  8
0
100
AcDbBlockBegin
  2
*D36
 70
    1
 10
0
 20
0
  3
*D36
  1

  0
LINE
  5
F7
100
AcDbEntity
  8
012. основание размеры
  6
ByBlock
 62
   96
370
   -2
100
AcDbLine
 10
71.75962279246619
 20
169.1602514716893
 11
84.24037720753381
 21
160.8397485283107
  0
MTEXT
  5
F8
100
AcDbEntity
  8
012. основание размеры
  6
CONTINUOUS
 62
    0
370
   -2
100
AcDbMText
 10
79.24807544150678
 20
166.8721131622601
 30
0
 40
2.5
 41
3.888888888889044
 71
    5
 72
    1
  1
5.0
  7
standard
210
0
220
0
230
1
 50
326.3099324740198
 73
    2
 44
1
  0
SOLID
  5
F9
100
AcDbEntity
  8
012. основание размеры
  6
ByBlock
 62
   96
370
   -2
100
AcDbTrace
 10
75.9198742641554
 20
166.3867504905631
 30
0
 11
73.60883534695864
 21
167.427131209098
 31
0
 12
74.07066170966294
 22
168.1198707531544
 32
0
 13
74.07066170966294
 23
168.1198707531544
 33
0
  0
SOLID
  5
FA
100
AcDbEntity
  8
012. основание размеры
  6
ByBlock
 62
   96
370
   -2
100
AcDbTrace
 10
80.0801257358446
 20
163.6132495094369
 30
0
 11
82.39116465304136
 21
162.572868790902
 31
0
 12
81.92933829033706
 22
161.8801292468456
 32
0
 13
81.92933829033706
 23
161.8801292468456
 33
0
  0
ENDBLK
  5
60
330
5E
100
AcDbEntity
  8
0
100
AcDbBlockEnd
  0
BLOCK
  5
62
330
61
100
AcDbEntity
  8
0
100
AcDbBlockBegin
  2
*D13
 70
    1
 10
0
 20
0
  3
*D13
  1

  0
SOLID
  5
FB
100
AcDbEntity
  8
012. основание размеры
  6
ByBlock
 62
   96
370
   -2
100
AcDbTrace
 10
168.5355339059327
 20
121.4644660940673
 30
0
 11
170.5976585633142
 21
119.991056845516
 31
0
 12
170.008943154484
 22
119.4023414366858
 32
0
 13
170.008943154484
 23
119.4023414366858
 33
0
  0
LINE
  5
FC
100
AcDbEntity
  8
012. основание размеры
  6
ByBlock
 62
   96
370
   -2
100
AcDbLine
 10
165
 20
125
 11
174.8209275164799
 21
115.1790724835201
  0
MTEXT
  5
FD
100
AcDbEntity
  8
012. основание размеры
  6
CONTINUOUS
 62
    0
370
   -2
100
AcDbMText
 10
173.269220968876
 20
119.9127595464634
 30
0
 40
2.5
 41
3.888888888889044
 71
    5
 72
    1
  1
5.0
  7
standard
210
0
220
0
230
1
 50
315.0000000000001
 73
    2
 44
1
  0
ENDBLK
  5
63
330
61
100
AcDbEntity
  8
0
100
AcDbBlockEnd
  0
BLOCK
  5
65
330
64
100
AcDbEntity
  8
0
100
AcDbBlockBegin
  2
*D14
 70
    1
 10
0
 20
0
  3
*D14
  1

  0
LINE
  5
FE
100
AcDbEntity
  8
012. основание размеры
  6
ByBlock
 62
   96
370
   -2
100
AcDbLine
 10
50.00000000000001
 20
200
 11
50
 21
120
  0
MTEXT
  5
FF
100
AcDbEntity
  8
012. основание размеры
  6
CONTINUOUS
 62
    0
370
   -2
100
AcDbMText
 10
47.75
 20
160
 30
0
 40
2.5
 41
5.833333333333334
 71
    5
 72
    1
  1
80.0
  7
standard
210
0
220
0
230
1
 50
90
 73
    2
 44
1
  0
SOLID
  5
100
100
AcDbEntity
  8
012. основание размеры
  6
ByBlock
 62
   96
370
   -2
100
AcDbTrace
 10
50.00000000000001
 20
200
 30
0
 11
50.41628465777285
 21
197.5
 31
0
 12
49.58371534222717
 22
197.5
 32
0
 13
49.58371534222717
 23
197.5
 33
0
  0
SOLID
  5
101
100
AcDbEntity
  8
012. основание размеры
  6
ByBlock
 62
   96
370
   -2
100
AcDbTrace
 10
50
 20
120
 30
0
 11
49.58371534222716
 21
122.5
 31
0
 12
50.41628465777284
 22
122.5
 32
0
 13
50.41628465777284
 23
122.5
 33
0
  0
LINE
  5
102
100
AcDbEntity
  8
012. основание размеры
  6
ByBlock
 62
    0
370
   -2
100
AcDbLine
 10
74.37500000000001
 20
200
 11
48.75000000000001
 21
200
  0
LINE
  5
103
100
AcDbEntity
  8
012. основание размеры
  6
ByBlock
 62
    0
370
   -2
100
AcDbLine
 10
74.375
 20
120
 11
48.75
 21
120
  0
ENDBLK
  5
66
330
64
100
AcDbEntity
  8
0
100
AcDbBlockEnd
  0
BLOCK
  5
68
330
67
100
AcDbEntity
  8
0
100
AcDbBlockBegin
  2
*D30
 70
    1
 10
0
 20
0
  3
*D30
  1

  0
LINE
  5
104
100
AcDbEntity
  8
012. основание размеры
  6
ByBlock
 62
   96
370
   -2
100
AcDbLine
 10
50
 20
250
 11
50
 21
240
  0
MTEXT
  5
105
100
AcDbEntity
  8
012. основание размеры
  6
CONTINUOUS
 62
    0
370
   -2
100
AcDbMText
 10
47.75
 20
245
 30
0
 40
2.5
 41
5.277777777777779
 71
    5
 72
    1
  1
10.0
  7
standard
210
0
220
0
230
1
 50
90
 73
    2
 44
1
  0
SOLID
  5
106
100
AcDbEntity
  8
012. основание размеры
  6
ByBlock
 62
   96
370
   -2
100
AcDbTrace
 10
50
 20
250
 30
0
 11
50.41628465777284
 21
247.5
 31
0
 12
49.58371534222716
 22
247.5
 32
0
 13
49.58371534222716
 23
247.5
 33
0
  0
SOLID
  5
107
100
AcDbEntity
  8
012. основание размеры
  6
ByBlock
 62
   96
370
   -2
100
AcDbTrace
 10
50
 20
240
 30
0
 11
49.58371534222716
 21
242.5
 31
0
 12
50.41628465777284
 22
242.5
 32
0
 13
50.41628465777284
 23
242.5
 33
0
  0
LINE
  5
108
100
AcDbEntity
  8
012. основание размеры
  6
ByBlock
 62
    0
370
   -2
100
AcDbLine
 10
69.375
 20
250
 11
48.75
 21
250
  0
LINE
  5
109
100
AcDbEntity
  8
012. основание размеры
  6
ByBlock
 62
    0
370
   -2
100
AcDbLine
 10
69.375
 20
240
 11
48.75
 21
240
  0
ENDBLK
  5
69
330
67
100
AcDbEntity
  8
0
100
AcDbBlockEnd
  0
BLOCK
  5
6B
330
6A
100
AcDbEntity
  8
0
100
AcDbBlockBegin
  2
*D6
 70
    1
 10
0
 20
0
  3
*D6
  1

  0
LINE
  5
10A
100
AcDbEntity
  8
02. держатель
  6
ByBlock
 62
   96
370
   -2
100
AcDbLine
 10
100
 20
100
 11
115
 21
100
  0
MTEXT
  5
10B
100
AcDbEntity
  8
02. держатель
  6
CONTINUOUS
 62
    0
370
   -2
100
AcDbMText
 10
107.5
 20
102.25
 30
0
 40
2.5
 41
5.277777777777933
 71
    5
 72
    1
  1
15.0
  7
standard
210
0
220
0
230
1
 50
0
 73
    2
 44
1
  0
SOLID
  5
10C
100
AcDbEntity
  8
02. держатель
  6
ByBlock
 62
   96
370
   -2
100
AcDbTrace
 10
100
 20
100
 30
0
 11
102.5
 21
100.4162846577728
 31
0
 12
102.5
 22
99.58371534222717
 32
0
 13
102.5
 23
99.58371534222717
 33
0
  0
SOLID
  5
10D
100
AcDbEntity
  8
02. держатель
  6
ByBlock
 62
   96
370
   -2
100
AcDbTrace
 10
115
 20
100
 30
0
 11
112.5
 21
99.58371534222717
 31
0
 12
112.5
 22
100.4162846577728
 32
0
 13
112.5
 23
100.4162846577728
 33
0
  0
LINE
  5
10E
100
AcDbEntity
  8
02. держатель
  6
ByBlock
 62
    0
370
   -2
100
AcDbLine
 10
100
 20
109.375
 11
100
 21
98.75
  0
LINE
  5
10F
100
AcDbEntity
  8
02. держатель
  6
ByBlock
 62
    0
370
   -2
100
AcDbLine
 10
115
 20
109.375
 11
115
 21
98.75
  0
ENDBLK
  5
6C
330
6A
100
AcDbEntity
  8
0
100
AcDbBlockEnd
  0
BLOCK
  5
6E
330
6D
100
AcDbEntity
  8
0
100
AcDbBlockBegin
  2
*D5
 70
    1
 10
0
 20
0
  3
*D5
  1

  0
LINE
  5
110
100
AcDbEntity
  8
02. держатель
  6
ByBlock
 62
   96
370
   -2
100
AcDbLine
 10
90
 20
100
 11
100
 21
100
  0
MTEXT
  5
111
100
AcDbEntity
  8
02. держатель
  6
CONTINUOUS
 62
    0
370
   -2
100
AcDbMText
 10
95
 20
102.25
 30
0
 40
2.5
 41
5.277777777777779
 71
    5
 72
    1
  1
10.0
  7
standard
210
0
220
0
230
1
 50
0
 73
    2
 44
1
  0
SOLID
  5
112
100
AcDbEntity
  8
02. держатель
  6
ByBlock
 62
   96
370
   -2
100
AcDbTrace
 10
90
 20
100
 30
0
 11
92.5
 21
100.4162846577728
 31
0
 12
92.5
 22
99.58371534222717
 32
0
 13
92.5
 23
99.58371534222717
 33
0
  0
SOLID
  5
113
100
AcDbEntity
  8
02. держатель
  6
ByBlock
 62
   96
370
   -2
100
AcDbTrace
 10
100
 20
100
 30
0
 11
97.5
 21
99.58371534222717
 31
0
 12
97.5
 22
100.4162846577728
 32
0
 13
97.5
 23
100.4162846577728
 33
0
  0
LINE
  5
114
100
AcDbEntity
  8
02. держатель
  6
ByBlock
 62
    0
370
   -2
100
AcDbLine
 10
90
 20
109.375
 11
90
 21
98.75
  0
LINE
  5
115
100
AcDbEntity
  8
02. держатель
  6
ByBlock
 62
    0
370
   -2
100
AcDbLine
 10
100
 20
109.375
 11
100
 21
98.75
  0
ENDBLK
  5
6F
330
6D
100
AcDbEntity
  8
0
100
AcDbBlockEnd
  0
BLOCK
  5
71
330
70
100
AcDbEntity
  8
0
100
AcDbBlockBegin
  2
*D1
 70
    1
 10
0
 20
0
  3
*D1
  1

  0
LINE
  5
116
100
AcDbEntity
  8
02. держатель
  6
ByBlock
 62
   96
370
   -2
100
AcDbLine
 10
65
 20
250
 11
65
 21
230
  0
MTEXT
  5
117
100
AcDbEntity
  8
02. держатель
  6
CONTINUOUS
 62
    0
370
   -2
100
AcDbMText
 10
62.75
 20
240
 30
0
 40
2.5
 41
5.833333333333334
 71
    5
 72
    1
  1
20.0
  7
standard
210
0
220
0
230
1
 50
90
 73
    2
 44
1
  0
SOLID
  5
118
100
AcDbEntity
  8
02. держатель
  6
ByBlock
 62
   96
370
   -2
100
AcDbTrace
 10
65
 20
250
 30
0
 11
65.41628465777283
 21
247.5
 31
0
 12
64.58371534222717
 22
247.5
 32
0
 13
64.58371534222717
 23
247.5
 33
0
  0
SOLID
  5
119
100
AcDbEntity
  8
02. держатель
  6
ByBlock
 62
   96
370
   -2
100
AcDbTrace
 10
65
 20
230
 30
0
 11
64.58371534222717
 21
232.5
 31
0
 12
65.41628465777283
 22
232.5
 32
0
 13
65.41628465777283
 23
232.5
 33
0
  0
LINE
  5
11A
100
AcDbEntity
  8
02. держатель
  6
ByBlock
 62
    0
370
   -2
100
AcDbLine
 10
84.375
 20
250
 11
63.75
 21
250
  0
LINE
  5
11B
100
AcDbEntity
  8
02. держатель
  6
ByBlock
 62
    0
370
   -2
100
AcDbLine
 10
84.375
 20
230
 11
63.75
 21
230
  0
ENDBLK
  5
72
330
70
100
AcDbEntity
  8
0
100
AcDbBlockEnd
  0
BLOCK
  5
74
330
73
100
AcDbEntity
  8
0
100
AcDbBlockBegin
  2
*D9
 70
    1
 10
0
 20
0
  3
*D9
  1

  0
SOLID
  5
11C
100
AcDbEntity
  8
02. держатель
  6
ByBlock
 62
   96
370
   -2
100
AcDbTrace
 10
114.8
 20
129.6
 30
0
 11
113.0497707946637
 21
127.7669722737817
 31
0
 12
112.5502292053363
 22
128.4330277262183
 32
0
 13
112.5502292053363
 23
128.4330277262183
 33
0
  0
LINE
  5
11D
100
AcDbEntity
  8
02. держатель
  6
ByBlock
 62
   96
370
   -2
100
AcDbLine
 10
118
 20
132
 11
107.4666666666667
 21
124.1
  0
MTEXT
  5
11E
100
AcDbEntity
  8
02. держатель
  6
CONTINUOUS
 62
    0
370
   -2
100
AcDbMText
 10
109.7833333333333
 20
128.65
 30
0
 40
2.5
 41
4.166666666666667
 71
    5
 72
    1
  1
4.0
  7
standard
210
0
220
0
230
1
 50
36.86989764584407
 73
    2
 44
1
  0
ENDBLK
  5
75
330
73
100
AcDbEntity
  8
0
100
AcDbBlockEnd
  0
BLOCK
  5
77
330
76
100
AcDbEntity
  8
0
100
AcDbBlockBegin
  2
*D32
 70
    1
 10
0
 20
0
  3
*D32
  1

  0
LINE
  5
11F
100
AcDbEntity
  8
012. основание размеры
  6
ByBlock
 62
   96
370
   -2
100
AcDbLine
 10
65
 20
255
 11
65
 21
242
  0
MTEXT
  5
120
100
AcDbEntity
  8
012. основание размеры
  6
CONTINUOUS
 62
    0
370
   -2
100
AcDbMText
 10
62.75
 20
252.9444444444445
 30
0
 40
2.5
 41
3.888888888889044
 71
    5
 72
    1
  1
3.0
  7
standard
210
0
220
0
230
1
 50
90
 73
    2
 44
1
  0
SOLID
  5
121
100
AcDbEntity
  8
012. основание размеры
  6
ByBlock
 62
   96
370
   -2
100
AcDbTrace
 10
65
 20
250
 30
0
 11
64.58371534222717
 21
252.5
 31
0
 12
65.41628465777283
 22
252.5
 32
0
 13
65.41628465777283
 23
252.5
 33
0
  0
SOLID
  5
122
100
AcDbEntity
  8
012. основание размеры
  6
ByBlock
 62
   96
370
   -2
100
AcDbTrace
 10
65
 20
247
 30
0
 11
65.41628465777283
 21
244.5
 31
0
 12
64.58371534222717
 22
244.5
 32
0
 13
64.58371534222717
 23
244.5
 33
0
  0
LINE
  5
123
100
AcDbEntity
  8
012. основание размеры
  6
ByBlock
 62
    0
370
   -2
100
AcDbLine
 10
69.375
 20
250
 11
63.75
 21
250
  0
LINE
  5
124
100
AcDbEntity
  8
012. основание размеры
  6
ByBlock
 62
    0
370
   -2
100
AcDbLine
 10
73.375
 20
247
 11
63.75
 21
247
  0
ENDBLK
  5
78
330
76
100
AcDbEntity
  8
0
100
AcDbBlockEnd
  0
BLOCK
  5
7A
330
79
100
AcDbEntity
  8
0
100
AcDbBlockBegin
  2
*D23
 70
    1
 10
0
 20
0
  3
*D23
  1

  0
LINE
  5
125
100
AcDbEntity
  8
012. основание размеры
  6
ByBlock
 62
   96
370
   -2
100
AcDbLine
 10
78
 20
173
 11
70
 21
173
  0
MTEXT
  5
126
100
AcDbEntity
  8
012. основание размеры
  6
CONTINUOUS
 62
    0
370
   -2
100
AcDbMText
 10
74
 20
175.25
 30
0
 40
2.5
 41
3.888888888888889
 71
    5
 72
    1
  1
8.0
  7
standard
210
0
220
0
230
1
 50
0
 73
    2
 44
1
  0
SOLID
  5
127
100
AcDbEntity
  8
012. основание размеры
  6
ByBlock
 62
   96
370
   -2
100
AcDbTrace
 10
78
 20
173
 30
0
 11
75.5
 21
172.5837153422272
 31
0
 12
75.5
 22
173.4162846577728
 32
0
 13
75.5
 23
173.4162846577728
 33
0
  0
SOLID
  5
128
100
AcDbEntity
  8
012. основание размеры
  6
ByBlock
 62
   96
370
   -2
100
AcDbTrace
 10
70
 20
173
 30
0
 11
72.5
 21
173.4162846577728
 31
0
 12
72.5
 22
172.5837153422272
 32
0
 13
72.5
 23
172.5837153422272
 33
0
  0
LINE
  5
129
100
AcDbEntity
  8
012. основание размеры
  6
ByBlock
 62
    0
370
   -2
100
AcDbLine
 10
78
 20
136.625
 11
78
 21
174.25
  0
LINE
  5
12A
100
AcDbEntity
  8
012. основание размеры
  6
ByBlock
 62
    0
370
   -2
100
AcDbLine
 10
70
 20
165.625
 11
70
 21
174.25
  0
ENDBLK
  5
7B
330
79
100
AcDbEntity
  8
0
100
AcDbBlockEnd
  0
BLOCK
  5
7D
330
7C
100
AcDbEntity
  8
0
100
AcDbBlockBegin
  2
*D22
 70
    1
 10
0
 20
0
  3
*D22
  1

  0
LINE
  5
12B
100
AcDbEntity
  8
02. держатель
  6
ByBlock
 62
   96
370
   -2
100
AcDbLine
 10
85
 20
260
 11
155
 21
260
  0
MTEXT
  5
12C
100
AcDbEntity
  8
02. держатель
  6
CONTINUOUS
 62
    0
370
   -2
100
AcDbMText
 10
120
 20
262.25
 30
0
 40
2.5
 41
5.833333333333334
 71
    5
 72
    1
  1
70.0
  7
standard
210
0
220
0
230
1
 50
0
 73
    2
 44
1
  0
SOLID
  5
12D
100
AcDbEntity
  8
02. держатель
  6
ByBlock
 62
   96
370
   -2
100
AcDbTrace
 10
85
 20
260
 30
0
 11
87.5
 21
260.4162846577728
 31
0
 12
87.5
 22
259.5837153422272
 32
0
 13
87.5
 23
259.5837153422272
 33
0
  0
SOLID
  5
12E
100
AcDbEntity
  8
02. держатель
  6
ByBlock
 62
   96
370
   -2
100
AcDbTrace
 10
155
 20
260
 30
0
 11
152.5
 21
259.5837153422272
 31
0
 12
152.5
 22
260.4162846577728
 32
0
 13
152.5
 23
260.4162846577728
 33
0
  0
LINE
  5
12F
100
AcDbEntity
  8
02. держатель
  6
ByBlock
 62
    0
370
   -2
100
AcDbLine
 10
85
 20
250.625
 11
85
 21
261.25
  0
LINE
  5
130
100
AcDbEntity
  8
02. держатель
  6
ByBlock
 62
    0
370
   -2
100
AcDbLine
 10
155
 20
250.625
 11
155
 21
261.25
  0
ENDBLK
  5
7E
330
7C
100
AcDbEntity
  8
0
100
AcDbBlockEnd
  0
BLOCK
  5
80
330
7F
100
AcDbEntity
  8
0
100
AcDbBlockBegin
  2
*D16
 70
    1
 10
0
 20
0
  3
*D16
  1

  0
LINE
  5
131
100
AcDbEntity
  8
012. основание размеры
  6
ByBlock
 62
   96
370
   -2
100
AcDbLine
 10
75.00000000000001
 20
210
 11
85
 21
210
  0
MTEXT
  5
132
100
AcDbEntity
  8
012. основание размеры
  6
CONTINUOUS
 62
    0
370
   -2
100
AcDbMText
 10
80
 20
212.25
 30
0
 40
2.5
 41
5.277777777777779
 71
    5
 72
    1
  1
10.0
  7
standard
210
0
220
0
230
1
 50
0
 73
    2
 44
1
  0
SOLID
  5
133
100
AcDbEntity
  8
012. основание размеры
  6
ByBlock
 62
   96
370
   -2
100
AcDbTrace
 10
75.00000000000001
 20
210
 30
0
 11
77.50000000000001
 21
210.4162846577728
 31
0
 12
77.50000000000001
 22
209.5837153422272
 32
0
 13
77.50000000000001
 23
209.5837153422272
 33
0
  0
SOLID
  5
134
100
AcDbEntity
  8
012. основание размеры
  6
ByBlock
 62
   96
370
   -2
100
AcDbTrace
 10
85
 20
210
 30
0
 11
82.5
 21
209.5837153422272
 31
0
 12
82.5
 22
210.4162846577728
 32
0
 13
82.5
 23
210.4162846577728
 33
0
  0
LINE
  5
135
100
AcDbEntity
  8
012. основание размеры
  6
ByBlock
 62
    0
370
   -2
100
AcDbLine
 10
75.00000000000001
 20
200.624999999999
 11
75.00000000000001
 21
211.25
  0
LINE
  5
136
100
AcDbEntity
  8
012. основание размеры
  6
ByBlock
 62
    0
370
   -2
100
AcDbLine
 10
85
 20
200.625
 11
85
 21
211.25
  0
ENDBLK
  5
81
330
7F
100
AcDbEntity
  8
0
100
AcDbBlockEnd
  0
BLOCK
  5
83
330
82
100
AcDbEntity
  8
0
100
AcDbBlockBegin
  2
*D42
 70
    1
 10
0
 20
0
  3
*D42
  1

  0
LINE
  5
137
100
AcDbEntity
  8
02. держатель
  6
ByBlock
 62
   96
370
   -2
100
AcDbLine
 10
105
 20
140
 11
135
 21
140
  0
MTEXT
  5
138
100
AcDbEntity
  8
02. держатель
  6
CONTINUOUS
 62
    0
370
   -2
100
AcDbMText
 10
120
 20
142.25
 30
0
 40
2.5
 41
5.833333333333488
 71
    5
 72
    1
  1
30.0
  7
standard
210
0
220
0
230
1
 50
0
 73
    2
 44
1
  0
SOLID
  5
139
100
AcDbEntity
  8
02. держатель
  6
ByBlock
 62
   96
370
   -2
100
AcDbTrace
 10
105
 20
140
 30
0
 11
107.5
 21
140.4162846577728
 31
0
 12
107.5
 22
139.5837153422272
 32
0
 13
107.5
 23
139.5837153422272
 33
0
  0
SOLID
  5
13A
100
AcDbEntity
  8
02. держатель
  6
ByBlock
 62
   96
370
   -2
100
AcDbTrace
 10
135
 20
140
 30
0
 11
132.5
 21
139.5837153422272
 31
0
 12
132.5
 22
140.4162846577728
 32
0
 13
132.5
 23
140.4162846577728
 33
0
  0
LINE
  5
13B
100
AcDbEntity
  8
02. держатель
  6
ByBlock
 62
    0
370
   -2
100
AcDbLine
 10
105
 20
147.875
 11
105
 21
138.75
  0
LINE
  5
13C
100
AcDbEntity
  8
02. держатель
  6
ByBlock
 62
    0
370
   -2
100
AcDbLine
 10
135
 20
147.875
 11
135
 21
138.75
  0
ENDBLK
  5
84
330
82
100
AcDbEntity
  8
0
100
AcDbBlockEnd
  0
BLOCK
  5
86
330
85
100
AcDbEntity
  8
0
100
AcDbBlockBegin
  2
*D17
 70
    1
 10
0
 20
0
  3
*D17
  1

  0
LINE
  5
13D
100
AcDbEntity
  8
012. основание размеры
  6
ByBlock
 62
   96
370
   -2
100
AcDbLine
 10
85
 20
210
 11
100
 21
210
  0
MTEXT
  5
13E
100
AcDbEntity
  8
012. основание размеры
  6
CONTINUOUS
 62
    0
370
   -2
100
AcDbMText
 10
92.5
 20
212.25
 30
0
 40
2.5
 41
5.277777777777933
 71
    5
 72
    1
  1
15.0
  7
standard
210
0
220
0
230
1
 50
0
 73
    2
 44
1
  0
SOLID
  5
13F
100
AcDbEntity
  8
012. основание размеры
  6
ByBlock
 62
   96
370
   -2
100
AcDbTrace
 10
85
 20
210
 30
0
 11
87.5
 21
210.4162846577728
 31
0
 12
87.5
 22
209.5837153422272
 32
0
 13
87.5
 23
209.5837153422272
 33
0
  0
SOLID
  5
140
100
AcDbEntity
  8
012. основание размеры
  6
ByBlock
 62
   96
370
   -2
100
AcDbTrace
 10
100
 20
210
 30
0
 11
97.5
 21
209.5837153422272
 31
0
 12
97.5
 22
210.4162846577728
 32
0
 13
97.5
 23
210.4162846577728
 33
0
  0
LINE
  5
141
100
AcDbEntity
  8
012. основание размеры
  6
ByBlock
 62
    0
370
   -2
100
AcDbLine
 10
85
 20
200.625
 11
85
 21
211.25
  0
LINE
  5
142
100
AcDbEntity
  8
012. основание размеры
  6
ByBlock
 62
    0
370
   -2
100
AcDbLine
 10
100
 20
200.625
 11
100
 21
211.25
  0
ENDBLK
  5
87
330
85
100
AcDbEntity
  8
0
100
AcDbBlockEnd
  0
BLOCK
  5
89
330
88
100
AcDbEntity
  8
0
100
AcDbBlockBegin
  2
*D2
 70
    1
 10
0
 20
0
  3
*D2
  1

  0
LINE
  5
143
100
AcDbEntity
  8
02. держатель
  6
ByBlock
 62
   96
370
   -2
100
AcDbLine
 10
91
 20
140
 11
103
 21
140
  0
MTEXT
  5
144
100
AcDbEntity
  8
02. держатель
  6
CONTINUOUS
 62
    0
370
   -2
100
AcDbMText
 10
97
 20
142.25
 30
0
 40
2.5
 41
5.277777777777779
 71
    5
 72
    1
  1
12.0
  7
standard
210
0
220
0
230
1
 50
0
 73
    2
 44
1
  0
SOLID
  5
145
100
AcDbEntity
  8
02. держатель
  6
ByBlock
 62
   96
370
   -2
100
AcDbTrace
 10
91
 20
140
 30
0
 11
93.5
 21
140.4162846577728
 31
0
 12
93.5
 22
139.5837153422272
 32
0
 13
93.5
 23
139.5837153422272
 33
0
  0
SOLID
  5
146
100
AcDbEntity
  8
02. держатель
  6
ByBlock
 62
   96
370
   -2
100
AcDbTrace
 10
103
 20
140
 30
0
 11
100.5
 21
139.5837153422272
 31
0
 12
100.5
 22
140.4162846577728
 32
0
 13
100.5
 23
140.4162846577728
 33
0
  0
LINE
  5
147
100
AcDbEntity
  8
02. держатель
  6
ByBlock
 62
    0
370
   -2
100
AcDbLine
 10
91
 20
132.625
 11
91
 21
141.25
  0
LINE
  5
148
100
AcDbEntity
  8
02. держатель
  6
ByBlock
 62
    0
370
   -2
100
AcDbLine
 10
103
 20
132.625
 11
103
 21
141.25
  0
ENDBLK
  5
8A
330
88
100
AcDbEntity
  8
0
100
AcDbBlockEnd
  0
BLOCK
  5
8C
330
8B
100
AcDbEntity
  8
0
100
AcDbBlockBegin
  2
*D15
 70
    1
 10
0
 20
0
  3
*D15
  1

  0
LINE
  5
149
100
AcDbEntity
  8
012. основание размеры
  6
ByBlock
 62
   96
370
   -2
100
AcDbLine
 10
60
 20
180
 11
60
 21
199.999999999999
  0
MTEXT
  5
14A
100
AcDbEntity
  8
012. основание размеры
  6
CONTINUOUS
 62
    0
370
   -2
100
AcDbMText
 10
57.75
 20
189.9999999999995
 30
0
 40
2.5
 41
5.833333333333334
 71
    5
 72
    1
  1
20.0
  7
standard
210
0
220
0
230
1
 50
90
 73
    2
 44
1
  0
SOLID
  5
14B
100
AcDbEntity
  8
012. основание размеры
  6
ByBlock
 62
   96
370
   -2
100
AcDbTrace
 10
60
 20
180
 30
0
 11
59.58371534222716
 21
182.5
 31
0
 12
60.41628465777284
 22
182.5
 32
0
 13
60.41628465777284
 23
182.5
 33
0
  0
SOLID
  5
14C
100
AcDbEntity
  8
012. основание размеры
  6
ByBlock
 62
   96
370
   -2
100
AcDbTrace
 10
60
 20
199.999999999999
 30
0
 11
60.41628465777284
 21
197.499999999999
 31
0
 12
59.58371534222716
 22
197.499999999999
 32
0
 13
59.58371534222716
 23
197.499999999999
 33
0
  0
LINE
  5
14D
100
AcDbEntity
  8
012. основание размеры
  6
ByBlock
 62
    0
370
   -2
100
AcDbLine
 10
74.375
 20
180
 11
58.75
 21
180
  0
LINE
  5
14E
100
AcDbEntity
  8
012. основание размеры
  6
ByBlock
 62
    0
370
   -2
100
AcDbLine
 10
74.37500000000001
 20
199.999999999999
 11
58.75
 21
199.999999999999
  0
ENDBLK
  5
8D
330
8B
100
AcDbEntity
  8
0
100
AcDbBlockEnd
  0
BLOCK
  5
8F
330
8E
100
AcDbEntity
  8
0
100
AcDbBlockBegin
  2
*D44
 70
    1
 10
0
 20
0
  3
*D44
  1

  0
LINE
  5
14F
100
AcDbEntity
  8
02. держатель
  6
ByBlock
 62
   96
370
   -2
100
AcDbLine
 10
80
 20
255
 11
80
 21
242
  0
MTEXT
  5
150
100
AcDbEntity
  8
02. держатель
  6
CONTINUOUS
 62
    0
370
   -2
100
AcDbMText
 10
77.75
 20
252.9444444444445
 30
0
 40
2.5
 41
3.888888888889044
 71
    5
 72
    1
  1
3.0
  7
standard
210
0
220
0
230
1
 50
90
 73
    2
 44
1
  0
SOLID
  5
151
100
AcDbEntity
  8
02. держатель
  6
ByBlock
 62
   96
370
   -2
100
AcDbTrace
 10
80
 20
250
 30
0
 11
79.58371534222717
 21
252.5
 31
0
 12
80.41628465777283
 22
252.5
 32
0
 13
80.41628465777283
 23
252.5
 33
0
  0
SOLID
  5
152
100
AcDbEntity
  8
02. держатель
  6
ByBlock
 62
   96
370
   -2
100
AcDbTrace
 10
80
 20
247
 30
0
 11
80.41628465777283
 21
244.5
 31
0
 12
79.58371534222717
 22
244.5
 32
0
 13
79.58371534222717
 23
244.5
 33
0
  0
LINE
  5
153
100
AcDbEntity
  8
02. держатель
  6
ByBlock
 62
    0
370
   -2
100
AcDbLine
 10
84.375
 20
250
 11
78.75
 21
250
  0
LINE
  5
154
100
AcDbEntity
  8
02. держатель
  6
ByBlock
 62
    0
370
   -2
100
AcDbLine
 10
90.875
 20
247
 11
78.75
 21
247
  0
ENDBLK
  5
90
330
8E
100
AcDbEntity
  8
0
100
AcDbBlockEnd
  0
BLOCK
  5
92
330
91
100
AcDbEntity
  8
0
100
AcDbBlockBegin
  2
*D28
 70
    1
 10
0
 20
0
  3
*D28
  1

  0
LINE
  5
155
100
AcDbEntity
  8
012. основание размеры
  6
ByBlock
 62
   96
370
   -2
100
AcDbLine
 10
145
 20
145
 11
145
 21
137
  0
MTEXT
  5
156
100
AcDbEntity
  8
012. основание размеры
  6
CONTINUOUS
 62
    0
370
   -2
100
AcDbMText
 10
142.75
 20
141
 30
0
 40
2.5
 41
3.888888888888889
 71
    5
 72
    1
  1
8.0
  7
standard
210
0
220
0
230
1
 50
90
 73
    2
 44
1
  0
SOLID
  5
157
100
AcDbEntity
  8
012. основание размеры
  6
ByBlock
 62
   96
370
   -2
100
AcDbTrace
 10
145
 20
145
 30
0
 11
145.4162846577728
 21
142.5
 31
0
 12
144.5837153422272
 22
142.5
 32
0
 13
144.5837153422272
 23
142.5
 33
0
  0
SOLID
  5
158
100
AcDbEntity
  8
012. основание размеры
  6
ByBlock
 62
   96
370
   -2
100
AcDbTrace
 10
145
 20
137
 30
0
 11
144.5837153422272
 21
139.5
 31
0
 12
145.4162846577728
 22
139.5
 32
0
 13
145.4162846577728
 23
139.5
 33
0
  0
LINE
  5
159
100
AcDbEntity
  8
012. основание размеры
  6
ByBlock
 62
    0
370
   -2
100
AcDbLine
 10
154.997080204488
 20
145
 11
143.75
 21
145
  0
LINE
  5
15A
100
AcDbEntity
  8
012. основание размеры
  6
ByBlock
 62
    0
370
   -2
100
AcDbLine
 10
154.997080204488
 20
137
 11
143.75
 21
137
  0
ENDBLK
  5
93
330
91
100
AcDbEntity
  8
0
100
AcDbBlockEnd
  0
BLOCK
  5
95
330
94
100
AcDbEntity
  8
0
100
AcDbBlockBegin
  2
*D43
 70
    1
 10
0
 20
0
  3
*D43
  1

  0
LINE
  5
15B
100
AcDbEntity
  8
02. держатель
  6
ByBlock
 62
   96
370
   -2
100
AcDbLine
 10
80
 20
175
 11
80
 21
148
  0
MTEXT
  5
15C
100
AcDbEntity
  8
02. держатель
  6
CONTINUOUS
 62
    0
370
   -2
100
AcDbMText
 10
77.75
 20
161.5
 30
0
 40
2.5
 41
5.833333333333334
 71
    5
 72
    1
  1
27.0
  7
standard
210
0
220
0
230
1
 50
90
 73
    2
 44
1
  0
SOLID
  5
15D
100
AcDbEntity
  8
02. держатель
  6
ByBlock
 62
   96
370
   -2
100
AcDbTrace
 10
80
 20
175
 30
0
 11
80.41628465777283
 21
172.5
 31
0
 12
79.58371534222717
 22
172.5
 32
0
 13
79.58371534222717
 23
172.5
 33
0
  0
SOLID
  5
15E
100
AcDbEntity
  8
02. держатель
  6
ByBlock
 62
   96
370
   -2
100
AcDbTrace
 10
80
 20
148
 30
0
 11
79.58371534222717
 21
150.5
 31
0
 12
80.41628465777283
 22
150.5
 32
0
 13
80.41628465777283
 23
150.5
 33
0
  0
LINE
  5
15F
100
AcDbEntity
  8
02. держатель
  6
ByBlock
 62
    0
370
   -2
100
AcDbLine
 10
119.375
 20
175
 11
78.75
 21
175
  0
LINE
  5
160
100
AcDbEntity
  8
02. держатель
  6
ByBlock
 62
    0
370
   -2
100
AcDbLine
 10
104.375
 20
148
 11
78.75
 21
148
  0
ENDBLK
  5
96
330
94
100
AcDbEntity
  8
0
100
AcDbBlockEnd
  0
BLOCK
  5
98
330
97
100
AcDbEntity
  8
0
100
AcDbBlockBegin
  2
*D21
 70
    1
 10
0
 20
0
  3
*D21
  1

  0
LINE
  5
161
100
AcDbEntity
  8
012. основание размеры
  6
ByBlock
 62
   96
370
   -2
100
AcDbLine
 10
118.4243527386204
 20
132.0605178091037
 11
128.5756472613796
 21
123.9394821908963
  0
MTEXT
  5
162
100
AcDbEntity
  8
012. основание размеры
  6
CONTINUOUS
 62
    0
370
   -2
100
AcDbMText
 10
128.3760918989665
 20
126.9805323876716
 30
0
 40
2.5
 41
3.888888888889044
 71
    5
 72
    1
  1
3.0
  7
standard
210
0
220
0
230
1
 50
321.3401917459097
 73
    2
 44
1
  0
SOLID
  5
163
100
AcDbEntity
  8
012. основание размеры
  6
ByBlock
 62
   96
370
   -2
100
AcDbTrace
 10
122.3286967858355
 20
128.9370425713316
 30
0
 11
120.1164737981444
 21
130.1737164851132
 31
0
 12
120.6365757263115
 22
130.8238438953221
 32
0
 13
120.6365757263115
 23
130.8238438953221
 33
0
  0
SOLID
  5
164
100
AcDbEntity
  8
012. основание размеры
  6
ByBlock
 62
   96
370
   -2
100
AcDbTrace
 10
124.6713032141645
 20
127.0629574286684
 30
0
 11
126.8835262018556
 21
125.8262835148868
 31
0
 12
126.3634242736885
 22
125.1761561046779
 32
0
 13
126.3634242736885
 23
125.1761561046779
 33
0
  0
ENDBLK
  5
99
330
97
100
AcDbEntity
  8
0
100
AcDbBlockEnd
  0
BLOCK
  5
9B
330
9A
100
AcDbEntity
  8
0
100
AcDbBlockBegin
  2
*D34
 70
    1
 10
0
 20
0
  3
*D34
  1

  0
LINE
  5
165
100
AcDbEntity
  8
032. элементы
  6
ByBlock
 62
   96
370
   -2
100
AcDbLine
 10
85
 20
140
 11
95
 21
140
  0
MTEXT
  5
166
100
AcDbEntity
  8
032. элементы
  6
CONTINUOUS
 62
    0
370
   -2
100
AcDbMText
 10
90
 20
142.25
 30
0
 40
2.5
 41
5.277777777777779
 71
    5
 72
    1
  1
10.0
  7
standard
210
0
220
0
230
1
 50
0
 73
    2
 44
1
  0
SOLID
  5
167
100
AcDbEntity
  8
032. элементы
  6
ByBlock
 62
   96
370
   -2
100
AcDbTrace
 10
85
 20
140
 30
0
 11
87.5
 21
140.4162846577728
 31
0
 12
87.5
 22
139.5837153422272
 32
0
 13
87.5
 23
139.5837153422272
 33
0
  0
SOLID
  5
168
100
AcDbEntity
  8
032. элементы
  6
ByBlock
 62
   96
370
   -2
100
AcDbTrace
 10
95
 20
140
 30
0
 11
92.5
 21
139.5837153422272
 31
0
 12
92.5
 22
140.4162846577728
 32
0
 13
92.5
 23
140.4162846577728
 33
0
  0
LINE
  5
169
100
AcDbEntity
  8
032. элементы
  6
ByBlock
 62
    0
370
   -2
100
AcDbLine
 10
85
 20
145.375
 11
85
 21
138.75
  0
LINE
  5
16A
100
AcDbEntity
  8
032. элементы
  6
ByBlock
 62
    0
370
   -2
100
AcDbLine
 10
95
 20
145.375
 11
95
 21
138.75
  0
ENDBLK
  5
9C
330
9A
100
AcDbEntity
  8
0
100
AcDbBlockEnd
  0
BLOCK
  5
9E
330
9D
100
AcDbEntity
  8
0
100
AcDbBlockBegin
  2
*D46
 70
    1
 10
0
 20
0
  3
*D46
  1

  0
LINE
  5
16B
100
AcDbEntity
  8
02. держатель
  6
CONTINUOUS
 62
    7
370
    0
100
AcDbLine
 10
117
 20
216
 11
117
 21
221
  0
SOLID
  5
16C
100
AcDbEntity
  8
02. держатель
  6
CONTINUOUS
 62
    7
370
    0
100
AcDbTrace
 10
117
 20
216
 30
0
 11
116.5837153422272
 21
218.5
 31
0
 12
117.4162846577728
 22
218.5
 32
0
 13
117.4162846577728
 23
218.5
 33
0
  0
ENDBLK
  5
9F
330
9D
100
AcDbEntity
  8
0
100
AcDbBlockEnd
  0
BLOCK
  5
A1
330
A0
100
AcDbEntity
  8
0
100
AcDbBlockBegin
  2
*D10
 70
    1
 10
0
 20
0
  3
*D10
  1

  0
LINE
  5
16D
100
AcDbEntity
  8
02. держатель
  6
ByBlock
 62
   96
370
   -2
100
AcDbLine
 10
170
 20
110
 11
170
 21
132
  0
MTEXT
  5
16E
100
AcDbEntity
  8
02. держатель
  6
CONTINUOUS
 62
    0
370
   -2
100
AcDbMText
 10
167.75
 20
121
 30
0
 40
2.5
 41
5.833333333333334
 71
    5
 72
    1
  1
22.0
  7
standard
210
0
220
0
230
1
 50
90
 73
    2
 44
1
  0
SOLID
  5
16F
100
AcDbEntity
  8
02. держатель
  6
ByBlock
 62
   96
370
   -2
100
AcDbTrace
 10
170
 20
110
 30
0
 11
169.5837153422272
 21
112.5
 31
0
 12
170.4162846577728
 22
112.5
 32
0
 13
170.4162846577728
 23
112.5
 33
0
  0
SOLID
  5
170
100
AcDbEntity
  8
02. держатель
  6
ByBlock
 62
   96
370
   -2
100
AcDbTrace
 10
170
 20
132
 30
0
 11
170.4162846577728
 21
129.5
 31
0
 12
169.5837153422272
 22
129.5
 32
0
 13
169.5837153422272
 23
129.5
 33
0
  0
LINE
  5
171
100
AcDbEntity
  8
02. держатель
  6
ByBlock
 62
    0
370
   -2
100
AcDbLine
 10
150.625
 20
110
 11
171.25
 21
110
  0
LINE
  5
172
100
AcDbEntity
  8
02. держатель
  6
ByBlock
 62
    0
370
   -2
100
AcDbLine
 10
145.625
 20
132
 11
171.25
 21
132
  0
ENDBLK
  5
A2
330
A0
100
AcDbEntity
  8
0
100
AcDbBlockEnd
  0
BLOCK
  5
A4
330
A3
100
AcDbEntity
  8
0
100
AcDbBlockBegin
  2
*D27
 70
    1
 10
0
 20
0
  3
*D27
  1

  0
LINE
  5
173
100
AcDbEntity
  8
012. основание размеры
  6
ByBlock
 62
   96
370
   -2
100
AcDbLine
 10
161
 20
151
 11
170
 21
151
  0
MTEXT
  5
174
100
AcDbEntity
  8
012. основание размеры
  6
CONTINUOUS
 62
    0
370
   -2
100
AcDbMText
 10
165.5
 20
153.25
 30
0
 40
2.5
 41
3.888888888889044
 71
    5
 72
    1
  1
9.0
  7
standard
210
0
220
0
230
1
 50
0
 73
    2
 44
1
  0
SOLID
  5
175
100
AcDbEntity
  8
012. основание размеры
  6
ByBlock
 62
   96
370
   -2
100
AcDbTrace
 10
161
 20
151
 30
0
 11
163.5
 21
151.4162846577728
 31
0
 12
163.5
 22
150.5837153422272
 32
0
 13
163.5
 23
150.5837153422272
 33
0
  0
SOLID
  5
176
100
AcDbEntity
  8
012. основание размеры
  6
ByBlock
 62
   96
370
   -2
100
AcDbTrace
 10
170
 20
151
 30
0
 11
167.5
 21
150.5837153422272
 31
0
 12
167.5
 22
151.4162846577728
 32
0
 13
167.5
 23
151.4162846577728
 33
0
  0
LINE
  5
177
100
AcDbEntity
  8
012. основание размеры
  6
ByBlock
 62
    0
370
   -2
100
AcDbLine
 10
161
 20
137.625
 11
161
 21
152.25
  0
LINE
  5
178
100
AcDbEntity
  8
012. основание размеры
  6
ByBlock
 62
    0
370
   -2
100
AcDbLine
 10
170
 20
144.625
 11
170
 21
152.25
  0
ENDBLK
  5
A5
330
A3
100
AcDbEntity
  8
0
100
AcDbBlockEnd
  0
BLOCK
  5
A7
330
A6
100
AcDbEntity
  8
0
100
AcDbBlockBegin
  2
*D35
 70
    1
 10
0
 20
0
  3
*D35
  1

  0
LINE
  5
179
100
AcDbEntity
  8
032. элементы
  6
ByBlock
 62
   96
370
   -2
100
AcDbLine
 10
80
 20
135
 11
140
 21
135
  0
MTEXT
  5
17A
100
AcDbEntity
  8
032. элементы
  6
CONTINUOUS
 62
    0
370
   -2
100
AcDbMText
 10
110
 20
137.25
 30
0
 40
2.5
 41
5.833333333333488
 71
    5
 72
    1
  1
60.0
  7
standard
210
0
220
0
230
1
 50
0
 73
    2
 44
1
  0
SOLID
  5
17B
100
AcDbEntity
  8
032. элементы
  6
ByBlock
 62
   96
370
   -2
100
AcDbTrace
 10
80
 20
135
 30
0
 11
82.5
 21
135.4162846577728
 31
0
 12
82.5
 22
134.5837153422272
 32
0
 13
82.5
 23
134.5837153422272
 33
0
  0
SOLID
  5
17C
100
AcDbEntity
  8
032. элементы
  6
ByBlock
 62
   96
370
   -2
100
AcDbTrace
 10
140
 20
135
 30
0
 11
137.5
 21
134.5837153422272
 31
0
 12
137.5
 22
135.4162846577728
 32
0
 13
137.5
 23
135.4162846577728
 33
0
  0
LINE
  5
17D
100
AcDbEntity
  8
032. элементы
  6
ByBlock
 62
    0
370
   -2
100
AcDbLine
 10
80
 20
144.375
 11
80
 21
133.75
  0
LINE
  5
17E
100
AcDbEntity
  8
032. элементы
  6
ByBlock
 62
    0
370
   -2
100
AcDbLine
 10
140
 20
144.375
 11
140
 21
133.75
  0
ENDBLK
  5
A8
330
A6
100
AcDbEntity
  8
0
100
AcDbBlockEnd
  0
BLOCK
  5
AA
330
A9
100
AcDbEntity
  8
0
100
AcDbBlockBegin
  2
*D24
 70
    1
 10
0
 20
0
  3
*D24
  1

  0
LINE
  5
17F
100
AcDbEntity
  8
012. основание размеры
  6
ByBlock
 62
   96
370
   -2
100
AcDbLine
 10
64
 20
135
 11
64
 21
165
  0
MTEXT
  5
180
100
AcDbEntity
  8
012. основание размеры
  6
CONTINUOUS
 62
    0
370
   -2
100
AcDbMText
 10
61.75
 20
150
 30
0
 40
2.5
 41
5.833333333333488
 71
    5
 72
    1
  1
30.0
  7
standard
210
0
220
0
230
1
 50
90
 73
    2
 44
1
  0
SOLID
  5
181
100
AcDbEntity
  8
012. основание размеры
  6
ByBlock
 62
   96
370
   -2
100
AcDbTrace
 10
64
 20
135
 30
0
 11
63.58371534222716
 21
137.5
 31
0
 12
64.41628465777283
 22
137.5
 32
0
 13
64.41628465777283
 23
137.5
 33
0
  0
SOLID
  5
182
100
AcDbEntity
  8
012. основание размеры
  6
ByBlock
 62
   96
370
   -2
100
AcDbTrace
 10
64
 20
165
 30
0
 11
64.41628465777283
 21
162.5
 31
0
 12
63.58371534222716
 22
162.5
 32
0
 13
63.58371534222716
 23
162.5
 33
0
  0
LINE
  5
183
100
AcDbEntity
  8
012. основание размеры
  6
ByBlock
 62
    0
370
   -2
100
AcDbLine
 10
77.375
 20
135
 11
62.75
 21
135
  0
LINE
  5
184
100
AcDbEntity
  8
012. основание размеры
  6
ByBlock
 62
    0
370
   -2
100
AcDbLine
 10
77.375
 20
165
 11
62.75
 21
165
  0
ENDBLK
  5
AB
330
A9
100
AcDbEntity
  8
0
100
AcDbBlockEnd
  0
BLOCK
  5
AD
330
AC
100
AcDbEntity
  8
0
100
AcDbBlockBegin
  2
*D7
 70
    1
 10
0
 20
0
  3
*D7
  1

  0
LINE
  5
185
100
AcDbEntity
  8
02. держатель
  6
ByBlock
 62
   96
370
   -2
100
AcDbLine
 10
160
 20
100
 11
145
 21
100
  0
MTEXT
  5
186
100
AcDbEntity
  8
02. держатель
  6
CONTINUOUS
 62
    0
370
   -2
100
AcDbMText
 10
152.5
 20
102.25
 30
0
 40
2.5
 41
3.888888888889044
 71
    5
 72
    1
  1
5.0
  7
standard
210
0
220
0
230
1
 50
0
 73
    2
 44
1
  0
SOLID
  5
187
100
AcDbEntity
  8
02. держатель
  6
ByBlock
 62
   96
370
   -2
100
AcDbTrace
 10
155
 20
100
 30
0
 11
157.5
 21
100.4162846577728
 31
0
 12
157.5
 22
99.58371534222717
 32
0
 13
157.5
 23
99.58371534222717
 33
0
  0
SOLID
  5
188
100
AcDbEntity
  8
02. держатель
  6
ByBlock
 62
   96
370
   -2
100
AcDbTrace
 10
150
 20
100
 30
0
 11
147.5
 21
99.58371534222717
 31
0
 12
147.5
 22
100.4162846577728
 32
0
 13
147.5
 23
100.4162846577728
 33
0
  0
LINE
  5
189
100
AcDbEntity
  8
02. держатель
  6
ByBlock
 62
    0
370
   -2
100
AcDbLine
 10
155
 20
119.375
 11
155
 21
98.75
  0
LINE
  5
18A
100
AcDbEntity
  8
02. держатель
  6
ByBlock
 62
    0
370
   -2
100
AcDbLine
 10
150
 20
109.375
 11
150
 21
98.75
  0
ENDBLK
  5
AE
330
AC
100
AcDbEntity
  8
0
100
AcDbBlockEnd
  0
BLOCK
  5
B0
330
AF
100
AcDbEntity
  8
0
100
AcDbBlockBegin
  2
*D12
 70
    1
 10
0
 20
0
  3
*D12
  1

  0
SOLID
  5
18B
100
AcDbEntity
  8
02. держатель
  6
ByBlock
 62
   96
370
   -2
100
AcDbTrace
 10
153.5355339059327
 20
208.5355339059327
 30
0
 11
155.008943154484
 21
210.5976585633142
 31
0
 12
155.5976585633142
 22
210.008943154484
 32
0
 13
155.5976585633142
 23
210.008943154484
 33
0
  0
LINE
  5
18C
100
AcDbEntity
  8
02. держатель
  6
ByBlock
 62
   96
370
   -2
100
AcDbLine
 10
150
 20
205
 11
159.8209275164799
 21
214.8209275164799
  0
MTEXT
  5
18D
100
AcDbEntity
  8
02. держатель
  6
CONTINUOUS
 62
    0
370
   -2
100
AcDbMText
 10
155.0872404535366
 20
213.2692209688761
 30
0
 40
2.5
 41
3.888888888889044
 71
    5
 72
    1
  1
5.0
  7
standard
210
0
220
0
230
1
 50
45
 73
    2
 44
1
  0
ENDBLK
  5
B1
330
AF
100
AcDbEntity
  8
0
100
AcDbBlockEnd
  0
BLOCK
  5
B3
330
B2
100
AcDbEntity
  8
0
100
AcDbBlockBegin
  2
*D45
 70
    1
 10
0
 20
0
  3
*D45
  1

  0
LINE
  5
18E
100
AcDbEntity
  8
01. основание
  6
CONTINUOUS
 62
    7
370
    0
100
AcDbLine
 10
117
 20
216
 11
117
 21
221
  0
SOLID
  5
18F
100
AcDbEntity
  8
01. основание
  6
CONTINUOUS
 62
    7
370
    0
100
AcDbTrace
 10
117
 20
216
 30
0
 11
116.5837153422272
 21
218.5
 31
0
 12
117.4162846577728
 22
218.5
 32
0
 13
117.4162846577728
 23
218.5
 33
0
  0
ENDBLK
  5
B4
330
B2
100
AcDbEntity
  8
0
100
AcDbBlockEnd
  0
BLOCK
  5
B6
330
B5
100
AcDbEntity
  8
0
100
AcDbBlockBegin
  2
*D4
 70
    1
 10
0
 20
0
  3
*D4
  1

  0
LINE
  5
190
100
AcDbEntity
  8
02. держатель
  6
ByBlock
 62
   96
370
   -2
100
AcDbLine
 10
80
 20
120
 11
80
 21
110
  0
MTEXT
  5
191
100
AcDbEntity
  8
02. держатель
  6
CONTINUOUS
 62
    0
370
   -2
100
AcDbMText
 10
77.75
 20
115
 30
0
 40
2.5
 41
5.277777777777779
 71
    5
 72
    1
  1
10.0
  7
standard
210
0
220
0
230
1
 50
90
 73
    2
 44
1
  0
SOLID
  5
192
100
AcDbEntity
  8
02. держатель
  6
ByBlock
 62
   96
370
   -2
100
AcDbTrace
 10
80
 20
120
 30
0
 11
80.41628465777283
 21
117.5
 31
0
 12
79.58371534222717
 22
117.5
 32
0
 13
79.58371534222717
 23
117.5
 33
0
  0
SOLID
  5
193
100
AcDbEntity
  8
02. держатель
  6
ByBlock
 62
   96
370
   -2
100
AcDbTrace
 10
80
 20
110
 30
0
 11
79.58371534222717
 21
112.5
 31
0
 12
80.41628465777283
 22
112.5
 32
0
 13
80.41628465777283
 23
112.5
 33
0
  0
LINE
  5
194
100
AcDbEntity
  8
02. держатель
  6
ByBlock
 62
    0
370
   -2
100
AcDbLine
 10
84.375
 20
120
 11
78.75
 21
120
  0
LINE
  5
195
100
AcDbEntity
  8
02. держатель
  6
ByBlock
 62
    0
370
   -2
100
AcDbLine
 10
89.375
 20
110
 11
78.75
 21
110
  0
ENDBLK
  5
B7
330
B5
100
AcDbEntity
  8
0
100
AcDbBlockEnd
  0
BLOCK
  5
B9
330
B8
100
AcDbEntity
  8
0
100
AcDbBlockBegin
  2
*D40
 70
    1
 10
0
 20
0
  3
*D40
  1

  0
LINE
  5
196
100
AcDbEntity
  8
02. держатель
  6
ByBlock
 62
   96
370
   -2
100
AcDbLine
 10
99.84745673618342
 20
195.1525432638166
 11
140.1525432638166
 21
154.8474567361834
  0
MTEXT
  5
197
100
AcDbEntity
  8
02. держатель
  6
CONTINUOUS
 62
    0
370
   -2
100
AcDbMText
 10
121.5909902576697
 20
176.5909902576697
 30
0
 40
2.5
 41
5.833333333333488
 71
    5
 72
    1
  1
57.0
  7
standard
210
0
220
0
230
1
 50
315
 73
    2
 44
1
  0
SOLID
  5
198
100
AcDbEntity
  8
02. держатель
  6
ByBlock
 62
   96
370
   -2
100
AcDbTrace
 10
99.84745673618342
 20
195.1525432638166
 30
0
 11
101.9095813935649
 21
193.6791340152653
 31
0
 12
101.3208659847347
 22
193.0904186064351
 32
0
 13
101.3208659847347
 23
193.0904186064351
 33
0
  0
SOLID
  5
199
100
AcDbEntity
  8
02. держатель
  6
ByBlock
 62
   96
370
   -2
100
AcDbTrace
 10
140.1525432638166
 20
154.8474567361834
 30
0
 11
138.0904186064351
 21
156.3208659847347
 31
0
 12
138.6791340152653
 22
156.9095813935649
 32
0
 13
138.6791340152653
 23
156.9095813935649
 33
0
  0
ENDBLK
  5
BA
330
B8
100
AcDbEntity
  8
0
100
AcDbBlockEnd
  0
BLOCK
  5
BC
330
BB
100
AcDbEntity
  8
0
100
AcDbBlockBegin
  2
*D31
 70
    1
 10
0
 20
0
  3
*D31
  1

  0
LINE
  5
19A
100
AcDbEntity
  8
012. основание размеры
  6
ByBlock
 62
   96
370
   -2
100
AcDbLine
 10
70.00000000000003
 20
260
 11
170
 21
260
  0
MTEXT
  5
19B
100
AcDbEntity
  8
012. основание размеры
  6
CONTINUOUS
 62
    0
370
   -2
100
AcDbMText
 10
120
 20
262.25
 30
0
 40
2.5
 41
7.222222222222222
 71
    5
 72
    1
  1
100.0
  7
standard
210
0
220
0
230
1
 50
0
 73
    2
 44
1
  0
SOLID
  5
19C
100
AcDbEntity
  8
012. основание размеры
  6
ByBlock
 62
   96
370
   -2
100
AcDbTrace
 10
70.00000000000003
 20
260
 30
0
 11
72.50000000000003
 21
260.4162846577728
 31
0
 12
72.50000000000003
 22
259.5837153422272
 32
0
 13
72.50000000000003
 23
259.5837153422272
 33
0
  0
SOLID
  5
19D
100
AcDbEntity
  8
012. основание размеры
  6
ByBlock
 62
   96
370
   -2
100
AcDbTrace
 10
170
 20
260
 30
0
 11
167.5
 21
259.5837153422272
 31
0
 12
167.5
 22
260.4162846577728
 32
0
 13
167.5
 23
260.4162846577728
 33
0
  0
LINE
  5
19E
100
AcDbEntity
  8
012. основание размеры
  6
ByBlock
 62
    0
370
   -2
100
AcDbLine
 10
70.00000000000001
 20
250.625
 11
70.00000000000003
 21
261.25
  0
LINE
  5
19F
100
AcDbEntity
  8
012. основание размеры
  6
ByBlock
 62
    0
370
   -2
100
AcDbLine
 10
170
 20
250.625
 11
170
 21
261.25
  0
ENDBLK
  5
BD
330
BB
100
AcDbEntity
  8
0
100
AcDbBlockEnd
  0
BLOCK
  5
BF
330
BE
100
AcDbEntity
  8
0
100
AcDbBlockBegin
  2
*D19
 70
    1
 10
0
 20
0
  3
*D19
  1

  0
LINE
  5
1A0
100
AcDbEntity
  8
012. основание размеры
  6
ByBlock
 62
   96
370
   -2
100
AcDbLine
 10
118.4243527386204
 20
166.0605178091037
 11
128.5756472613796
 21
157.9394821908963
  0
MTEXT
  5
1A1
100
AcDbEntity
  8
012. основание размеры
  6
CONTINUOUS
 62
    0
370
   -2
100
AcDbMText
 10
128.3760918989665
 20
160.9805323876716
 30
0
 40
2.5
 41
3.888888888889044
 71
    5
 72
    1
  1
3.0
  7
standard
210
0
220
0
230
1
 50
321.3401917459097
 73
    2
 44
1
  0
SOLID
  5
1A2
100
AcDbEntity
  8
012. основание размеры
  6
ByBlock
 62
   96
370
   -2
100
AcDbTrace
 10
122.3286967858355
 20
162.9370425713316
 30
0
 11
120.1164737981444
 21
164.1737164851132
 31
0
 12
120.6365757263115
 22
164.8238438953221
 32
0
 13
120.6365757263115
 23
164.8238438953221
 33
0
  0
SOLID
  5
1A3
100
AcDbEntity
  8
012. основание размеры
  6
ByBlock
 62
   96
370
   -2
100
AcDbTrace
 10
124.6713032141645
 20
161.0629574286684
 30
0
 11
126.8835262018556
 21
159.8262835148868
 31
0
 12
126.3634242736885
 22
159.1761561046779
 32
0
 13
126.3634242736885
 23
159.1761561046779
 33
0
  0
ENDBLK
  5
C0
330
BE
100
AcDbEntity
  8
0
100
AcDbBlockEnd
  0
BLOCK
  5
C2
330
C1
100
AcDbEntity
  8
0
100
AcDbBlockBegin
  2
*D37
 70
    1
 10
0
 20
0
  3
*D37
  1

  0
LINE
  5
1A4
100
AcDbEntity
  8
012. основание размеры
  6
ByBlock
 62
   96
370
   -2
100
AcDbLine
 10
74.92711488161049
 20
137.5607375986579
 11
81.07288511838951
 21
132.4392624013421
  0
MTEXT
  5
1A5
100
AcDbEntity
  8
012. основание размеры
  6
CONTINUOUS
 62
    0
370
   -2
100
AcDbMText
 10
79.44041489924507
 20
136.7284978790941
 30
0
 40
2.5
 41
3.888888888888889
 71
    5
 72
    1
  1
8.0
  7
standard
210
0
220
0
230
1
 50
320.194428907735
 73
    2
 44
1
  0
SOLID
  5
1A6
100
AcDbEntity
  8
012. основание размеры
  6
ByBlock
 62
   96
370
   -2
100
AcDbTrace
 10
74.92711488161049
 20
137.5607375986579
 30
0
 11
77.11416702432977
 21
136.2800753319677
 31
0
 12
76.5811691368781
 22
135.6404778670257
 32
0
 13
76.5811691368781
 23
135.6404778670257
 33
0
  0
SOLID
  5
1A7
100
AcDbEntity
  8
012. основание размеры
  6
ByBlock
 62
   96
370
   -2
100
AcDbTrace
 10
81.07288511838951
 20
132.4392624013421
 30
0
 11
78.88583297567023
 21
133.7199246680323
 31
0
 12
79.4188308631219
 22
134.3595221329743
 32
0
 13
79.4188308631219
 23
134.3595221329743
 33
0
  0
ENDBLK
  5
C3
330
C1
100
AcDbEntity
  8
0
100
AcDbBlockEnd
  0
BLOCK
  5
C5
330
C4
100
AcDbEntity
  8
0
100
AcDbBlockBegin
  2
*D11
 70
    1
 10
0
 20
0
  3
*D11
  1

  0
LINE
  5
1A8
100
AcDbEntity
  8
02. держатель
  6
ByBlock
 62
   96
370
   -2
100
AcDbLine
 10
64.99999999999999
 20
210
 11
64.99999999999999
 21
110
  0
MTEXT
  5
1A9
100
AcDbEntity
  8
02. держатель
  6
CONTINUOUS
 62
    0
370
   -2
100
AcDbMText
 10
62.74999999999999
 20
160
 30
0
 40
2.5
 41
7.222222222222222
 71
    5
 72
    1
  1
100.0
  7
standard
210
0
220
0
230
1
 50
90
 73
    2
 44
1
  0
SOLID
  5
1AA
100
AcDbEntity
  8
02. держатель
  6
ByBlock
 62
   96
370
   -2
100
AcDbTrace
 10
64.99999999999999
 20
210
 30
0
 11
65.41628465777282
 21
207.5
 31
0
 12
64.58371534222715
 22
207.5
 32
0
 13
64.58371534222715
 23
207.5
 33
0
  0
SOLID
  5
1AB
100
AcDbEntity
  8
02. держатель
  6
ByBlock
 62
   96
370
   -2
100
AcDbTrace
 10
64.99999999999999
 20
110
 30
0
 11
64.58371534222715
 21
112.5
 31
0
 12
65.41628465777282
 22
112.5
 32
0
 13
65.41628465777282
 23
112.5
 33
0
  0
LINE
  5
1AC
100
AcDbEntity
  8
02. держатель
  6
ByBlock
 62
    0
370
   -2
100
AcDbLine
 10
89.375
 20
210
 11
63.74999999999999
 21
210
  0
LINE
  5
1AD
100
AcDbEntity
  8
02. держатель
  6
ByBlock
 62
    0
370
   -2
100
AcDbLine
 10
89.375
 20
110
 11
63.74999999999999
 21
110
  0
ENDBLK
  5
C6
330
C4
100
AcDbEntity
  8
0
100
AcDbBlockEnd
  0
BLOCK
  5
C8
330
C7
100
AcDbEntity
  8
0
100
AcDbBlockBegin
  2
*D33
 70
    1
 10
0
 20
0
  3
*D33
  1

  0
LINE
  5
1AE
100
AcDbEntity
  8
032. элементы
  6
ByBlock
 62
   96
370
   -2
100
AcDbLine
 10
75
 20
156
 11
90
 21
156
  0
MTEXT
  5
1AF
100
AcDbEntity
  8
032. элементы
  6
CONTINUOUS
 62
    0
370
   -2
100
AcDbMText
 10
82.5
 20
158.25
 30
0
 40
2.5
 41
3.888888888889044
 71
    5
 72
    1
  1
5.0
  7
standard
210
0
220
0
230
1
 50
0
 73
    2
 44
1
  0
SOLID
  5
1B0
100
AcDbEntity
  8
032. элементы
  6
ByBlock
 62
   96
370
   -2
100
AcDbTrace
 10
80
 20
156
 30
0
 11
77.5
 21
155.5837153422272
 31
0
 12
77.5
 22
156.4162846577728
 32
0
 13
77.5
 23
156.4162846577728
 33
0
  0
SOLID
  5
1B1
100
AcDbEntity
  8
032. элементы
  6
ByBlock
 62
   96
370
   -2
100
AcDbTrace
 10
85
 20
156
 30
0
 11
87.5
 21
156.4162846577728
 31
0
 12
87.5
 22
155.5837153422272
 32
0
 13
87.5
 23
155.5837153422272
 33
0
  0
LINE
  5
1B2
100
AcDbEntity
  8
032. элементы
  6
ByBlock
 62
    0
370
   -2
100
AcDbLine
 10
80
 20
152.625
 11
80
 21
157.25
  0
LINE
  5
1B3
100
AcDbEntity
  8
032. элементы
  6
ByBlock
 62
    0
370
   -2
100
AcDbLine
 10
85
 20
151.625
 11
85
 21
157.25
  0
ENDBLK
  5
C9
330
C7
100
AcDbEntity
  8
0
100
AcDbBlockEnd
  0
BLOCK
  5
CB
330
CA
100
AcDbEntity
  8
0
100
AcDbBlockBegin
  2
*D3
 70
    1
 10
0
 20
0
  3
*D3
  1

  0
LINE
  5
1B4
100
AcDbEntity
  8
02. держатель
  6
ByBlock
 62
   96
370
   -2
100
AcDbLine
 10
80
 20
136
 11
80
 21
128
  0
MTEXT
  5
1B5
100
AcDbEntity
  8
02. держатель
  6
CONTINUOUS
 62
    0
370
   -2
100
AcDbMText
 10
77.75
 20
132
 30
0
 40
2.5
 41
3.888888888888889
 71
    5
 72
    1
  1
8.0
  7
standard
210
0
220
0
230
1
 50
90
 73
    2
 44
1
  0
SOLID
  5
1B6
100
AcDbEntity
  8
02. держатель
  6
ByBlock
 62
   96
370
   -2
100
AcDbTrace
 10
80
 20
136
 30
0
 11
80.41628465777283
 21
133.5
 31
0
 12
79.58371534222717
 22
133.5
 32
0
 13
79.58371534222717
 23
133.5
 33
0
  0
SOLID
  5
1B7
100
AcDbEntity
  8
02. держатель
  6
ByBlock
 62
   96
370
   -2
100
AcDbTrace
 10
80
 20
128
 30
0
 11
79.58371534222717
 21
130.5
 31
0
 12
80.41628465777283
 22
130.5
 32
0
 13
80.41628465777283
 23
130.5
 33
0
  0
LINE
  5
1B8
100
AcDbEntity
  8
02. держатель
  6
ByBlock
 62
    0
370
   -2
100
AcDbLine
 10
99.375
 20
136
 11
78.75
 21
136
  0
LINE
  5
1B9
100
AcDbEntity
  8
02. держатель
  6
ByBlock
 62
    0
370
   -2
100
AcDbLine
 10
99.375
 20
128
 11
78.75
 21
128
  0
ENDBLK
  5
CC
330
CA
100
AcDbEntity
  8
0
100
AcDbBlockEnd
  0
BLOCK
  5
CE
330
CD
100
AcDbEntity
  8
0
100
AcDbBlockBegin
  2
*D39
 70
    1
 10
0
 20
0
  3
*D39
  1

  0
LINE
  5
1BA
100
AcDbEntity
  8
02. держатель
  6
ByBlock
 62
   96
370
   -2
100
AcDbLine
 10
104.0900974233027
 20
159.0900974233027
 11
135.9099025766973
 21
190.9099025766973
  0
MTEXT
  5
1BB
100
AcDbEntity
  8
02. держатель
  6
CONTINUOUS
 62
    0
370
   -2
100
AcDbMText
 10
118.4090097423303
 20
176.5909902576697
 30
0
 40
2.5
 41
6.111111111111267
 71
    5
 72
    1
  1
45.0
  7
standard
210
0
220
0
230
1
 50
45
 73
    2
 44
1
  0
SOLID
  5
1BC
100
AcDbEntity
  8
02. держатель
  6
ByBlock
 62
   96
370
   -2
100
AcDbTrace
 10
104.0900974233027
 20
159.0900974233027
 30
0
 11
105.563506671854
 21
161.1522220806842
 31
0
 12
106.1522220806842
 22
160.563506671854
 32
0
 13
106.1522220806842
 23
160.563506671854
 33
0
  0
SOLID
  5
1BD
100
AcDbEntity
  8
02. держатель
  6
ByBlock
 62
   96
370
   -2
100
AcDbTrace
 10
135.9099025766973
 20
190.9099025766973
 30
0
 11
134.436493328146
 21
188.8477779193158
 31
0
 12
133.8477779193158
 22
189.436493328146
 32
0
 13
133.8477779193158
 23
189.436493328146
 33
0
  0
ENDBLK
  5
CF
330
CD
100
AcDbEntity
  8
0
100
AcDbBlockEnd
  0
BLOCK
  5
D1
330
D0
100
AcDbEntity
  8
0
100
AcDbBlockBegin
  2
*D25
 70
    1
 10
0
 20
0
  3
*D25
  1

  0
LINE
  5
1BE
100
AcDbEntity
  8
012. основание размеры
  6
ByBlock
 62
   96
370
   -2
100
AcDbLine
 10
64
 20
120
 11
64
 21
135
  0
MTEXT
  5
1BF
100
AcDbEntity
  8
012. основание размеры
  6
CONTINUOUS
 62
    0
370
   -2
100
AcDbMText
 10
61.75
 20
127.5
 30
0
 40
2.5
 41
5.277777777777933
 71
    5
 72
    1
  1
15.0
  7
standard
210
0
220
0
230
1
 50
90
 73
    2
 44
1
  0
SOLID
  5
1C0
100
AcDbEntity
  8
012. основание размеры
  6
ByBlock
 62
   96
370
   -2
100
AcDbTrace
 10
64
 20
120
 30
0
 11
63.58371534222716
 21
122.5
 31
0
 12
64.41628465777283
 22
122.5
 32
0
 13
64.41628465777283
 23
122.5
 33
0
  0
SOLID
  5
1C1
100
AcDbEntity
  8
012. основание размеры
  6
ByBlock
 62
   96
370
   -2
100
AcDbTrace
 10
64
 20
135
 30
0
 11
64.41628465777283
 21
132.5
 31
0
 12
63.58371534222716
 22
132.5
 32
0
 13
63.58371534222716
 23
132.5
 33
0
  0
LINE
  5
1C2
100
AcDbEntity
  8
012. основание размеры
  6
ByBlock
 62
    0
370
   -2
100
AcDbLine
 10
77.375
 20
120
 11
62.75
 21
120
  0
LINE
  5
1C3
100
AcDbEntity
  8
012. основание размеры
  6
ByBlock
 62
    0
370
   -2
100
AcDbLine
 10
77.375
 20
135
 11
62.75
 21
135
  0
ENDBLK
  5
D2
330
D0
100
AcDbEntity
  8
0
100
AcDbBlockEnd
  0
BLOCK
  5
D4
330
D3
100
AcDbEntity
  8
0
100
AcDbBlockBegin
  2
*D18
 70
    1
 10
0
 20
0
  3
*D18
  1

  0
LINE
  5
1C4
100
AcDbEntity
  8
012. основание размеры
  6
ByBlock
 62
   96
370
   -2
100
AcDbLine
 10
180
 20
120
 11
180
 21
131
  0
MTEXT
  5
1C5
100
AcDbEntity
  8
012. основание размеры
  6
CONTINUOUS
 62
    0
370
   -2
100
AcDbMText
 10
177.75
 20
125.5
 30
0
 40
2.5
 41
4.722222222222222
 71
    5
 72
    1
  1
11.0
  7
standard
210
0
220
0
230
1
 50
90
 73
    2
 44
1
  0
SOLID
  5
1C6
100
AcDbEntity
  8
012. основание размеры
  6
ByBlock
 62
   96
370
   -2
100
AcDbTrace
 10
180
 20
120
 30
0
 11
179.5837153422272
 21
122.5
 31
0
 12
180.4162846577728
 22
122.5
 32
0
 13
180.4162846577728
 23
122.5
 33
0
  0
SOLID
  5
1C7
100
AcDbEntity
  8
012. основание размеры
  6
ByBlock
 62
   96
370
   -2
100
AcDbTrace
 10
180
 20
131
 30
0
 11
180.4162846577728
 21
128.5
 31
0
 12
179.5837153422272
 22
128.5
 32
0
 13
179.5837153422272
 23
128.5
 33
0
  0
LINE
  5
1C8
100
AcDbEntity
  8
012. основание размеры
  6
ByBlock
 62
    0
370
   -2
100
AcDbLine
 10
165.6250024507115
 20
120
 11
181.25
 21
120
  0
LINE
  5
1C9
100
AcDbEntity
  8
012. основание размеры
  6
ByBlock
 62
    0
370
   -2
100
AcDbLine
 10
170.625
 20
131
 11
181.25
 21
131
  0
ENDBLK
  5
D5
330
D3
100
AcDbEntity
  8
0
100
AcDbBlockEnd
  0
BLOCK
  5
D7
330
D6
100
AcDbEntity
  8
0
100
AcDbBlockBegin
  2
*D20
 70
    1
 10
0
 20
0
  3
*D20
  1

  0
LINE
  5
1CA
100
AcDbEntity
  8
012. основание размеры
  6
ByBlock
 62
   96
370
   -2
100
AcDbLine
 10
148.7844319609192
 20
128.7093826406891
 11
159.4597284480568
 21
121.2906196095828
  0
MTEXT
  5
1CB
100
AcDbEntity
  8
012. основание размеры
  6
CONTINUOUS
 62
    0
370
   -2
100
AcDbMText
 10
159.0557708956454
 20
124.3113193526596
 30
0
 40
2.5
 41
3.888888888889044
 71
    5
 72
    1
  1
3.0
  7
standard
210
0
220
0
230
1
 50
325.2027552593678
 73
    2
 44
1
  0
SOLID
  5
1CC
100
AcDbEntity
  8
012. основание размеры
  6
ByBlock
 62
   96
370
   -2
100
AcDbTrace
 10
152.8903152252029
 20
125.8560122441097
 30
0
 11
150.5998107292532
 21
126.9408542004939
 31
0
 12
151.0749364568689
 22
127.6245406843049
 32
0
 13
151.0749364568689
 23
127.6245406843049
 33
0
  0
SOLID
  5
1CD
100
AcDbEntity
  8
012. основание размеры
  6
ByBlock
 62
   96
370
   -2
100
AcDbTrace
 10
155.3538451837731
 20
124.1439900061621
 30
0
 11
157.6443496797228
 21
123.0591480497779
 31
0
 12
157.1692239521071
 22
122.3754615659669
 32
0
 13
157.1692239521071
 23
122.3754615659669
 33
0
  0
ENDBLK
  5
D8
330
D6
100
AcDbEntity
  8
0
100
AcDbBlockEnd
  0
BLOCK
  5
DA
330
D9
100
AcDbEntity
  8
0
100
AcDbBlockBegin
  2
*D41
 70
    1
 10
0
 20
0
  3
*D41
  1

  0
LINE
  5
1CE
100
AcDbEntity
  8
02. держатель
  6
ByBlock
 62
   96
370
   -2
100
AcDbLine
 10
80
 20
247
 11
80
 21
240
  0
MTEXT
  5
1CF
100
AcDbEntity
  8
02. держатель
  6
CONTINUOUS
 62
    0
370
   -2
100
AcDbMText
 10
77.75
 20
243.5
 30
0
 40
2.5
 41
3.888888888888889
 71
    5
 72
    1
  1
7.0
  7
standard
210
0
220
0
230
1
 50
90
 73
    2
 44
1
  0
SOLID
  5
1D0
100
AcDbEntity
  8
02. держатель
  6
ByBlock
 62
   96
370
   -2
100
AcDbTrace
 10
80
 20
247
 30
0
 11
80.41628465777283
 21
244.5
 31
0
 12
79.58371534222717
 22
244.5
 32
0
 13
79.58371534222717
 23
244.5
 33
0
  0
SOLID
  5
1D1
100
AcDbEntity
  8
02. держатель
  6
ByBlock
 62
   96
370
   -2
100
AcDbTrace
 10
80
 20
240
 30
0
 11
79.58371534222717
 21
242.5
 31
0
 12
80.41628465777283
 22
242.5
 32
0
 13
80.41628465777283
 23
242.5
 33
0
  0
LINE
  5
1D2
100
AcDbEntity
  8
02. держатель
  6
ByBlock
 62
    0
370
   -2
100
AcDbLine
 10
90.875
 20
247
 11
78.75
 21
247
  0
LINE
  5
1D3
100
AcDbEntity
  8
02. держатель
  6
ByBlock
 62
    0
370
   -2
100
AcDbLine
 10
96.875
 20
240
 11
78.75
 21
240
  0
ENDBLK
  5
DB
330
D9
100
AcDbEntity
  8
0
100
AcDbBlockEnd
  0
BLOCK
  5
DD
330
DC
100
AcDbEntity
  8
0
100
AcDbBlockBegin
  2
*D38
 70
    1
 10
0
 20
0
  3
*D38
  1

  0
LINE
  5
1D4
100
AcDbEntity
  8
02. держатель
  6
ByBlock
 62
   96
370
   -2
100
AcDbLine
 10
80
 20
210
 11
80
 21
175
  0
MTEXT
  5
1D5
100
AcDbEntity
  8
02. держатель
  6
CONTINUOUS
 62
    0
370
   -2
100
AcDbMText
 10
77.75
 20
192.5
 30
0
 40
2.5
 41
5.833333333333643
 71
    5
 72
    1
  1
35.0
  7
standard
210
0
220
0
230
1
 50
90
 73
    2
 44
1
  0
SOLID
  5
1D6
100
AcDbEntity
  8
02. держатель
  6
ByBlock
 62
   96
370
   -2
100
AcDbTrace
 10
80
 20
210
 30
0
 11
80.41628465777283
 21
207.5
 31
0
 12
79.58371534222717
 22
207.5
 32
0
 13
79.58371534222717
 23
207.5
 33
0
  0
SOLID
  5
1D7
100
AcDbEntity
  8
02. держатель
  6
ByBlock
 62
   96
370
   -2
100
AcDbTrace
 10
80
 20
175
 30
0
 11
79.58371534222717
 21
177.5
 31
0
 12
80.41628465777283
 22
177.5
 32
0
 13
80.41628465777283
 23
177.5
 33
0
  0
LINE
  5
1D8
100
AcDbEntity
  8
02. держатель
  6
ByBlock
 62
    0
370
   -2
100
AcDbLine
 10
89.375
 20
210
 11
78.75
 21
210
  0
LINE
  5
1D9
100
AcDbEntity
  8
02. держатель
  6
ByBlock
 62
    0
370
   -2
100
AcDbLine
 10
119.375
 20
175
 11
78.75
 21
175
  0
ENDBLK
  5
DE
330
DC
100
AcDbEntity
  8
0
100
AcDbBlockEnd
  0
BLOCK
  5
E0
330
DF
100
AcDbEntity
  8
0
100
AcDbBlockBegin
  2
*D29
 70
    1
 10
0
 20
0
  3
*D29
  1

  0
LINE
  5
1DA
100
AcDbEntity
  8
012. основание размеры
  6
ByBlock
 62
   96
370
   -2
100
AcDbLine
 10
180
 20
131
 11
180
 21
145
  0
MTEXT
  5
1DB
100
AcDbEntity
  8
012. основание размеры
  6
CONTINUOUS
 62
    0
370
   -2
100
AcDbMText
 10
177.75
 20
138
 30
0
 40
2.5
 41
5.555555555555555
 71
    5
 72
    1
  1
14.0
  7
standard
210
0
220
0
230
1
 50
90
 73
    2
 44
1
  0
SOLID
  5
1DC
100
AcDbEntity
  8
012. основание размеры
  6
ByBlock
 62
   96
370
   -2
100
AcDbTrace
 10
180
 20
131
 30
0
 11
179.5837153422272
 21
133.5
 31
0
 12
180.4162846577728
 22
133.5
 32
0
 13
180.4162846577728
 23
133.5
 33
0
  0
SOLID
  5
1DD
100
AcDbEntity
  8
012. основание размеры
  6
ByBlock
 62
   96
370
   -2
100
AcDbTrace
 10
180
 20
145
 30
0
 11
180.4162846577728
 21
142.5
 31
0
 12
179.5837153422272
 22
142.5
 32
0
 13
179.5837153422272
 23
142.5
 33
0
  0
LINE
  5
1DE
100
AcDbEntity
  8
012. основание размеры
  6
ByBlock
 62
    0
370
   -2
100
AcDbLine
 10
170.625
 20
131
 11
181.25
 21
131
  0
LINE
  5
1DF
100
AcDbEntity
  8
012. основание размеры
  6
ByBlock
 62
    0
370
   -2
100
AcDbLine
 10
170.625
 20
145
 11
181.25
 21
145
  0
ENDBLK
  5
E1
330
DF
100
AcDbEntity
  8
0
100
AcDbBlockEnd
  0
BLOCK
  5
E3
330
E2
100
AcDbEntity
  8
0
100
AcDbBlockBegin
  2
*D8
 70
    1
 10
0
 20
0
  3
*D8
  1

  0
SOLID
  5
1E0
100
AcDbEntity
  8
02. держатель
  6
ByBlock
 62
   96
370
   -2
100
AcDbTrace
 10
125.4299717028502
 20
129.9420169782899
 30
0
 11
127.7878807066053
 21
129.012738738844
 31
0
 12
127.3595273276578
 22
128.2988164405982
 32
0
 13
127.3595273276578
 23
128.2988164405982
 33
0
  0
LINE
  5
1E1
100
AcDbEntity
  8
02. держатель
  6
ByBlock
 62
   96
370
   -2
100
AcDbLine
 10
122
 20
132
 11
133.2903235218819
 21
125.2258058868709
  0
MTEXT
  5
1E2
100
AcDbEntity
  8
02. держатель
  6
CONTINUOUS
 62
    0
370
   -2
100
AcDbMText
 10
130.517763062078
 20
129.5132705154336
 30
0
 40
2.5
 41
4.166666666666667
 71
    5
 72
    1
  1
4.0
  7
standard
210
0
220
0
230
1
 50
329.0362434679267
 73
    2
 44
1
  0
ENDBLK
  5
E4
330
E2
100
AcDbEntity
  8
0
100
AcDbBlockEnd
  0
BLOCK
  5
E6
330
E5
100
AcDbEntity
  8
0
100
AcDbBlockBegin
  2
*D26
 70
    1
 10
0
 20
0
  3
*D26
  1

  0
LINE
  5
1E3
100
AcDbEntity
  8
012. основание размеры
  6
ByBlock
 62
   96
370
   -2
100
AcDbLine
 10
65
 20
210
 11
80.00000000000001
 21
210
  0
MTEXT
  5
1E4
100
AcDbEntity
  8
012. основание размеры
  6
CONTINUOUS
 62
    0
370
   -2
100
AcDbMText
 10
72.5
 20
212.25
 30
0
 40
2.5
 41
3.888888888889044
 71
    5
 72
    1
  1
5.0
  7
standard
210
0
220
0
230
1
 50
0
 73
    2
 44
1
  0
SOLID
  5
1E5
100
AcDbEntity
  8
012. основание размеры
  6
ByBlock
 62
   96
370
   -2
100
AcDbTrace
 10
70
 20
210
 30
0
 11
67.5
 21
209.5837153422272
 31
0
 12
67.5
 22
210.4162846577728
 32
0
 13
67.5
 23
210.4162846577728
 33
0
  0
SOLID
  5
1E6
100
AcDbEntity
  8
012. основание размеры
  6
ByBlock
 62
   96
370
   -2
100
AcDbTrace
 10
75.00000000000001
 20
210
 30
0
 11
77.50000000000001
 21
210.4162846577728
 31
0
 12
77.50000000000001
 22
209.5837153422272
 32
0
 13
77.50000000000001
 23
209.5837153422272
 33
0
  0
LINE
  5
1E7
100
AcDbEntity
  8
012. основание размеры
  6
ByBlock
 62
    0
370
   -2
100
AcDbLine
 10
70
 20
196.625
 11
70
 21
211.25
  0
LINE
  5
1E8
100
AcDbEntity
  8
012. основание размеры
  6
ByBlock
 62
    0
370
   -2
100
AcDbLine
 10
75.00000000000001
 20
200.625
 11
75.00000000000001
 21
211.25
  0
ENDBLK
  5
E7
330
E5
100
AcDbEntity
  8
0
100
AcDbBlockEnd
  0
BLOCK
  5
E9
330
E8
100
AcDbEntity
  8
0
100
AcDbBlockBegin
  2
штамп А4 альбомный
 70
    0
 10
0
 20
0
  3
штамп А4 альбомный
  1

  0
LINE
  5
1E9
100
AcDbEntity
  8
штамп A4 альбомный
  6
CONTINUOUS
 62
    5
370
   20
100
AcDbLine
 10
210
 20
297
 11
210
 21
0
  0
LINE
  5
1EA
100
AcDbEntity
  8
штамп A4 альбомный
  6
CONTINUOUS
 62
    5
370
   20
100
AcDbLine
 10
0
 20
0
 11
0
 21
297
  0
LINE
  5
1EB
100
AcDbEntity
  8
штамп A4 альбомный
  6
CONTINUOUS
 62
    5
370
   20
100
AcDbLine
 10
0
 20
0
 11
210
 21
0
  0
LINE
  5
1EC
100
AcDbEntity
  8
штамп A4 альбомный
  6
CONTINUOUS
 62
    5
370
   20
100
AcDbLine
 10
0
 20
297
 11
210
 21
297
  0
LINE
  5
1ED
100
AcDbEntity
  8
штамп A4 альбомный
  6
CONTINUOUS
 62
    1
370
   60
100
AcDbLine
 10
20
 20
5
 11
205
 21
5
  0
LINE
  5
1EE
100
AcDbEntity
  8
штамп A4 альбомный
  6
CONTINUOUS
 62
    1
370
   60
100
AcDbLine
 10
20
 20
292
 11
205
 21
292
  0
LINE
  5
1EF
100
AcDbEntity
  8
штамп A4 альбомный
  6
CONTINUOUS
 62
    1
370
   60
100
AcDbLine
 10
205
 20
292
 11
205
 21
5
  0
LINE
  5
1F0
100
AcDbEntity
  8
штамп A4 альбомный
  6
CONTINUOUS
 62
    1
370
   60
100
AcDbLine
 10
20
 20
5
 11
20
 21
292
  0
LINE
  5
1F1
100
AcDbEntity
  8
штамп A4 альбомный
  6
CONTINUOUS
 62
    1
370
   60
100
AcDbLine
 10
20
 20
5
 11
205
 21
5
  0
LINE
  5
1F2
100
AcDbEntity
  8
штамп A4 альбомный
  6
CONTINUOUS
 62
    1
370
   60
100
AcDbLine
 10
20
 20
5.000000253502606
 11
20
 21
60.00000025350261
  0
MTEXT
  5
1F3
100
AcDbEntity
  8
штамп A4 альбомный
  6
ByLayer
 62
  256
370
   -1
100
AcDbMText
 10
171.5
 20
116
 30
0
 40
2
 41
6.000000000000092
 71
    1
 72
    1
  1
Лист
  7
cyrillic_ii
210
0
220
0
230
1
 50
90
 73
    2
 44
1
  0
MTEXT
  5
1F4
100
AcDbEntity
  8
штамп A4 альбомный
  6
ByLayer
 62
  256
370
   -1
100
AcDbMText
 10
171.5
 20
149.4
 30
0
 40
2
 41
10.22222222222232
 71
    1
 72
    1
  1
Подпись
  7
cyrillic_ii
210
0
220
0
230
1
 50
90
 73
    2
 44
1
  0
MTEXT
  5
1F5
100
AcDbEntity
  8
штамп A4 альбомный
  6
ByLayer
 62
  256
370
   -1
100
AcDbMText
 10
171.5
 20
126.7
 30
0
 40
2
 41
17.6111111111112
 71
    1
 72
    1
  1
N документа
  7
cyrillic_ii
210
0
220
0
230
1
 50
90
 73
    2
 44
1
  0
MTEXT
  5
1F6
100
AcDbEntity
  8
штамп A4 альбомный
  6
ByLayer
 62
  256
370
   -1
100
AcDbMText
 10
171.5
 20
108.3
 30
0
 40
2
 41
4.444444444444444
 71
    1
 72
    1
  1
Изм
  7
cyrillic_ii
210
0
220
0
230
1
 50
90
 73
    2
 44
1
  0
MTEXT
  5
1F7
100
AcDbEntity
  8
штамп A4 альбомный
  6
ByLayer
 62
  256
370
   -1
100
AcDbMText
 10
166.5
 20
247.1
 30
0
 40
2
 41
5.333333333333426
 71
    1
 72
    1
  1
Лит.
  7
cyrillic_ii
210
0
220
0
230
1
 50
90
 73
    2
 44
1
  0
MTEXT
  5
1F8
100
AcDbEntity
  8
штамп A4 альбомный
  6
ByLayer
 62
  256
370
   -1
100
AcDbMText
 10
166.5
 20
261.5
 30
0
 40
2
 41
7.777777777777777
 71
    1
 72
    1
  1
Масса
  7
cyrillic_ii
210
0
220
0
230
1
 50
90
 73
    2
 44
1
  0
MTEXT
  5
1F9
100
AcDbEntity
  8
штамп A4 альбомный
  6
ByLayer
 62
  256
370
   -1
100
AcDbMText
 10
166.5
 20
277
 30
0
 40
2
 41
12.00000000000009
 71
    1
 72
    1
  1
Масштаб
  7
cyrillic_ii
210
0
220
0
230
1
 50
90
 73
    2
 44
1
  0
MTEXT
  5
1FA
100
AcDbEntity
  8
штамп A4 альбомный
  6
ByLayer
 62
  256
370
   -1
100
AcDbMText
 10
171.5
 20
163.5
 30
0
 40
2
 41
7.111111111111204
 71
    1
 72
    1
  1
Дата
  7
cyrillic_ii
210
0
220
0
230
1
 50
90
 73
    2
 44
1
  0
MTEXT
  5
1FB
100
AcDbEntity
  8
штамп A4 альбомный
  6
ByLayer
 62
  256
370
   -1
100
AcDbMText
 10
176.6
 20
109
 30
0
 40
2
 41
10.22222222222222
 71
    1
 72
    1
  1
Разраб.
  7
cyrillic_ii
210
0
220
0
230
1
 50
90
 73
    2
 44
1
  0
MTEXT
  5
1FC
100
AcDbEntity
  8
штамп A4 альбомный
  6
ByLayer
 62
  256
370
   -1
100
AcDbMText
 10
181.6
 20
109
 30
0
 40
2
 41
6.444444444444444
 71
    1
 72
    1
  1
Пров.
  7
cyrillic_ii
210
0
220
0
230
1
 50
90
 73
    2
 44
1
  0
MTEXT
  5
1FD
100
AcDbEntity
  8
штамп A4 альбомный
  6
ByLayer
 62
  256
370
   -1
100
AcDbMText
 10
186.6
 20
109
 30
0
 40
2
 41
10.88888888888898
 71
    1
 72
    1
  1
Т.контр.
  7
cyrillic_ii
210
0
220
0
230
1
 50
90
 73
    2
 44
1
  0
MTEXT
  5
1FE
100
AcDbEntity
  8
штамп A4 альбомный
  6
ByLayer
 62
  256
370
   -1
100
AcDbMText
 10
196.6
 20
109
 30
0
 40
2
 41
12.16666666666676
 71
    1
 72
    1
  1
Н. контр.
  7
cyrillic_ii
210
0
220
0
230
1
 50
90
 73
    2
 44
1
  0
MTEXT
  5
1FF
100
AcDbEntity
  8
штамп A4 альбомный
  6
ByLayer
 62
  256
370
   -1
100
AcDbMText
 10
201.6
 20
109
 30
0
 40
2
 41
5.333333333333426
 71
    1
 72
    1
  1
Утв.
  7
cyrillic_ii
210
0
220
0
230
1
 50
90
 73
    2
 44
1
  0
MTEXT
  5
200
100
AcDbEntity
  8
штамп A4 альбомный
  6
ByLayer
 62
  256
370
   -1
100
AcDbMText
 10
186.5
 20
249
 30
0
 40
2
 41
6.000000000000092
 71
    1
 72
    1
  1
Лист
  7
cyrillic_ii
210
0
220
0
230
1
 50
90
 73
    2
 44
1
  0
MTEXT
  5
201
100
AcDbEntity
  8
штамп A4 альбомный
  6
ByLayer
 62
  256
370
   -1
100
AcDbMText
 10
186.5
 20
271
 30
0
 40
2
 41
9.111111111111205
 71
    1
 72
    1
  1
Листов
  7
cyrillic_ii
210
0
220
0
230
1
 50
90
 73
    2
 44
1
  0
LINE
  5
202
100
AcDbEntity
  8
штамп A4 альбомный
  6
CONTINUOUS
 62
    1
370
   60
100
AcDbLine
 10
205
 20
107
 11
205
 21
292
  0
LINE
  5
203
100
AcDbEntity
  8
штамп A4 альбомный
  6
CONTINUOUS
 62
    1
370
   60
100
AcDbLine
 10
190
 20
262
 11
185
 21
262
  0
LINE
  5
204
100
AcDbEntity
  8
штамп A4 альбомный
  6
CONTINUOUS
 62
    1
370
   60
100
AcDbLine
 10
185
 20
257
 11
165
 21
257
  0
LINE
  5
205
100
AcDbEntity
  8
штамп A4 альбомный
  6
CONTINUOUS
 62
    5
370
   20
100
AcDbLine
 10
185
 20
252
 11
170
 21
252
  0
LINE
  5
206
100
AcDbEntity
  8
штамп A4 альбомный
  6
CONTINUOUS
 62
    1
370
   60
100
AcDbLine
 10
185
 20
274
 11
165
 21
274
  0
LINE
  5
207
100
AcDbEntity
  8
штамп A4 альбомный
  6
CONTINUOUS
 62
    5
370
   20
100
AcDbLine
 10
185
 20
247
 11
170
 21
247
  0
LINE
  5
208
100
AcDbEntity
  8
штамп A4 альбомный
  6
CONTINUOUS
 62
    1
370
   60
100
AcDbLine
 10
205
 20
242
 11
165
 21
242
  0
LINE
  5
209
100
AcDbEntity
  8
штамп A4 альбомный
  6
CONTINUOUS
 62
    1
370
   60
100
AcDbLine
 10
170
 20
242
 11
170
 21
292
  0
LINE
  5
20A
100
AcDbEntity
  8
штамп A4 альбомный
  6
CONTINUOUS
 62
    1
370
   60
100
AcDbLine
 10
185
 20
242
 11
185
 21
292
  0
LINE
  5
20B
100
AcDbEntity
  8
штамп A4 альбомный
  6
CONTINUOUS
 62
    1
370
   60
100
AcDbLine
 10
205
 20
162
 11
150
 21
162
  0
LINE
  5
20C
100
AcDbEntity
  8
штамп A4 альбомный
  6
CONTINUOUS
 62
    1
370
   60
100
AcDbLine
 10
205
 20
147
 11
150
 21
147
  0
LINE
  5
20D
100
AcDbEntity
  8
штамп A4 альбомный
  6
CONTINUOUS
 62
    1
370
   60
100
AcDbLine
 10
205
 20
124
 11
150
 21
124
  0
LINE
  5
20E
100
AcDbEntity
  8
штамп A4 альбомный
  6
CONTINUOUS
 62
    1
370
   60
100
AcDbLine
 10
205
 20
172
 11
150
 21
172
  0
LINE
  5
20F
100
AcDbEntity
  8
штамп A4 альбомный
  6
CONTINUOUS
 62
    1
370
   60
100
AcDbLine
 10
175
 20
114
 11
150
 21
114
  0
LINE
  5
210
100
AcDbEntity
  8
штамп A4 альбомный
  6
CONTINUOUS
 62
    5
370
   20
100
AcDbLine
 10
155
 20
107
 11
155
 21
172
  0
LINE
  5
211
100
AcDbEntity
  8
штамп A4 альбомный
  6
CONTINUOUS
 62
    5
370
   20
100
AcDbLine
 10
160
 20
107
 11
160
 21
172
  0
LINE
  5
212
100
AcDbEntity
  8
штамп A4 альбомный
  6
CONTINUOUS
 62
    5
370
   20
100
AcDbLine
 10
165
 20
107
 11
165
 21
172
  0
LINE
  5
213
100
AcDbEntity
  8
штамп A4 альбомный
  6
CONTINUOUS
 62
    5
370
   20
100
AcDbLine
 10
180
 20
107
 11
180
 21
172
  0
LINE
  5
214
100
AcDbEntity
  8
штамп A4 альбомный
  6
CONTINUOUS
 62
    5
370
   20
100
AcDbLine
 10
185
 20
107
 11
185
 21
172
  0
LINE
  5
215
100
AcDbEntity
  8
штамп A4 альбомный
  6
CONTINUOUS
 62
    5
370
   20
100
AcDbLine
 10
190
 20
107
 11
190
 21
172
  0
LINE
  5
216
100
AcDbEntity
  8
штамп A4 альбомный
  6
CONTINUOUS
 62
    5
370
   20
100
AcDbLine
 10
195
 20
107
 11
195
 21
172
  0
LINE
  5
217
100
AcDbEntity
  8
штамп A4 альбомный
  6
CONTINUOUS
 62
    5
370
   20
100
AcDbLine
 10
200
 20
107
 11
200
 21
172
  0
LINE
  5
218
100
AcDbEntity
  8
штамп A4 альбомный
  6
CONTINUOUS
 62
    1
370
   60
100
AcDbLine
 10
170
 20
107
 11
170
 21
172
  0
LINE
  5
219
100
AcDbEntity
  8
штамп A4 альбомный
  6
CONTINUOUS
 62
    1
370
   60
100
AcDbLine
 10
175
 20
107
 11
175
 21
172
  0
LINE
  5
21A
100
AcDbEntity
  8
штамп A4 альбомный
  6
CONTINUOUS
 62
    1
370
   60
100
AcDbLine
 10
150
 20
107
 11
150
 21
292
  0
LINE
  5
21B
100
AcDbEntity
  8
штамп A4 альбомный
  6
CONTINUOUS
 62
    1
370
   60
100
AcDbLine
 10
205
 20
107
 11
205
 21
292
  0
LINE
  5
21C
100
AcDbEntity
  8
штамп A4 альбомный
  6
CONTINUOUS
 62
    1
370
   60
100
AcDbLine
 10
165
 20
172
 11
165
 21
292
  0
LINE
  5
21D
100
AcDbEntity
  8
штамп A4 альбомный
  6
CONTINUOUS
 62
    1
370
   60
100
AcDbLine
 10
190
 20
172
 11
190
 21
292
  0
LINE
  5
21E
100
AcDbEntity
  8
штамп A4 альбомный
  6
CONTINUOUS
 62
    1
370
   60
100
AcDbLine
 10
204.9999997464974
 20
107
 11
149.9999997464974
 21
107
  0
LINE
  5
21F
100
AcDbEntity
  8
штамп A4 альбомный
  6
CONTINUOUS
 62
    1
370
   60
100
AcDbLine
 10
150
 20
292
 11
205
 21
292
  0
LINE
  5
220
100
AcDbEntity
  8
штамп A4 альбомный
  6
CONTINUOUS
 62
    1
370
   60
100
AcDbLine
 10
205
 20
107
 11
149.9999997464974
 21
107
  0
ENDBLK
  5
EA
330
E8
100
AcDbEntity
  8
0
100
AcDbBlockEnd
  0
BLOCK
  5
EC
330
EB
100
AcDbEntity
  8
0
100
AcDbBlockBegin
  2
штамп A4 книжный
 70
    0
 10
0
 20
0
  3
штамп A4 книжный
  1

  0
MTEXT
  5
221
100
AcDbEntity
  8
0
  6
ByLayer
 62
  256
370
   -1
100
AcDbMText
 10
29
 20
38.5
 30
0
 40
2
 41
6.000000000000092
 71
    1
 72
    1
  1
Лист
  7
cyrillic_ii
210
0
220
0
230
1
 50
0
 73
    2
 44
1
  0
MTEXT
  5
222
100
AcDbEntity
  8
0
  6
ByLayer
 62
  256
370
   -1
100
AcDbMText
 10
62.4
 20
38.5
 30
0
 40
2
 41
10.22222222222232
 71
    1
 72
    1
  1
Подпись
  7
cyrillic_ii
210
0
220
0
230
1
 50
0
 73
    2
 44
1
  0
MTEXT
  5
223
100
AcDbEntity
  8
0
  6
ByLayer
 62
  256
370
   -1
100
AcDbMText
 10
39.7
 20
38.5
 30
0
 40
2
 41
17.6111111111112
 71
    1
 72
    1
  1
N документа
  7
cyrillic_ii
210
0
220
0
230
1
 50
0
 73
    2
 44
1
  0
MTEXT
  5
224
100
AcDbEntity
  8
0
  6
ByLayer
 62
  256
370
   -1
100
AcDbMText
 10
21.3
 20
38.5
 30
0
 40
2
 41
4.444444444444444
 71
    1
 72
    1
  1
Изм
  7
cyrillic_ii
210
0
220
0
230
1
 50
0
 73
    2
 44
1
  0
MTEXT
  5
225
100
AcDbEntity
  8
0
  6
ByLayer
 62
  256
370
   -1
100
AcDbMText
 10
160.1
 20
43.50000000000001
 30
0
 40
2
 41
5.333333333333426
 71
    1
 72
    1
  1
Лит.
  7
cyrillic_ii
210
0
220
0
230
1
 50
0
 73
    2
 44
1
  0
MTEXT
  5
226
100
AcDbEntity
  8
0
  6
ByLayer
 62
  256
370
   -1
100
AcDbMText
 10
174.5
 20
43.5
 30
0
 40
2
 41
7.777777777777777
 71
    1
 72
    1
  1
Масса
  7
cyrillic_ii
210
0
220
0
230
1
 50
0
 73
    2
 44
1
  0
MTEXT
  5
227
100
AcDbEntity
  8
0
  6
ByLayer
 62
  256
370
   -1
100
AcDbMText
 10
190
 20
43.50000000000001
 30
0
 40
2
 41
12.00000000000009
 71
    1
 72
    1
  1
Масштаб
  7
cyrillic_ii
210
0
220
0
230
1
 50
0
 73
    2
 44
1
  0
MTEXT
  5
228
100
AcDbEntity
  8
0
  6
ByLayer
 62
  256
370
   -1
100
AcDbMText
 10
76.5
 20
38.5
 30
0
 40
2
 41
7.111111111111204
 71
    1
 72
    1
  1
Дата
  7
cyrillic_ii
210
0
220
0
230
1
 50
0
 73
    2
 44
1
  0
MTEXT
  5
229
100
AcDbEntity
  8
0
  6
ByLayer
 62
  256
370
   -1
100
AcDbMText
 10
22
 20
33.40000000000001
 30
0
 40
2
 41
10.22222222222222
 71
    1
 72
    1
  1
Разраб.
  7
cyrillic_ii
210
0
220
0
230
1
 50
0
 73
    2
 44
1
  0
MTEXT
  5
22A
100
AcDbEntity
  8
0
  6
ByLayer
 62
  256
370
   -1
100
AcDbMText
 10
22
 20
28.4
 30
0
 40
2
 41
6.444444444444444
 71
    1
 72
    1
  1
Пров.
  7
cyrillic_ii
210
0
220
0
230
1
 50
0
 73
    2
 44
1
  0
MTEXT
  5
22B
100
AcDbEntity
  8
0
  6
ByLayer
 62
  256
370
   -1
100
AcDbMText
 10
22
 20
13.4
 30
0
 40
2
 41
12.16666666666676
 71
    1
 72
    1
  1
Н. контр.
  7
cyrillic_ii
210
0
220
0
230
1
 50
0
 73
    2
 44
1
  0
MTEXT
  5
22C
100
AcDbEntity
  8
0
  6
ByLayer
 62
  256
370
   -1
100
AcDbMText
 10
22
 20
8.400000000000002
 30
0
 40
2
 41
5.333333333333426
 71
    1
 72
    1
  1
Утв.
  7
cyrillic_ii
210
0
220
0
230
1
 50
0
 73
    2
 44
1
  0
MTEXT
  5
22D
100
AcDbEntity
  8
0
  6
ByLayer
 62
  256
370
   -1
100
AcDbMText
 10
162
 20
23.5
 30
0
 40
2
 41
6.000000000000092
 71
    1
 72
    1
  1
Лист
  7
cyrillic_ii
210
0
220
0
230
1
 50
0
 73
    2
 44
1
  0
MTEXT
  5
22E
100
AcDbEntity
  8
0
  6
ByLayer
 62
  256
370
   -1
100
AcDbMText
 10
184
 20
23.5
 30
0
 40
2
 41
9.111111111111205
 71
    1
 72
    1
  1
Листов
  7
cyrillic_ii
210
0
220
0
230
1
 50
0
 73
    2
 44
1
  0
LINE
  5
22F
100
AcDbEntity
  8
0
  6
CONTINUOUS
 62
    5
370
   20
100
AcDbLine
 10
210
 20
297
 11
210
 21
0
  0
LINE
  5
230
100
AcDbEntity
  8
0
  6
CONTINUOUS
 62
    5
370
   20
100
AcDbLine
 10
0
 20
0
 11
0
 21
297
  0
LINE
  5
231
100
AcDbEntity
  8
0
  6
CONTINUOUS
 62
    5
370
   20
100
AcDbLine
 10
0
 20
0
 11
210
 21
0
  0
LINE
  5
232
100
AcDbEntity
  8
0
  6
CONTINUOUS
 62
    5
370
   20
100
AcDbLine
 10
0
 20
297
 11
210
 21
297
  0
LINE
  5
233
100
AcDbEntity
  8
0
  6
CONTINUOUS
 62
    1
370
   60
100
AcDbLine
 10
20
 20
5
 11
205
 21
5
  0
LINE
  5
234
100
AcDbEntity
  8
0
  6
CONTINUOUS
 62
    1
370
   60
100
AcDbLine
 10
20
 20
292
 11
205
 21
292
  0
LINE
  5
235
100
AcDbEntity
  8
0
  6
CONTINUOUS
 62
    1
370
   60
100
AcDbLine
 10
205
 20
292
 11
205
 21
5
  0
LINE
  5
236
100
AcDbEntity
  8
0
  6
CONTINUOUS
 62
    1
370
   60
100
AcDbLine
 10
20
 20
5
 11
20
 21
292
  0
LINE
  5
237
100
AcDbEntity
  8
0
  6
CONTINUOUS
 62
    1
370
   60
100
AcDbLine
 10
175
 20
20
 11
175
 21
25
  0
LINE
  5
238
100
AcDbEntity
  8
0
  6
CONTINUOUS
 62
    1
370
   60
100
AcDbLine
 10
170
 20
25
 11
170
 21
45
  0
LINE
  5
239
100
AcDbEntity
  8
0
  6
CONTINUOUS
 62
    5
370
   20
100
AcDbLine
 10
165
 20
25
 11
165
 21
40
  0
LINE
  5
23A
100
AcDbEntity
  8
0
  6
CONTINUOUS
 62
    1
370
   60
100
AcDbLine
 10
187
 20
25
 11
187
 21
45
  0
LINE
  5
23B
100
AcDbEntity
  8
0
  6
CONTINUOUS
 62
    5
370
   20
100
AcDbLine
 10
160
 20
25
 11
160
 21
40
  0
LINE
  5
23C
100
AcDbEntity
  8
0
  6
CONTINUOUS
 62
    1
370
   60
100
AcDbLine
 10
155
 20
5
 11
155
 21
45
  0
LINE
  5
23D
100
AcDbEntity
  8
0
  6
CONTINUOUS
 62
    1
370
   60
100
AcDbLine
 10
155
 20
40
 11
205
 21
40
  0
LINE
  5
23E
100
AcDbEntity
  8
0
  6
CONTINUOUS
 62
    1
370
   60
100
AcDbLine
 10
155
 20
25
 11
205
 21
25
  0
LINE
  5
23F
100
AcDbEntity
  8
0
  6
CONTINUOUS
 62
    1
370
   60
100
AcDbLine
 10
75
 20
5
 11
75
 21
60
  0
LINE
  5
240
100
AcDbEntity
  8
0
  6
CONTINUOUS
 62
    1
370
   60
100
AcDbLine
 10
60
 20
5
 11
60
 21
60
  0
LINE
  5
241
100
AcDbEntity
  8
0
  6
CONTINUOUS
 62
    1
370
   60
100
AcDbLine
 10
37
 20
5
 11
37
 21
60
  0
LINE
  5
242
100
AcDbEntity
  8
0
  6
CONTINUOUS
 62
    1
370
   60
100
AcDbLine
 10
85
 20
5
 11
85
 21
60
  0
LINE
  5
243
100
AcDbEntity
  8
0
  6
CONTINUOUS
 62
    1
370
   60
100
AcDbLine
 10
27
 20
35
 11
27
 21
60
  0
LINE
  5
244
100
AcDbEntity
  8
0
  6
CONTINUOUS
 62
    5
370
   20
100
AcDbLine
 10
20
 20
55
 11
85
 21
55
  0
LINE
  5
245
100
AcDbEntity
  8
0
  6
CONTINUOUS
 62
    5
370
   20
100
AcDbLine
 10
20
 20
50
 11
85
 21
50
  0
LINE
  5
246
100
AcDbEntity
  8
0
  6
CONTINUOUS
 62
    5
370
   20
100
AcDbLine
 10
20
 20
45
 11
85
 21
45
  0
LINE
  5
247
100
AcDbEntity
  8
0
  6
CONTINUOUS
 62
    5
370
   20
100
AcDbLine
 10
20
 20
30
 11
85
 21
30
  0
LINE
  5
248
100
AcDbEntity
  8
0
  6
CONTINUOUS
 62
    5
370
   20
100
AcDbLine
 10
20
 20
25
 11
85
 21
25
  0
LINE
  5
249
100
AcDbEntity
  8
0
  6
CONTINUOUS
 62
    5
370
   20
100
AcDbLine
 10
20
 20
20
 11
85
 21
20
  0
LINE
  5
24A
100
AcDbEntity
  8
0
  6
CONTINUOUS
 62
    5
370
   20
100
AcDbLine
 10
20
 20
15
 11
85
 21
15
  0
LINE
  5
24B
100
AcDbEntity
  8
0
  6
CONTINUOUS
 62
    5
370
   20
100
AcDbLine
 10
20
 20
10
 11
85
 21
10
  0
LINE
  5
24C
100
AcDbEntity
  8
0
  6
CONTINUOUS
 62
    1
370
   60
100
AcDbLine
 10
20
 20
40
 11
85
 21
40
  0
LINE
  5
24D
100
AcDbEntity
  8
0
  6
CONTINUOUS
 62
    1
370
   60
100
AcDbLine
 10
20
 20
35
 11
85
 21
35
  0
LINE
  5
24E
100
AcDbEntity
  8
0
  6
CONTINUOUS
 62
    1
370
   60
100
AcDbLine
 10
20
 20
60
 11
205
 21
60
  0
LINE
  5
24F
100
AcDbEntity
  8
0
  6
CONTINUOUS
 62
    1
370
   60
100
AcDbLine
 10
20
 20
5
 11
205
 21
5
  0
LINE
  5
250
100
AcDbEntity
  8
0
  6
CONTINUOUS
 62
    1
370
   60
100
AcDbLine
 10
85
 20
45
 11
205
 21
45
  0
LINE
  5
251
100
AcDbEntity
  8
0
  6
CONTINUOUS
 62
    1
370
   60
100
AcDbLine
 10
85
 20
20
 11
205
 21
20
  0
LINE
  5
252
100
AcDbEntity
  8
0
  6
CONTINUOUS
 62
    1
370
   60
100
AcDbLine
 10
20
 20
5.000000253502606
 11
20
 21
60.00000025350261
  0
MTEXT
  5
253
100
AcDbEntity
  8
0
  6
ByLayer
 62
  256
370
   -1
100
AcDbMText
 10
22
 20
23.4
 30
0
 40
2
 41
12.38888888888898
 71
    1
 72
    1
  1
Т. контр.
  7
cyrillic_ii
210
0
220
0
230
1
 50
0
 73
    2
 44
1
  0
ENDBLK
  5
ED
330
EB
100
AcDbEntity
  8
0
100
AcDbBlockEnd
  0
BLOCK
  5
EF
330
EE
100
AcDbEntity
  8
0
100
AcDbBlockBegin
  2
штамп A4 спецификация
 70
    0
 10
0
 20
0
  3
штамп A4 спецификация
  1

  0
LINE
  5
254
100
AcDbEntity
  8
штамп А4 спецификация
  6
CONTINUOUS
 62
    5
370
   20
100
AcDbLine
 10
210
 20
297
 11
210
 21
0
  0
LINE
  5
255
100
AcDbEntity
  8
штамп А4 спецификация
  6
CONTINUOUS
 62
    5
370
   20
100
AcDbLine
 10
0
 20
0
 11
0
 21
297
  0
LINE
  5
256
100
AcDbEntity
  8
штамп А4 спецификация
  6
CONTINUOUS
 62
    5
370
   20
100
AcDbLine
 10
0
 20
0
 11
210
 21
0
  0
LINE
  5
257
100
AcDbEntity
  8
штамп А4 спецификация
  6
CONTINUOUS
 62
    5
370
   20
100
AcDbLine
 10
0
 20
297
 11
210
 21
297
  0
LINE
  5
258
100
AcDbEntity
  8
штамп А4 спецификация
  6
CONTINUOUS
 62
    1
370
   60
100
AcDbLine
 10
20
 20
5
 11
205
 21
5
  0
LINE
  5
259
100
AcDbEntity
  8
штамп А4 спецификация
  6
CONTINUOUS
 62
    1
370
   60
100
AcDbLine
 10
20
 20
292
 11
205
 21
292
  0
LINE
  5
25A
100
AcDbEntity
  8
штамп А4 спецификация
  6
CONTINUOUS
 62
    1
370
   60
100
AcDbLine
 10
205
 20
292
 11
205
 21
5
  0
LINE
  5
25B
100
AcDbEntity
  8
штамп А4 спецификация
  6
CONTINUOUS
 62
    1
370
   60
100
AcDbLine
 10
20
 20
5
 11
20
 21
292
  0
LINE
  5
25C
100
AcDbEntity
  8
штамп А4 спецификация
  6
CONTINUOUS
 62
    5
370
   20
100
AcDbLine
 10
20
 20
25
 11
85
 21
25
  0
LINE
  5
25D
100
AcDbEntity
  8
штамп А4 спецификация
  6
CONTINUOUS
 62
    5
370
   20
100
AcDbLine
 10
20
 20
20
 11
85
 21
20
  0
LINE
  5
25E
100
AcDbEntity
  8
штамп А4 спецификация
  6
CONTINUOUS
 62
    5
370
   20
100
AcDbLine
 10
20
 20
15
 11
85
 21
15
  0
LINE
  5
25F
100
AcDbEntity
  8
штамп А4 спецификация
  6
CONTINUOUS
 62
    5
370
   20
100
AcDbLine
 10
20
 20
10
 11
85
 21
10
  0
LINE
  5
260
100
AcDbEntity
  8
штамп А4 спецификация
  6
CONTINUOUS
 62
    1
370
   60
100
AcDbLine
 10
20
 20
5
 11
205
 21
5
  0
LINE
  5
261
100
AcDbEntity
  8
штамп А4 спецификация
  6
CONTINUOUS
 62
    1
370
   60
100
AcDbLine
 10
20
 20
5.000000253502606
 11
20
 21
60.00000025350261
  0
MTEXT
  5
262
100
AcDbEntity
  8
штамп А4 спецификация
  6
ByLayer
 62
  256
370
   -1
100
AcDbMText
 10
22
 20
28.00000000000001
 30
0
 40
2
 41
10.22222222222222
 71
    1
 72
    1
  1
Разраб.
  7
cyrillic_ii
210
0
220
0
230
1
 50
0
 73
    2
 44
1
  0
MTEXT
  5
263
100
AcDbEntity
  8
штамп А4 спецификация
  6
ByLayer
 62
  256
370
   -1
100
AcDbMText
 10
22
 20
23
 30
0
 40
2
 41
6.444444444444444
 71
    1
 72
    1
  1
Пров.
  7
cyrillic_ii
210
0
220
0
230
1
 50
0
 73
    2
 44
1
  0
MTEXT
  5
264
100
AcDbEntity
  8
штамп А4 спецификация
  6
ByLayer
 62
  256
370
   -1
100
AcDbMText
 10
22
 20
18
 30
0
 40
2
 41
10.88888888888898
 71
    1
 72
    1
  1
Т.контр.
  7
cyrillic_ii
210
0
220
0
230
1
 50
0
 73
    2
 44
1
  0
MTEXT
  5
265
100
AcDbEntity
  8
штамп А4 спецификация
  6
ByLayer
 62
  256
370
   -1
100
AcDbMText
 10
22
 20
8
 30
0
 40
2
 41
12.16666666666676
 71
    1
 72
    1
  1
Н. контр.
  7
cyrillic_ii
210
0
220
0
230
1
 50
0
 73
    2
 44
1
  0
MTEXT
  5
266
100
AcDbEntity
  8
штамп А4 спецификация
  6
ByLayer
 62
  256
370
   -1
100
AcDbMText
 10
29
 20
33.5
 30
0
 40
2
 41
6.000000000000092
 71
    1
 72
    1
  1
Лист
  7
cyrillic_ii
210
0
220
0
230
1
 50
0
 73
    2
 44
1
  0
MTEXT
  5
267
100
AcDbEntity
  8
штамп А4 спецификация
  6
ByLayer
 62
  256
370
   -1
100
AcDbMText
 10
62.4
 20
33.5
 30
0
 40
2
 41
10.22222222222232
 71
    1
 72
    1
  1
Подпись
  7
cyrillic_ii
210
0
220
0
230
1
 50
0
 73
    2
 44
1
  0
MTEXT
  5
268
100
AcDbEntity
  8
штамп А4 спецификация
  6
ByLayer
 62
  256
370
   -1
100
AcDbMText
 10
39.7
 20
33.5
 30
0
 40
2
 41
17.6111111111112
 71
    1
 72
    1
  1
N документа
  7
cyrillic_ii
210
0
220
0
230
1
 50
0
 73
    2
 44
1
  0
MTEXT
  5
269
100
AcDbEntity
  8
штамп А4 спецификация
  6
ByLayer
 62
  256
370
   -1
100
AcDbMText
 10
21.3
 20
33.5
 30
0
 40
2
 41
4.444444444444444
 71
    1
 72
    1
  1
Изм
  7
cyrillic_ii
210
0
220
0
230
1
 50
0
 73
    2
 44
1
  0
MTEXT
  5
26A
100
AcDbEntity
  8
штамп А4 спецификация
  6
ByLayer
 62
  256
370
   -1
100
AcDbMText
 10
76.5
 20
33.5
 30
0
 40
2
 41
7.111111111111204
 71
    1
 72
    1
  1
Дата
  7
cyrillic_ii
210
0
220
0
230
1
 50
0
 73
    2
 44
1
  0
LINE
  5
26B
100
AcDbEntity
  8
штамп А4 спецификация
  6
CONTINUOUS
 62
    5
370
   20
100
AcDbLine
 10
20
 20
40
 11
85
 21
40
  0
LINE
  5
26C
100
AcDbEntity
  8
штамп А4 спецификация
  6
CONTINUOUS
 62
    1
370
   60
100
AcDbLine
 10
20
 20
35
 11
85
 21
35
  0
LINE
  5
26D
100
AcDbEntity
  8
штамп А4 спецификация
  6
CONTINUOUS
 62
    1
370
   60
100
AcDbLine
 10
20
 20
30
 11
85
 21
30
  0
LINE
  5
26E
100
AcDbEntity
  8
штамп А4 спецификация
  6
CONTINUOUS
 62
    1
370
   60
100
AcDbLine
 10
20
 20
45
 11
205
 21
45
  0
LINE
  5
26F
100
AcDbEntity
  8
штамп А4 спецификация
  6
CONTINUOUS
 62
    1
370
   60
100
AcDbLine
 10
85
 20
5
 11
85
 21
45
  0
LINE
  5
270
100
AcDbEntity
  8
штамп А4 спецификация
  6
CONTINUOUS
 62
    1
370
   60
100
AcDbLine
 10
75
 20
5
 11
75
 21
45
  0
LINE
  5
271
100
AcDbEntity
  8
штамп А4 спецификация
  6
CONTINUOUS
 62
    1
370
   60
100
AcDbLine
 10
60
 20
5
 11
60
 21
45
  0
LINE
  5
272
100
AcDbEntity
  8
штамп А4 спецификация
  6
CONTINUOUS
 62
    1
370
   60
100
AcDbLine
 10
37
 20
5
 11
37
 21
45
  0
LINE
  5
273
100
AcDbEntity
  8
штамп А4 спецификация
  6
CONTINUOUS
 62
    1
370
   60
100
AcDbLine
 10
27
 20
35
 11
27
 21
45
  0
LINE
  5
274
100
AcDbEntity
  8
штамп А4 спецификация
  6
CONTINUOUS
 62
    1
370
   60
100
AcDbLine
 10
85
 20
30
 11
205
 21
30.00437047154489
  0
LINE
  5
275
100
AcDbEntity
  8
штамп А4 спецификация
  6
CONTINUOUS
 62
    1
370
   60
100
AcDbLine
 10
155
 20
20
 11
205
 21
20
  0
MTEXT
  5
276
100
AcDbEntity
  8
штамп А4 спецификация
  6
ByLayer
 62
  256
370
   -1
100
AcDbMText
 10
160.1
 20
28.5043704715449
 30
0
 40
2
 41
5.333333333333426
 71
    1
 72
    1
  1
Лит.
  7
cyrillic_ii
210
0
220
0
230
1
 50
0
 73
    2
 44
1
  0
LINE
  5
277
100
AcDbEntity
  8
штамп А4 спецификация
  6
CONTINUOUS
 62
    1
370
   60
100
AcDbLine
 10
155
 20
25.00437047154489
 11
205
 21
25.00437047154489
  0
LINE
  5
278
100
AcDbEntity
  8
штамп А4 спецификация
  6
CONTINUOUS
 62
    5
370
   20
100
AcDbLine
 10
165
 20
20
 11
165
 21
25.00437047154489
  0
LINE
  5
279
100
AcDbEntity
  8
штамп А4 спецификация
  6
CONTINUOUS
 62
    5
370
   20
100
AcDbLine
 10
160
 20
20
 11
160
 21
25
  0
LINE
  5
27A
100
AcDbEntity
  8
штамп А4 спецификация
  6
CONTINUOUS
 62
    1
370
   60
100
AcDbLine
 10
187
 20
20
 11
187
 21
30
  0
LINE
  5
27B
100
AcDbEntity
  8
штамп А4 спецификация
  6
CONTINUOUS
 62
    1
370
   60
100
AcDbLine
 10
170
 20
20
 11
170
 21
30
  0
MTEXT
  5
27C
100
AcDbEntity
  8
штамп А4 спецификация
  6
ByLayer
 62
  256
370
   -1
100
AcDbMText
 10
191.5
 20
28.5
 30
0
 40
2
 41
9.111111111111205
 71
    1
 72
    1
  1
Листов
  7
cyrillic_ii
210
0
220
0
230
1
 50
0
 73
    2
 44
1
  0
MTEXT
  5
27D
100
AcDbEntity
  8
штамп А4 спецификация
  6
ByLayer
 62
  256
370
   -1
100
AcDbMText
 10
175.5
 20
28.5
 30
0
 40
2
 41
6.000000000000092
 71
    1
 72
    1
  1
Лист
  7
cyrillic_ii
210
0
220
0
230
1
 50
0
 73
    2
 44
1
  0
LINE
  5
27E
100
AcDbEntity
  8
штамп А4 спецификация
  6
CONTINUOUS
 62
    1
370
   60
100
AcDbLine
 10
155
 20
5
 11
155
 21
30
  0
LINE
  5
27F
100
AcDbEntity
  8
штамп А4 спецификация
  6
CONTINUOUS
 62
    1
370
   25
100
AcDbLine
 10
20
 20
270
 11
205
 21
270
  0
LINE
  5
280
100
AcDbEntity
  8
штамп А4 спецификация
  6
CONTINUOUS
 62
    1
370
   25
100
AcDbLine
 10
20
 20
262
 11
205
 21
262
  0
LINE
  5
281
100
AcDbEntity
  8
штамп А4 спецификация
  6
CONTINUOUS
 62
    1
370
   25
100
AcDbLine
 10
20
 20
254
 11
205
 21
254
  0
LINE
  5
282
100
AcDbEntity
  8
штамп А4 спецификация
  6
CONTINUOUS
 62
    1
370
   25
100
AcDbLine
 10
20
 20
246
 11
205
 21
246
  0
LINE
  5
283
100
AcDbEntity
  8
штамп А4 спецификация
  6
CONTINUOUS
 62
    1
370
   25
100
AcDbLine
 10
20
 20
238
 11
205
 21
238
  0
LINE
  5
284
100
AcDbEntity
  8
штамп А4 спецификация
  6
CONTINUOUS
 62
    1
370
   25
100
AcDbLine
 10
20
 20
230
 11
205
 21
230
  0
LINE
  5
285
100
AcDbEntity
  8
штамп А4 спецификация
  6
CONTINUOUS
 62
    1
370
   25
100
AcDbLine
 10
20
 20
222
 11
205
 21
222
  0
LINE
  5
286
100
AcDbEntity
  8
штамп А4 спецификация
  6
CONTINUOUS
 62
    1
370
   25
100
AcDbLine
 10
20
 20
214
 11
205
 21
214
  0
LINE
  5
287
100
AcDbEntity
  8
штамп А4 спецификация
  6
CONTINUOUS
 62
    1
370
   25
100
AcDbLine
 10
20
 20
206
 11
205
 21
206
  0
LINE
  5
288
100
AcDbEntity
  8
штамп А4 спецификация
  6
CONTINUOUS
 62
    1
370
   25
100
AcDbLine
 10
20
 20
198
 11
205
 21
198
  0
LINE
  5
289
100
AcDbEntity
  8
штамп А4 спецификация
  6
CONTINUOUS
 62
    1
370
   25
100
AcDbLine
 10
20
 20
190
 11
205
 21
190
  0
LINE
  5
28A
100
AcDbEntity
  8
штамп А4 спецификация
  6
CONTINUOUS
 62
    1
370
   25
100
AcDbLine
 10
20
 20
182
 11
205
 21
182
  0
LINE
  5
28B
100
AcDbEntity
  8
штамп А4 спецификация
  6
CONTINUOUS
 62
    1
370
   25
100
AcDbLine
 10
20
 20
174
 11
205
 21
174
  0
LINE
  5
28C
100
AcDbEntity
  8
штамп А4 спецификация
  6
CONTINUOUS
 62
    1
370
   25
100
AcDbLine
 10
20
 20
166
 11
205
 21
166
  0
LINE
  5
28D
100
AcDbEntity
  8
штамп А4 спецификация
  6
CONTINUOUS
 62
    1
370
   25
100
AcDbLine
 10
20
 20
158
 11
205
 21
158
  0
LINE
  5
28E
100
AcDbEntity
  8
штамп А4 спецификация
  6
CONTINUOUS
 62
    1
370
   25
100
AcDbLine
 10
20
 20
150
 11
205
 21
150
  0
LINE
  5
28F
100
AcDbEntity
  8
штамп А4 спецификация
  6
CONTINUOUS
 62
    1
370
   25
100
AcDbLine
 10
20
 20
142
 11
205
 21
142
  0
LINE
  5
290
100
AcDbEntity
  8
штамп А4 спецификация
  6
CONTINUOUS
 62
    1
370
   25
100
AcDbLine
 10
20
 20
134
 11
205
 21
134
  0
LINE
  5
291
100
AcDbEntity
  8
штамп А4 спецификация
  6
CONTINUOUS
 62
    1
370
   25
100
AcDbLine
 10
20
 20
126
 11
205
 21
126
  0
LINE
  5
292
100
AcDbEntity
  8
штамп А4 спецификация
  6
CONTINUOUS
 62
    1
370
   25
100
AcDbLine
 10
20
 20
118
 11
205
 21
118
  0
LINE
  5
293
100
AcDbEntity
  8
штамп А4 спецификация
  6
CONTINUOUS
 62
    1
370
   25
100
AcDbLine
 10
20
 20
110
 11
205
 21
110
  0
LINE
  5
294
100
AcDbEntity
  8
штамп А4 спецификация
  6
CONTINUOUS
 62
    1
370
   25
100
AcDbLine
 10
20
 20
102
 11
205
 21
102
  0
LINE
  5
295
100
AcDbEntity
  8
штамп А4 спецификация
  6
CONTINUOUS
 62
    1
370
   25
100
AcDbLine
 10
20
 20
94
 11
205
 21
94
  0
LINE
  5
296
100
AcDbEntity
  8
штамп А4 спецификация
  6
CONTINUOUS
 62
    1
370
   25
100
AcDbLine
 10
20
 20
86
 11
205
 21
86
  0
LINE
  5
297
100
AcDbEntity
  8
штамп А4 спецификация
  6
CONTINUOUS
 62
    1
370
   25
100
AcDbLine
 10
20
 20
78
 11
205
 21
78
  0
LINE
  5
298
100
AcDbEntity
  8
штамп А4 спецификация
  6
CONTINUOUS
 62
    1
370
   25
100
AcDbLine
 10
20
 20
70
 11
205
 21
70
  0
LINE
  5
299
100
AcDbEntity
  8
штамп А4 спецификация
  6
CONTINUOUS
 62
    1
370
   25
100
AcDbLine
 10
20
 20
62
 11
205
 21
62
  0
LINE
  5
29A
100
AcDbEntity
  8
штамп А4 спецификация
  6
CONTINUOUS
 62
    1
370
   25
100
AcDbLine
 10
20
 20
54
 11
205
 21
54
  0
LINE
  5
29B
100
AcDbEntity
  8
штамп А4 спецификация
  6
CONTINUOUS
 62
    1
370
   60
100
AcDbLine
 10
20
 20
278
 11
205
 21
278
  0
LINE
  5
29C
100
AcDbEntity
  8
штамп А4 спецификация
  6
ByLayer
 62
    1
370
   60
100
AcDbLine
 10
26.01560630250761
 20
292
 11
26
 21
45
  0
LINE
  5
29D
100
AcDbEntity
  8
штамп А4 спецификация
  6
ByLayer
 62
    1
370
   60
100
AcDbLine
 10
32
 20
292
 11
32
 21
45
  0
LINE
  5
29E
100
AcDbEntity
  8
штамп А4 спецификация
  6
ByLayer
 62
    1
370
   60
100
AcDbLine
 10
40
 20
45
 11
40
 21
292
  0
LINE
  5
29F
100
AcDbEntity
  8
штамп А4 спецификация
  6
ByLayer
 62
    1
370
   60
100
AcDbLine
 10
110
 20
45
 11
110
 21
292
  0
LINE
  5
2A0
100
AcDbEntity
  8
штамп А4 спецификация
  6
ByLayer
 62
    1
370
   60
100
AcDbLine
 10
173
 20
292
 11
173
 21
45
  0
LINE
  5
2A1
100
AcDbEntity
  8
штамп А4 спецификация
  6
ByLayer
 62
    1
370
   60
100
AcDbLine
 10
183
 20
292
 11
183
 21
45
  0
MTEXT
  5
2A2
100
AcDbEntity
  8
штамп А4 спецификация
  6
ByLayer
 62
  256
370
   -1
100
AcDbMText
 10
184
 20
287
 30
0
 40
4
 41
19.55555555555555
 71
    1
 72
    1
  1
Примеч.
  7
cyrillic_ii
210
0
220
0
230
1
 50
0
 73
    2
 44
1
  0
MTEXT
  5
2A3
100
AcDbEntity
  8
штамп А4 спецификация
  6
ByLayer
 62
  256
370
   -1
100
AcDbMText
 10
123
 20
287
 30
0
 40
4
 41
38.22222222222222
 71
    1
 72
    1
  1
Наименивание
  7
cyrillic_ii
210
0
220
0
230
1
 50
0
 73
    2
 44
1
  0
MTEXT
  5
2A4
100
AcDbEntity
  8
штамп А4 спецификация
  6
ByLayer
 62
  256
370
   -1
100
AcDbMText
 10
58
 20
287
 30
0
 40
4
 41
34.66666666666666
 71
    1
 72
    1
  1
Обозначание
  7
cyrillic_ii
210
0
220
0
230
1
 50
0
 73
    2
 44
1
  0
MTEXT
  5
2A5
100
AcDbEntity
  8
штамп А4 спецификация
  6
ByLayer
 62
  256
370
   -1
100
AcDbMText
 10
27
 20
279
 30
0
 40
4
 41
12.12844444444444
 71
    1
 72
    1
  1
Зона
  7
cyrillic_ii
210
0
220
0
230
1
 50
90
 73
    2
 44
1
  0
MTEXT
  5
2A6
100
AcDbEntity
  8
штамп А4 спецификация
  6
ByLayer
 62
  256
370
   -1
100
AcDbMText
 10
21
 20
279
 30
0
 40
4
 41
12.44444444444444
 71
    1
 72
    1
  1
Форм
  7
cyrillic_ii
210
0
220
0
230
1
 50
90
 73
    2
 44
1
  0
MTEXT
  5
2A7
100
AcDbEntity
  8
штамп А4 спецификация
  6
ByLayer
 62
  256
370
   -1
100
AcDbMText
 10
34
 20
280
 30
0
 40
4
 41
9.777777777777777
 71
    1
 72
    1
  1
Поз.
  7
cyrillic_ii
210
0
220
0
230
1
 50
90
 73
    2
 44
1
  0
MTEXT
  5
2A8
100
AcDbEntity
  8
штамп А4 спецификация
  6
ByLayer
 62
  256
370
   25
100
AcDbMText
 10
173.8
 20
287
 30
0
 40
4
 41
8.444444444444443
 71
    1
 72
    1
  1
Кол
  7
cyrillic_ii
210
0
220
0
230
1
 50
0
 73
    2
 44
1
  0
ENDBLK
  5
F0
330
EE
100
AcDbEntity
  8
0
100
AcDbBlockEnd
  0
BLOCK
  5
F2
330
F1
100
AcDbEntity
  8
0
100
AcDbBlockBegin
  2
выключатель
 70
    0
 10
0
 20
0
  3
выключатель
  1

  0
HATCH
  5
2A9
100
AcDbEntity
  8
032. элементы
  6
CONTINUOUS
 62
  256
370
   -1
100
AcDbHatch
 10
0
 20
0
 30
0
210
0
220
0
230
1
  2
gost_non-metal
 70
    0
 71
    0
 91
    1
 92
    0
 93
    1
 72
    2
 10
14
 20
2.5
 40
2
 50
0
 51
360
 73
    1
 97
    0
 75
    0
 76
    1
 52
0
 41
0.1
 77
    0
 78
    0
 98
    0
  0
CIRCLE
  5
2AA
100
AcDbEntity
  8
032. элементы
  6
CONTINUOUS
 62
  256
370
   -1
100
AcDbCircle
 10
14
 20
2.5
 40
3
  0
CIRCLE
  5
2AB
100
AcDbEntity
  8
032. элементы
  6
CONTINUOUS
 62
  256
370
   -1
100
AcDbCircle
 10
14
 20
2.5
 40
2
  0
LINE
  5
2AC
100
AcDbEntity
  8
032. элементы
  6
CONTINUOUS
 62
  256
370
   -1
100
AcDbLine
 10
6
 20
5
 11
6
 21
0
  0
LINE
  5
2AD
100
AcDbEntity
  8
032. элементы
  6
CONTINUOUS
 62
  256
370
   -1
100
AcDbLine
 10
23
 20
5
 11
23
 21
0
  0
LWPOLYLINE
  5
2AE
100
AcDbEntity
  8
032. элементы
  6
CONTINUOUS
 62
  256
370
   -1
100
AcDbPolyline
 90
    8
 70
    1
 43
0
 10
10.30000000000001
 20
8.5
 10
18.69999999999999
 20
8.5
 42
-0.414213562373095
 10
22.5
 20
4.699999999999989
 10
22.5
 20
0.3000000000000104
 42
-0.414213562373095
 10
18.69999999999999
 20
-3.5
 10
10.30000000000001
 20
-3.5
 42
-0.414213562373095
 10
6.5
 20
0.3000000000000116
 10
6.500000000000002
 20
4.699999999999992
 42
-0.4142135623730949
  0
CIRCLE
  5
2AF
100
AcDbEntity
  8
032. элементы
  6
CONTINUOUS
 62
  256
370
   -1
100
AcDbCircle
 10
27
 20
2.5
 40
1
  0
CIRCLE
  5
2B0
100
AcDbEntity
  8
032. элементы
  6
CONTINUOUS
 62
  256
370
   -1
100
AcDbCircle
 10
2
 20
2.5
 40
1
  0
LWPOLYLINE
  5
2B1
100
AcDbEntity
  8
032. элементы
  6
CONTINUOUS
 62
  256
370
   -1
100
AcDbPolyline
 90
    4
 70
    1
 43
0
 10
22.5
 20
5
 10
29
 20
5
 10
29
 20
0
 10
22.5
 20
0
  0
LWPOLYLINE
  5
2B2
100
AcDbEntity
  8
032. элементы
  6
CONTINUOUS
 62
  256
370
   -1
100
AcDbPolyline
 90
    4
 70
    1
 43
0
 10
0
 20
5
 10
6.5
 20
5
 10
6.5
 20
0
 10
0
 20
0
  0
ENDBLK
  5
F3
330
F1
100
AcDbEntity
  8
0
100
AcDbBlockEnd
  0
BLOCK
  5
F5
330
F4
100
AcDbEntity
  8
0
100
AcDbBlockBegin
  2
штамп A4 титул
 70
    0
 10
0
 20
0
  3
штамп A4 титул
  1

  0
LINE
  5
2B3
100
AcDbEntity
  8
0
  6
CONTINUOUS
 62
    5
370
   20
100
AcDbLine
 10
210
 20
297
 11
210
 21
0
  0
LINE
  5
2B4
100
AcDbEntity
  8
0
  6
CONTINUOUS
 62
    5
370
   20
100
AcDbLine
 10
0
 20
0
 11
0
 21
297
  0
LINE
  5
2B5
100
AcDbEntity
  8
0
  6
CONTINUOUS
 62
    5
370
   20
100
AcDbLine
 10
0
 20
0
 11
210
 21
0
  0
LINE
  5
2B6
100
AcDbEntity
  8
0
  6
CONTINUOUS
 62
    5
370
   20
100
AcDbLine
 10
0
 20
297
 11
210
 21
297
  0
LINE
  5
2B7
100
AcDbEntity
  8
0
  6
CONTINUOUS
 62
    1
370
   60
100
AcDbLine
 10
20
 20
5
 11
205
 21
5
  0
LINE
  5
2B8
100
AcDbEntity
  8
0
  6
CONTINUOUS
 62
    1
370
   60
100
AcDbLine
 10
20
 20
292
 11
205
 21
292
  0
LINE
  5
2B9
100
AcDbEntity
  8
0
  6
CONTINUOUS
 62
    1
370
   60
100
AcDbLine
 10
205
 20
292
 11
205
 21
5
  0
LINE
  5
2BA
100
AcDbEntity
  8
0
  6
CONTINUOUS
 62
    1
370
   60
100
AcDbLine
 10
20
 20
5
 11
20
 21
292
  0
LINE
  5
2BB
100
AcDbEntity
  8
0
  6
CONTINUOUS
 62
    1
370
   60
100
AcDbLine
 10
20
 20
5
 11
205
 21
5
  0
LINE
  5
2BC
100
AcDbEntity
  8
0
  6
CONTINUOUS
 62
    1
370
   60
100
AcDbLine
 10
20
 20
5.000000253502606
 11
20
 21
60.00000025350261
  0
ENDBLK
  5
F6
330
F4
100
AcDbEntity
  8
0
100
AcDbBlockEnd
  0
ENDSEC
  0
SECTION
  2
ENTITIES
  0
IMAGE
  5
2BF
100
AcDbEntity
  8
штамп А4 книжный
  6
ByLayer
 62
  256
370
   -1
100
AcDbRasterImage
 10
203
 20
205
 30
0
 11
7.542865222818992e-18
 21
0.1231884057971015
 31
0
 12
-0.1231884057971015
 22
1.508573044563798e-17
 32
0
 13
690
 23
135
340
2BD
 70
    1
280
    0
281
   50
282
   50
283
    0
360
2BE
  0
IMAGE
  5
2C2
100
AcDbEntity
  8
00. титульный
  6
ByLayer
 62
  256
370
   -1
100
AcDbRasterImage
 10
25
 20
235.544
 30
0
 11
0.1764112903225807
 21
0
 31
0
 12
1.080171935075182e-17
 22
0.1764112903225807
 32
0
 13
992
 23
252
340
2C0
 70
    1
280
    0
281
   50
282
   50
283
    0
360
2C1
  0
IMAGE
  5
2C5
100
AcDbEntity
  8
00. титульный
  6
ByLayer
 62
  256
370
   -1
100
AcDbRasterImage
 10
20
 20
241.0887096774194
 30
0
 11
0.1764112903225807
 21
0
 31
0
 12
1.080171935075182e-17
 22
0.1764112903225807
 32
0
 13
992
 23
252
340
2C3
 70
    1
280
    0
281
   50
282
   50
283
    0
360
2C4
  0
IMAGE
  5
2C8
100
AcDbEntity
  8
00. титульный
  6
ByLayer
 62
  256
370
   -1
100
AcDbRasterImage
 10
25
 20
235.544
 30
0
 11
0.1764112903225807
 21
0
 31
0
 12
1.080171935075182e-17
 22
0.1764112903225807
 32
0
 13
992
 23
252
340
2C6
 70
    1
280
    0
281
   50
282
   50
283
    0
360
2C7
  0
IMAGE
  5
2CB
100
AcDbEntity
  8
00. титульный
  6
ByLayer
 62
  256
370
   -1
100
AcDbRasterImage
 10
158
 20
7
 30
0
 11
0.2307692307692308
 21
0
 31
0
 12
1.413007331333512e-17
 22
0.2307692307692308
 32
0
 13
195
 23
195
340
2C9
 70
    1
280
    0
281
   50
282
   50
283
    0
360
2CA
  0
IMAGE
  5
2CD
100
AcDbEntity
  8
00. титульный
  6
ByLayer
 62
  256
370
   -1
100
AcDbRasterImage
 10
22
 20
7
 30
0
 11
0.2307692307692308
 21
0
 31
0
 12
1.413007331333512e-17
 22
0.2307692307692308
 32
0
 13
195
 23
195
340
2C9
 70
    1
280
    0
281
   50
282
   50
283
    0
360
2CC
  0
IMAGE
  5
2D0
100
AcDbEntity
  8
штамп А4 титул
  6
ByLayer
 62
  256
370
   -1
100
AcDbRasterImage
 10
158
 20
7
 30
0
 11
0.2307692307692308
 21
0
 31
0
 12
1.413007331333512e-17
 22
0.2307692307692308
 32
0
 13
195
 23
195
340
2CE
 70
    1
280
    0
281
   50
282
   50
283
    0
360
2CF
  0
IMAGE
  5
2D2
100
AcDbEntity
  8
штамп А4 титул
  6
ByLayer
 62
  256
370
   -1
100
AcDbRasterImage
 10
22
 20
7
 30
0
 11
0.2307692307692308
 21
0
 31
0
 12
1.413007331333512e-17
 22
0.2307692307692308
 32
0
 13
195
 23
195
340
2CE
 70
    1
280
    0
281
   50
282
   50
283
    0
360
2D1
  0
IMAGE
  5
2D5
100
AcDbEntity
  8
штамп А4 титул
  6
ByLayer
 62
  256
370
   -1
100
AcDbRasterImage
 10
90
 20
165.544
 30
0
 11
0.04536290322580645
 21
0
 31
0
 12
2.77758497590761e-18
 22
0.04536290322580645
 32
0
 13
992
 23
252
340
2D3
 70
    1
280
    0
281
   50
282
   50
283
    0
360
2D4
  0
IMAGE
  5
2D8
100
AcDbEntity
  8
00. эскиз
  6
ByLayer
 62
  256
370
   -1
100
AcDbRasterImage
 10
30
 20
110
 30
0
 11
0.146484375
 21
0
 31
0
 12
8.96928481803499e-18
 22
0.146484375
 32
0
 13
1024
 23
1088
340
2D6
 70
    1
280
    0
281
   50
282
   50
283
    0
360
2D7
  0
IMAGE
  5
2DB
100
AcDbEntity
  8
033. схема соединений
  6
ByLayer
 62
  256
370
   50
100
AcDbRasterImage
 10
60
 20
165
 30
0
 11
1
 21
0
 31
0
 12
6.123031769111886e-17
 22
1
 32
0
 13
1
 23
1
340
2D9
 70
    1
280
    0
281
   50
282
   50
283
    0
360
2DA
  0
HATCH
  5
2DC
100
AcDbEntity
  8
033. схема соединений
  6
CONTINUOUS
 62
  256
370
   -1
100
AcDbHatch
 10
0
 20
0
 30
0
210
0
220
0
230
1
  2
gost_glass
 70
    0
 71
    0
 91
    1
 92
    0
 93
    1
 72
    2
 10
116.9999980222328
 20
194.5
 40
2.23607
 50
0
 51
360
 73
    1
 97
    0
 75
    0
 76
    1
 52
0
 41
1
 77
    0
 78
    0
 98
    0
  0
HATCH
  5
2DD
100
AcDbEntity
  8
032. элементы
  6
CONTINUOUS
 62
  256
370
   -1
100
AcDbHatch
 10
0
 20
0
 30
0
210
0
220
0
230
1
  2
gost_glass
 70
    0
 71
    0
 91
    1
 92
    0
 93
    1
 72
    2
 10
165.9999980222328
 20
210
 40
2.23607
 50
0
 51
360
 73
    1
 97
    0
 75
    0
 76
    1
 52
0
 41
0.1
 77
    0
 78
    0
 98
    0
  0
HATCH
  5
2DE
100
AcDbEntity
  8
032. элементы
  6
ByLayer
 62
  256
370
   -1
100
AcDbHatch
 10
0
 20
0
 30
0
210
0
220
0
230
1
  2
SOLID
 70
    1
 71
    0
 91
    1
 92
    0
 93
    5
 72
    2
 10
85.7
 20
146.3
 40
0.1414213562373015
 50
0
 51
360
 73
    1
 72
    1
 10
85
 20
151
 11
95
 21
151
 72
    1
 10
95
 20
151
 11
95
 21
146
 72
    1
 10
95
 20
146
 11
85
 21
146
 72
    1
 10
85
 20
146
 11
85
 21
151
 97
    0
 75
    0
 76
    1
 98
    0
  0
HATCH
  5
2DF
100
AcDbEntity
  8
032. элементы
  6
ByLayer
 62
  256
370
   -1
100
AcDbHatch
 10
0
 20
0
 30
0
210
0
220
0
230
1
  2
gost_non-metal
 70
    0
 71
    0
 91
    1
 92
    0
 93
    4
 72
    1
 10
80
 20
151
 11
140
 21
151
 72
    1
 10
140
 20
151
 11
140
 21
152
 72
    1
 10
140
 20
152
 11
80
 21
152
 72
    1
 10
80
 20
152
 11
80
 21
151
 97
    0
 75
    0
 76
    1
 52
0
 41
0.1
 77
    0
 78
    0
 98
    0
  0
HATCH
  5
2E0
100
AcDbEntity
  8
032. элементы
  6
ByLayer
 62
  256
370
   -1
100
AcDbHatch
 10
0
 20
0
 30
0
210
0
220
0
230
1
  2
gost_non-metal
 70
    0
 71
    0
 91
    1
 92
    0
 93
    4
 72
    1
 10
80
 20
145
 11
140
 21
145
 72
    1
 10
140
 20
145
 11
140
 21
146
 72
    1
 10
140
 20
146
 11
80
 21
146
 72
    1
 10
80
 20
146
 11
80
 21
145
 97
    0
 75
    0
 76
    1
 52
0
 41
0.1
 77
    0
 78
    0
 98
    0
  0
HATCH
  5
2E1
100
AcDbEntity
  8
032. элементы
  6
ByLayer
 62
  256
370
   -1
100
AcDbHatch
 10
0
 20
0
 30
0
210
0
220
0
230
1
  2
gost_non-metal
 70
    0
 71
    0
 91
    1
 92
    0
 93
    2
 72
    2
 10
77.99999802223283
 20
225
 40
4
 50
0
 51
360
 73
    1
 72
    2
 10
77.99999802223283
 20
225
 40
2.5
 50
0
 51
360
 73
    1
 97
    0
 75
    0
 76
    1
 52
0
 41
0.1
 77
    0
 78
    0
 98
    0
  0
HATCH
  5
2E2
100
AcDbEntity
  8
032. элементы
  6
ByLayer
 62
  256
370
   -1
100
AcDbHatch
 10
0
 20
0
 30
0
210
0
220
0
230
1
  2
gost_non-metal
 70
    0
 71
    0
 91
    1
 92
    0
 93
    2
 72
    2
 10
77.99999802223283
 20
195
 40
4
 50
0
 51
360
 73
    1
 72
    2
 10
77.99999802223283
 20
195
 40
2.5
 50
0
 51
360
 73
    1
 97
    0
 75
    0
 76
    1
 52
0
 41
0.1
 77
    0
 78
    0
 98
    0
  0
IMAGE
  5
2E4
100
AcDbEntity
  8
00. эскиз
  6
ByLayer
 62
  256
370
   -1
100
AcDbRasterImage
 10
150
 20
160
 30
0
 11
1
 21
0
 31
0
 12
6.123031769111886e-17
 22
1
 32
0
 13
1
 23
1
340
2D9
 70
    1
280
    0
281
   50
282
   50
283
    0
360
2E3
  0
IMAGE
  5
2E6
100
AcDbEntity
  8
03. сборочный чертеж
  6
ByLayer
 62
  256
370
   -1
100
AcDbRasterImage
 10
30
 20
280
 30
0
 11
1
 21
0
 31
0
 12
6.123031769111886e-17
 22
1
 32
0
 13
1
 23
1
340
2D9
 70
    1
280
    0
281
   50
282
   50
283
    0
360
2E5
  0
MTEXT
  5
2E7
100
AcDbEntity
  8
штамп A4 альбомный
  6
ByLayer
 62
  256
370
   -1
100
AcDbMText
 10
191.5
 20
246.7777777777778
 30
0
 40
2.5
 41
36.59722222222222
 71
    1
 72
    1
  1
Программа обучения:\PРадиоэлектронное\Pконструирование
  7
cyrillic_ii
210
0
220
0
230
1
 50
90
 73
    2
 44
1
  0
INSERT
  5
2E8
100
AcDbEntity
  8
штамп A4 альбомный
  6
ByLayer
 62
  256
370
   -1
100
AcDbBlockReference
  2
штамп А4 альбомный
 10
0
 20
0
 30
0
 41
1
 42
1
 43
0
 50
0
 70
    1
 71
    1
 44
0
 45
0
  0
INSERT
  5
2E9
100
AcDbEntity
  8
штамп А4 книжный
  6
ByLayer
 62
  256
370
   -1
100
AcDbBlockReference
  2
штамп A4 книжный
 10
0
 20
0
 30
0
 41
1
 42
1
 43
0
 50
0
 70
    1
 71
    1
 44
0
 45
0
  0
MTEXT
  5
2EA
100
AcDbEntity
  8
00. эскиз
  6
ByLayer
 62
  256
370
   -1
100
AcDbMText
 10
171
 20
23.5
 30
0
 40
2
 41
0.4444444444444444
 71
    1
 72
    1
  1
1
  7
cyrillic_ii
210
0
220
0
230
1
 50
0
 73
    2
 44
1
  0
INSERT
  5
2EB
100
AcDbEntity
  8
штамп А4 спецификация
  6
ByLayer
 62
  256
370
   -1
100
AcDbBlockReference
  2
штамп A4 спецификация
 10
0
 20
0
 30
0
 41
1
 42
1
 43
0
 50
0
 70
    1
 71
    1
 44
1
 45
1
  0
MTEXT
  5
2EC
100
AcDbEntity
  8
00. эскиз
  6
ByLayer
 62
  256
370
   -1
100
AcDbMText
 10
120.4305555555556
 20
33
 30
0
 40
5
 41
48.75
 71
    5
 72
    1
  1
Эскиз изделия
  7
cyrillic_ii
210
0
220
0
230
1
 50
0
 73
    2
 44
1
  0
MTEXT
  5
2ED
100
AcDbEntity
  8
01. основание
  6
ByLayer
 62
  256
370
   -1
100
AcDbMText
 10
193
 20
35
 30
0
 40
5
 41
5.555555555555555
 71
    1
 72
    1
  1
1:1
  7
cyrillic_ii
210
0
220
0
230
1
 50
0
 73
    2
 44
1
  0
MTEXT
  5
2EE
100
AcDbEntity
  8
03. сборочный чертеж
  6
ByLayer
 62
  256
370
   -1
100
AcDbMText
 10
193
 20
35
 30
0
 40
5
 41
5.555555555555555
 71
    1
 72
    1
  1
1:1
  7
cyrillic_ii
210
0
220
0
230
1
 50
0
 73
    2
 44
1
  0
MTEXT
  5
2EF
100
AcDbEntity
  8
04. спецификация
  6
ByLayer
 62
  256
370
   -1
100
AcDbMText
 10
117
 20
269
 30
0
 40
5
 41
49.16666666666691
 71
    1
 72
    1
  1
Документация
  7
cyrillic_ii
210
0
220
0
230
1
 50
0
 73
    2
 44
1
  0
MTEXT
  5
2F0
100
AcDbEntity
  8
04. спецификация
  6
ByLayer
 62
  256
370
   -1
100
AcDbMText
 10
130
 20
237
 30
0
 40
5
 41
24.72222222222246
 71
    1
 72
    1
  1
Детали
  7
cyrillic_ii
210
0
220
0
230
1
 50
0
 73
    2
 44
1
  0
MTEXT
  5
2F1
100
AcDbEntity
  8
04. спецификация
  6
ByLayer
 62
  256
370
   -1
100
AcDbMText
 10
114
 20
259
 30
0
 40
2.5
 41
31.59722222222222
 71
    1
 72
    1
  1
Сборочный чертеж
  7
unicode
210
0
220
0
230
1
 50
0
 73
    2
 44
1
  0
MTEXT
  5
2F2
100
AcDbEntity
  8
04. спецификация
  6
ByLayer
 62
  256
370
   -1
100
AcDbMText
 10
177
 20
227
 30
0
 40
2.5
 41
0.5555555555555556
 71
    1
 72
    1
  1
1
  7
unicode
210
0
220
0
230
1
 50
0
 73
    2
 44
1
  0
MTEXT
  5
2F3
100
AcDbEntity
  8
04. спецификация
  6
ByLayer
 62
  256
370
   -1
100
AcDbMText
 10
35
 20
227
 30
0
 40
2.5
 41
0.5555555555555556
 71
    1
 72
    1
  1
1
  7
unicode
210
0
220
0
230
1
 50
0
 73
    2
 44
1
  0
MTEXT
  5
2F4
100
AcDbEntity
  8
04. спецификация
  6
ByLayer
 62
  256
370
   -1
100
AcDbMText
 10
35
 20
219
 30
0
 40
2.5
 41
1.111111111111111
 71
    1
 72
    1
  1
2
  7
unicode
210
0
220
0
230
1
 50
0
 73
    2
 44
1
  0
MTEXT
  5
2F5
100
AcDbEntity
  8
04. спецификация
  6
ByLayer
 62
  256
370
   -1
100
AcDbMText
 10
35
 20
187
 30
0
 40
2.5
 41
1.111111111111111
 71
    1
 72
    1
  1
3
  7
unicode
210
0
220
0
230
1
 50
0
 73
    2
 44
1
  0
MTEXT
  5
2F6
100
AcDbEntity
  8
04. спецификация
  6
ByLayer
 62
  256
370
   -1
100
AcDbMText
 10
35
 20
179
 30
0
 40
2.5
 41
1.388888888888889
 71
    1
 72
    1
  1
4
  7
unicode
210
0
220
0
230
1
 50
0
 73
    2
 44
1
  0
MTEXT
  5
2F7
100
AcDbEntity
  8
00. эскиз
  6
ByLayer
 62
  256
370
   -1
100
AcDbMText
 10
30
 20
100
 30
0
 40
4
 41
171.7777777777789
 71
    1
 72
    1
  3
Назначение: Образовательное устройство для сборки и\Pизучения основ конструирования, электроники и\Pсхемотехники, развития навыков раб�
  1
�ты с инструментом и\Pоборудованием.
  7
cyrillic_ii
210
0
220
0
230
1
 50
0
 73
    2
 44
1
  0
MTEXT
  5
2F8
100
AcDbEntity
  8
01. основание
  6
ByLayer
 62
  256
370
   -1
100
AcDbMText
 10
120
 20
13
 30
0
 40
4
 41
63.1111111111113
 71
    5
 72
    1
  1
Фанера/Пиломатериал
  7
cyrillic_ii
210
0
220
0
230
1
 50
0
 73
    2
 44
1
  0
MTEXT
  5
2F9
100
AcDbEntity
  8
04. спецификация
  6
ByLayer
 62
  256
370
   -1
100
AcDbMText
 10
177
 20
179
 30
0
 40
2.5
 41
0.5555555555555556
 71
    1
 72
    1
  1
1
  7
unicode
210
0
220
0
230
1
 50
0
 73
    2
 44
1
  0
MTEXT
  5
2FA
100
AcDbEntity
  8
04. спецификация
  6
ByLayer
 62
  256
370
   -1
100
AcDbMText
 10
177
 20
171
 30
0
 40
2.5
 41
0.5555555555555556
 71
    1
 72
    1
  1
1
  7
unicode
210
0
220
0
230
1
 50
0
 73
    2
 44
1
  0
MTEXT
  5
2FB
100
AcDbEntity
  8
04. спецификация
  6
ByLayer
 62
  256
370
   -1
100
AcDbMText
 10
35
 20
171
 30
0
 40
2.5
 41
1.111111111111111
 71
    1
 72
    1
  1
5
  7
unicode
210
0
220
0
230
1
 50
0
 73
    2
 44
1
  0
MTEXT
  5
2FC
100
AcDbEntity
  8
04. спецификация
  6
ByLayer
 62
  256
370
   -1
100
AcDbMText
 10
177
 20
219
 30
0
 40
2.5
 41
0.5555555555555556
 71
    1
 72
    1
  1
1
  7
unicode
210
0
220
0
230
1
 50
0
 73
    2
 44
1
  0
MTEXT
  5
2FD
100
AcDbEntity
  8
04. спецификация
  6
ByLayer
 62
  256
370
   -1
100
AcDbMText
 10
185
 20
227
 30
0
 40
2.5
 41
5
 71
    1
 72
    1
  1
шт.
  7
unicode
210
0
220
0
230
1
 50
0
 73
    2
 44
1
  0
MTEXT
  5
2FE
100
AcDbEntity
  8
04. спецификация
  6
ByLayer
 62
  256
370
   -1
100
AcDbMText
 10
185
 20
219
 30
0
 40
2.5
 41
5
 71
    1
 72
    1
  1
шт.
  7
unicode
210
0
220
0
230
1
 50
0
 73
    2
 44
1
  0
MTEXT
  5
2FF
100
AcDbEntity
  8
04. спецификация
  6
ByLayer
 62
  256
370
   -1
100
AcDbMText
 10
185
 20
187
 30
0
 40
2.5
 41
5
 71
    1
 72
    1
  1
шт.
  7
unicode
210
0
220
0
230
1
 50
0
 73
    2
 44
1
  0
MTEXT
  5
300
100
AcDbEntity
  8
04. спецификация
  6
ByLayer
 62
  256
370
   -1
100
AcDbMText
 10
185
 20
179
 30
0
 40
2.5
 41
5
 71
    1
 72
    1
  1
шт.
  7
unicode
210
0
220
0
230
1
 50
0
 73
    2
 44
1
  0
MTEXT
  5
301
100
AcDbEntity
  8
04. спецификация
  6
ByLayer
 62
  256
370
   -1
100
AcDbMText
 10
35
 20
163
 30
0
 40
2.5
 41
1.111111111111111
 71
    1
 72
    1
  1
6
  7
unicode
210
0
220
0
230
1
 50
0
 73
    2
 44
1
  0
MTEXT
  5
302
100
AcDbEntity
  8
04. спецификация
  6
ByLayer
 62
  256
370
   -1
100
AcDbMText
 10
35
 20
155
 30
0
 40
2.5
 41
1.111111111111111
 71
    1
 72
    1
  1
7
  7
unicode
210
0
220
0
230
1
 50
0
 73
    2
 44
1
  0
MTEXT
  5
303
100
AcDbEntity
  8
04. спецификация
  6
ByLayer
 62
  256
370
   -1
100
AcDbMText
 10
35
 20
147
 30
0
 40
2.5
 41
1.111111111111111
 71
    1
 72
    1
  1
8
  7
unicode
210
0
220
0
230
1
 50
0
 73
    2
 44
1
  0
MTEXT
  5
304
100
AcDbEntity
  8
04. спецификация
  6
ByLayer
 62
  256
370
   -1
100
AcDbMText
 10
177
 20
163
 30
0
 40
2.5
 41
0.5555555555555556
 71
    1
 72
    1
  1
1
  7
unicode
210
0
220
0
230
1
 50
0
 73
    2
 44
1
  0
MTEXT
  5
305
100
AcDbEntity
  8
04. спецификация
  6
ByLayer
 62
  256
370
   -1
100
AcDbMText
 10
111
 20
196
 30
0
 40
4
 41
61.2222222222226
 71
    1
 72
    1
  1
Стандартные изделия
  7
cyrillic_ii
210
0
220
0
230
1
 50
0
 73
    2
 44
1
  0
MTEXT
  5
306
100
AcDbEntity
  8
00. эскиз
  6
ByLayer
 62
  256
370
   -1
100
AcDbMText
 10
198
 20
23.5
 30
0
 40
2
 41
0.8888888888890129
 71
    1
 72
    1
  1
5
  7
cyrillic_ii
210
0
220
0
230
1
 50
0
 73
    2
 44
1
  0
MTEXT
  5
307
100
AcDbEntity
  8
04. спецификация
  6
ByLayer
 62
  256
370
   -1
100
AcDbMText
 10
185
 20
171
 30
0
 40
2.5
 41
5
 71
    1
 72
    1
  1
шт.
  7
unicode
210
0
220
0
230
1
 50
0
 73
    2
 44
1
  0
MTEXT
  5
308
100
AcDbEntity
  8
штамп А4 книжный
  6
ByLayer
 62
  256
370
   -1
100
AcDbMText
 10
179.7777777777778
 20
12.5
 30
0
 40
2.5
 41
36.59722222222222
 71
    5
 72
    1
  1
Программа обучения:\P«Электронное\Pконструирование»
  7
cyrillic_ii
210
0
220
0
230
1
 50
0
 73
    2
 44
1
  0
MTEXT
  5
309
100
AcDbEntity
  8
01. основание
  6
ByLayer
 62
  256
370
   -1
100
AcDbMText
 10
120.4305555555556
 20
33
 30
0
 40
5
 41
34.16666666666667
 71
    5
 72
    1
  1
Основание
  7
cyrillic_ii
210
0
220
0
230
1
 50
0
 73
    2
 44
1
  0
MTEXT
  5
30A
100
AcDbEntity
  8
02. держатель
  6
ByLayer
 62
  256
370
   -1
100
AcDbMText
 10
193
 20
35
 30
0
 40
5
 41
5.555555555555555
 71
    1
 72
    1
  1
1:1
  7
cyrillic_ii
210
0
220
0
230
1
 50
0
 73
    2
 44
1
  0
MTEXT
  5
30B
100
AcDbEntity
  8
04. спецификация
  6
ByLayer
 62
  256
370
   -1
100
AcDbMText
 10
114
 20
187
 30
0
 40
2.5
 41
32.77777777777778
 71
    1
 72
    1
  1
Батарея Крона 9В
  7
unicode
210
0
220
0
230
1
 50
0
 73
    2
 44
1
  0
MTEXT
  5
30C
100
AcDbEntity
  8
04. спецификация
  6
ByLayer
 62
  256
370
   -1
100
AcDbMText
 10
185
 20
163
 30
0
 40
2.5
 41
5
 71
    1
 72
    1
  1
шт.
  7
unicode
210
0
220
0
230
1
 50
0
 73
    2
 44
1
  0
MTEXT
  5
30D
100
AcDbEntity
  8
04. спецификация
  6
ByLayer
 62
  256
370
   -1
100
AcDbMText
 10
114
 20
227
 30
0
 40
2.5
 41
17.08333333333334
 71
    1
 72
    1
  1
Основание
  7
unicode
210
0
220
0
230
1
 50
0
 73
    2
 44
1
  0
MTEXT
  5
30E
100
AcDbEntity
  8
04. спецификация
  6
ByLayer
 62
  256
370
   -1
100
AcDbMText
 10
176
 20
187
 30
0
 40
2.5
 41
0.5555555555555556
 71
    1
 72
    1
  1
1
  7
unicode
210
0
220
0
230
1
 50
0
 73
    2
 44
1
  0
MTEXT
  5
30F
100
AcDbEntity
  8
02. держатель
  6
ByLayer
 62
  256
370
   -1
100
AcDbMText
 10
120
 20
13
 30
0
 40
4
 41
63.1111111111113
 71
    5
 72
    1
  1
Фанера/Пиломатериал
  7
cyrillic_ii
210
0
220
0
230
1
 50
0
 73
    2
 44
1
  0
POINT
  5
310
100
AcDbEntity
  8
011. соединительные дорожки
  6
ByLayer
 62
  256
370
  100
100
AcDbPoint
 10
130
 20
145
  0
POINT
  5
311
100
AcDbEntity
  8
011. соединительные дорожки
  6
ByLayer
 62
  256
370
  100
100
AcDbPoint
 10
130
 20
135
  0
POINT
  5
312
100
AcDbEntity
  8
011. соединительные дорожки
  6
ByLayer
 62
  256
370
  100
100
AcDbPoint
 10
78
 20
145
  0
POINT
  5
313
100
AcDbEntity
  8
011. соединительные дорожки
  6
ByLayer
 62
  256
370
  100
100
AcDbPoint
 10
130
 20
165
  0
POINT
  5
314
100
AcDbEntity
  8
011. соединительные дорожки
  6
ByLayer
 62
  256
370
  100
100
AcDbPoint
 10
78
 20
155
  0
POINT
  5
315
100
AcDbEntity
  8
011. соединительные дорожки
  6
ByLayer
 62
  256
370
  100
100
AcDbPoint
 10
87
 20
175
  0
POINT
  5
316
100
AcDbEntity
  8
011. соединительные дорожки
  6
ByLayer
 62
  256
370
  100
100
AcDbPoint
 10
95
 20
155
  0
POINT
  5
317
100
AcDbEntity
  8
011. соединительные дорожки
  6
ByLayer
 62
  256
370
  100
100
AcDbPoint
 10
100
 20
165
  0
POINT
  5
318
100
AcDbEntity
  8
011. соединительные дорожки
  6
ByLayer
 62
  256
370
  100
100
AcDbPoint
 10
108
 20
145
  0
POINT
  5
319
100
AcDbEntity
  8
011. соединительные дорожки
  6
ByLayer
 62
  256
370
  100
100
AcDbPoint
 10
87
 20
125
  0
POINT
  5
31A
100
AcDbEntity
  8
011. соединительные дорожки
  6
ByLayer
 62
  256
370
  100
100
AcDbPoint
 10
143
 20
125
  0
POINT
  5
31B
100
AcDbEntity
  8
011. соединительные дорожки
  6
ByLayer
 62
  256
370
  100
100
AcDbPoint
 10
143
 20
175
  0
LINE
  5
31C
100
AcDbEntity
  8
01. основание
  6
DOTTINY
 62
  256
370
   -1
100
AcDbLine
 10
125
 20
200
 11
125
 21
128
  0
CIRCLE
  5
31D
100
AcDbEntity
  8
01. основание
  6
DOTTINY
 62
  256
370
   -1
100
AcDbCircle
 10
123.5
 20
128
 40
1.5
  0
LINE
  5
31E
100
AcDbEntity
  8
01. основание
  6
DOTTINY
 62
  256
370
   -1
100
AcDbLine
 10
122
 20
128
 11
122
 21
200
  0
CIRCLE
  5
31F
100
AcDbEntity
  8
01. основание
  6
DOTTINY
 62
  256
370
   -1
100
AcDbCircle
 10
123.5
 20
162
 40
1.5
  0
LWPOLYLINE
  5
320
100
AcDbEntity
  8
02. держатель
  6
ByLayer
 62
  256
370
   -1
100
AcDbPolyline
 90
    4
 70
    1
 43
0
 10
85
 20
250
 10
155
 20
250
 10
155
 20
230
 10
85
 20
230
  0
DIMENSION
  5
321
100
AcDbEntity
  8
02. держатель
  6
ByLayer
 62
   96
420
32768
370
   -1
100
AcDbDimension
  2
*D1
 10
65
 20
230
 30
0
 11
62.75
 21
240
 31
0
 70
   32
 71
    5
  3
Standard
 53
0
210
0
220
0
230
1
100
AcDbAlignedDimension
 13
85
 23
250
 33
0
 14
85
 24
230
 34
0
 50
90
100
AcDbRotatedDimension
  0
CIRCLE
  5
322
100
AcDbEntity
  8
021. динамик
  6
ByLayer
 62
  256
370
   25
100
AcDbCircle
 10
120
 20
175
 40
31.5
  0
CIRCLE
  5
323
100
AcDbEntity
  8
021. динамик
  6
ByLayer
 62
  256
370
   -1
100
AcDbCircle
 10
145
 20
200
 40
2.5
  0
CIRCLE
  5
324
100
AcDbEntity
  8
021. динамик
  6
ByLayer
 62
  256
370
   -1
100
AcDbCircle
 10
95.00000000000001
 20
200.0000000000001
 40
2.5
  0
CIRCLE
  5
325
100
AcDbEntity
  8
021. динамик
  6
ByLayer
 62
  256
370
   -1
100
AcDbCircle
 10
145
 20
150.0000000000001
 40
2.5
  0
CIRCLE
  5
326
100
AcDbEntity
  8
021. динамик
  6
ByLayer
 62
  256
370
   -1
100
AcDbCircle
 10
95.00000000000003
 20
150.0000000000001
 40
2.5
  0
LINE
  5
327
100
AcDbEntity
  8
021. динамик
  6
ByLayer
 62
  256
370
   -1
100
AcDbLine
 10
95.00000000000001
 20
201
 11
95.00000000000001
 21
199
  0
LINE
  5
328
100
AcDbEntity
  8
021. динамик
  6
ByLayer
 62
  256
370
   -1
100
AcDbLine
 10
94.00000000000001
 20
200
 11
96.00000000000001
 21
200
  0
LINE
  5
329
100
AcDbEntity
  8
021. динамик
  6
ByLayer
 62
  256
370
   -1
100
AcDbLine
 10
95.00000000000003
 20
151.0000000000001
 11
95.00000000000003
 21
149.0000000000001
  0
LINE
  5
32A
100
AcDbEntity
  8
021. динамик
  6
ByLayer
 62
  256
370
   -1
100
AcDbLine
 10
94.00000000000003
 20
150.0000000000001
 11
96.00000000000003
 21
150.0000000000001
  0
LINE
  5
32B
100
AcDbEntity
  8
021. динамик
  6
ByLayer
 62
  256
370
   -1
100
AcDbLine
 10
145
 20
151
 11
145
 21
149
  0
LINE
  5
32C
100
AcDbEntity
  8
021. динамик
  6
ByLayer
 62
  256
370
   -1
100
AcDbLine
 10
144
 20
150
 11
146
 21
150
  0
LINE
  5
32D
100
AcDbEntity
  8
021. динамик
  6
ByLayer
 62
  256
370
   -1
100
AcDbLine
 10
145
 20
200.9999999999999
 11
145
 21
198.9999999999999
  0
LINE
  5
32E
100
AcDbEntity
  8
021. динамик
  6
ByLayer
 62
  256
370
   -1
100
AcDbLine
 10
144
 20
199.9999999999999
 11
146
 21
199.9999999999999
  0
LINE
  5
32F
100
AcDbEntity
  8
02. держатель
  6
ByLayer
 62
  256
370
   -1
100
AcDbLine
 10
95
 20
136
 11
99
 21
136
  0
LINE
  5
330
100
AcDbEntity
  8
02. держатель
  6
ByLayer
 62
  256
370
   -1
100
AcDbLine
 10
95
 20
128
 11
99
 21
128
  0
ARC
  5
331
100
AcDbEntity
  8
02. держатель
  6
ByLayer
 62
  256
370
   -1
100
AcDbCircle
 10
95
 20
132
 40
4
100
AcDbArc
 50
90
 51
270
  0
ARC
  5
332
100
AcDbEntity
  8
02. держатель
  6
ByLayer
 62
  256
370
   -1
100
AcDbCircle
 10
99
 20
132
 40
4
100
AcDbArc
 50
270
 51
450
  0
LINE
  5
333
100
AcDbEntity
  8
02. держатель
  6
ByLayer
 62
  256
370
   -1
100
AcDbLine
 10
118
 20
136
 11
122
 21
136
  0
LINE
  5
334
100
AcDbEntity
  8
02. держатель
  6
ByLayer
 62
  256
370
   -1
100
AcDbLine
 10
118
 20
128
 11
122
 21
128
  0
ARC
  5
335
100
AcDbEntity
  8
02. держатель
  6
ByLayer
 62
  256
370
   -1
100
AcDbCircle
 10
118
 20
132
 40
4
100
AcDbArc
 50
90
 51
270
  0
ARC
  5
336
100
AcDbEntity
  8
02. держатель
  6
ByLayer
 62
  256
370
   -1
100
AcDbCircle
 10
122
 20
132
 40
4
100
AcDbArc
 50
270
 51
450
  0
LINE
  5
337
100
AcDbEntity
  8
02. держатель
  6
ByLayer
 62
  256
370
   -1
100
AcDbLine
 10
141
 20
136
 11
145
 21
136
  0
LINE
  5
338
100
AcDbEntity
  8
02. держатель
  6
ByLayer
 62
  256
370
   -1
100
AcDbLine
 10
141
 20
128
 11
145
 21
128
  0
ARC
  5
339
100
AcDbEntity
  8
02. держатель
  6
ByLayer
 62
  256
370
   -1
100
AcDbCircle
 10
141
 20
132
 40
4
100
AcDbArc
 50
90
 51
270
  0
ARC
  5
33A
100
AcDbEntity
  8
02. держатель
  6
ByLayer
 62
  256
370
   -1
100
AcDbCircle
 10
145
 20
132
 40
4
100
AcDbArc
 50
270
 51
450
  0
DIMENSION
  5
33B
100
AcDbEntity
  8
02. держатель
  6
ByLayer
 62
   96
420
32768
370
   -1
100
AcDbDimension
  2
*D2
 10
103
 20
140
 30
0
 11
97
 21
142.25
 31
0
 70
   32
 71
    5
 72
    0
  3
Standard
 53
0
210
0
220
0
230
1
100
AcDbAlignedDimension
 13
91
 23
132
 33
0
 14
103
 24
132
 34
0
100
AcDbRotatedDimension
  0
DIMENSION
  5
33C
100
AcDbEntity
  8
02. держатель
  6
ByLayer
 62
   96
420
32768
370
   -1
100
AcDbDimension
  2
*D3
 10
80
 20
128
 30
0
 11
77.75
 21
132
 31
0
 70
   32
 71
    5
 72
    0
  3
Standard
 53
0
210
0
220
0
230
1
100
AcDbAlignedDimension
 13
100
 23
136
 33
0
 14
100
 24
128
 34
0
 50
90
100
AcDbRotatedDimension
  0
LINE
  5
33D
100
AcDbEntity
  8
02. держатель
  6
ByLayer
 62
  256
370
   -1
100
AcDbLine
 10
140
 20
110
 11
140
 21
120
  0
LINE
  5
33E
100
AcDbEntity
  8
02. держатель
  6
ByLayer
 62
  256
370
   -1
100
AcDbLine
 10
115
 20
110
 11
115
 21
120
  0
LINE
  5
33F
100
AcDbEntity
  8
02. держатель
  6
ByLayer
 62
  256
370
   -1
100
AcDbLine
 10
125
 20
110
 11
125
 21
120
  0
LINE
  5
340
100
AcDbEntity
  8
02. держатель
  6
ByLayer
 62
  256
370
   -1
100
AcDbLine
 10
90
 20
110
 11
90
 21
120
  0
LINE
  5
341
100
AcDbEntity
  8
02. держатель
  6
ByLayer
 62
  256
370
   -1
100
AcDbLine
 10
150
 20
110
 11
150
 21
120
  0
LINE
  5
342
100
AcDbEntity
  8
02. держатель
  6
ByLayer
 62
  256
370
   -1
100
AcDbLine
 10
100
 20
110
 11
100
 21
120
  0
LINE
  5
343
100
AcDbEntity
  8
02. держатель
  6
ByLayer
 62
  256
370
   -1
100
AcDbLine
 10
100
 20
120
 11
115
 21
120
  0
LINE
  5
344
100
AcDbEntity
  8
02. держатель
  6
ByLayer
 62
  256
370
   -1
100
AcDbLine
 10
100
 20
110
 11
90
 21
110
  0
LINE
  5
345
100
AcDbEntity
  8
02. держатель
  6
ByLayer
 62
  256
370
   -1
100
AcDbLine
 10
125
 20
110
 11
115
 21
110
  0
LINE
  5
346
100
AcDbEntity
  8
02. держатель
  6
ByLayer
 62
  256
370
   -1
100
AcDbLine
 10
150
 20
110
 11
140
 21
110
  0
LINE
  5
347
100
AcDbEntity
  8
02. держатель
  6
ByLayer
 62
  256
370
   -1
100
AcDbLine
 10
125
 20
120
 11
140
 21
120
  0
LINE
  5
348
100
AcDbEntity
  8
02. держатель
  6
ByLayer
 62
  256
370
   -1
100
AcDbLine
 10
150
 20
120
 11
155
 21
120
  0
LINE
  5
349
100
AcDbEntity
  8
02. держатель
  6
ByLayer
 62
  256
370
   -1
100
AcDbLine
 10
90
 20
120
 11
85
 21
120
  0
LINE
  5
34A
100
AcDbEntity
  8
02. держатель
  6
ByLayer
 62
  256
370
   -1
100
AcDbLine
 10
95
 20
133
 11
95
 21
131
  0
LINE
  5
34B
100
AcDbEntity
  8
02. держатель
  6
ByLayer
 62
  256
370
   -1
100
AcDbLine
 10
94
 20
132
 11
96
 21
132
  0
LINE
  5
34C
100
AcDbEntity
  8
02. держатель
  6
ByLayer
 62
  256
370
   -1
100
AcDbLine
 10
99
 20
133
 11
99
 21
131
  0
LINE
  5
34D
100
AcDbEntity
  8
02. держатель
  6
ByLayer
 62
  256
370
   -1
100
AcDbLine
 10
98
 20
132
 11
100
 21
132
  0
LINE
  5
34E
100
AcDbEntity
  8
02. держатель
  6
ByLayer
 62
  256
370
   -1
100
AcDbLine
 10
118
 20
133
 11
118
 21
131
  0
LINE
  5
34F
100
AcDbEntity
  8
02. держатель
  6
ByLayer
 62
  256
370
   -1
100
AcDbLine
 10
117
 20
132
 11
119
 21
132
  0
LINE
  5
350
100
AcDbEntity
  8
02. держатель
  6
ByLayer
 62
  256
370
   -1
100
AcDbLine
 10
122
 20
133
 11
122
 21
131
  0
LINE
  5
351
100
AcDbEntity
  8
02. держатель
  6
ByLayer
 62
  256
370
   -1
100
AcDbLine
 10
121
 20
132
 11
123
 21
132
  0
LINE
  5
352
100
AcDbEntity
  8
02. держатель
  6
ByLayer
 62
  256
370
   -1
100
AcDbLine
 10
141
 20
133
 11
141
 21
131
  0
LINE
  5
353
100
AcDbEntity
  8
02. держатель
  6
ByLayer
 62
  256
370
   -1
100
AcDbLine
 10
140
 20
132
 11
142
 21
132
  0
LINE
  5
354
100
AcDbEntity
  8
02. держатель
  6
ByLayer
 62
  256
370
   -1
100
AcDbLine
 10
145
 20
133
 11
145
 21
131
  0
LINE
  5
355
100
AcDbEntity
  8
02. держатель
  6
ByLayer
 62
  256
370
   -1
100
AcDbLine
 10
144
 20
132
 11
146
 21
132
  0
DIMENSION
  5
356
100
AcDbEntity
  8
02. держатель
  6
ByLayer
 62
   96
420
32768
370
   -1
100
AcDbDimension
  2
*D4
 10
80
 20
110
 30
0
 11
77.75
 21
115
 31
0
 70
   32
 71
    5
 72
    0
  3
Standard
 53
0
210
0
220
0
230
1
100
AcDbAlignedDimension
 13
85
 23
120
 33
0
 14
90
 24
110
 34
0
 50
90
100
AcDbRotatedDimension
  0
DIMENSION
  5
357
100
AcDbEntity
  8
02. держатель
  6
ByLayer
 62
   96
420
32768
370
   -1
100
AcDbDimension
  2
*D5
 10
100
 20
100
 30
0
 11
95
 21
102.25
 31
0
 70
   32
 71
    5
 72
    0
  3
Standard
 53
0
210
0
220
0
230
1
100
AcDbAlignedDimension
 13
90
 23
110
 33
0
 14
100
 24
110
 34
0
100
AcDbRotatedDimension
  0
DIMENSION
  5
358
100
AcDbEntity
  8
02. держатель
  6
ByLayer
 62
   96
420
32768
370
   -1
100
AcDbDimension
  2
*D6
 10
115
 20
100
 30
0
 11
107.5
 21
102.25
 31
0
 70
   32
 71
    5
 72
    0
  3
Standard
 53
0
210
0
220
0
230
1
100
AcDbAlignedDimension
 13
100
 23
110
 33
0
 14
115
 24
110
 34
0
100
AcDbRotatedDimension
  0
DIMENSION
  5
359
100
AcDbEntity
  8
02. держатель
  6
ByLayer
 62
   96
420
32768
370
   -1
100
AcDbDimension
  2
*D7
 10
150
 20
100
 30
0
 11
152.5
 21
102.25
 31
0
 70
   32
 71
    5
 72
    0
  3
Standard
 53
0
210
0
220
0
230
1
100
AcDbAlignedDimension
 13
155
 23
120
 33
0
 14
150
 24
110
 34
0
100
AcDbRotatedDimension
  0
DIMENSION
  5
35A
100
AcDbEntity
  8
02. держатель
  6
ByLayer
 62
   96
420
32768
370
   -1
100
AcDbDimension
  2
*D8
 10
122
 20
132
 30
0
 11
130.517763062078
 21
129.5132705154336
 31
0
 70
   36
 71
    5
 72
    0
  3
Standard
 53
0
210
0
220
0
230
1
100
AcDbRadialDimension
 15
125.4299717028502
 25
129.9420169782899
 35
0
 40
0
  0
DIMENSION
  5
35B
100
AcDbEntity
  8
02. держатель
  6
ByLayer
 62
   96
420
32768
370
   -1
100
AcDbDimension
  2
*D9
 10
118
 20
132
 30
0
 11
109.7833333333333
 21
128.65
 31
0
 70
   36
 71
    5
 72
    0
  3
Standard
 53
0
210
0
220
0
230
1
100
AcDbRadialDimension
 15
114.8
 25
129.6
 35
0
 40
0
  0
LINE
  5
35C
100
AcDbEntity
  8
01. основание
  6
ByLayer
 62
  256
370
   -1
100
AcDbLine
 10
123
 20
162
 11
124
 21
162
  0
LINE
  5
35D
100
AcDbEntity
  8
01. основание
  6
ByLayer
 62
  256
370
   -1
100
AcDbLine
 10
123.5
 20
162.5
 11
123.5
 21
161.5
  0
LINE
  5
35E
100
AcDbEntity
  8
01. основание
  6
ByLayer
 62
  256
370
   -1
100
AcDbLine
 10
123
 20
128
 11
124
 21
128
  0
LINE
  5
35F
100
AcDbEntity
  8
01. основание
  6
ByLayer
 62
  256
370
   -1
100
AcDbLine
 10
123.5
 20
128.5
 11
123.5
 21
127.5
  0
CIRCLE
  5
360
100
AcDbEntity
  8
02. держатель
  6
ByLayer
 62
  256
370
   -1
100
AcDbCircle
 10
120
 20
175
 40
22.5
  0
MTEXT
  5
361
100
AcDbEntity
  8
02. держатель
  6
ByLayer
 62
  256
370
   -1
100
AcDbMText
 10
30
 20
90
 30
0
 40
3
 41
138.0833333333339
 71
    1
 72
    1
  1
Технологический процесс:\P1. На лобзиковом станке из материала вырезается держатель;\P2. В детале сверлятся отверстия;\P3. Деталь шлифуется.
  7
cyrillic_ii
210
0
220
0
230
1
 50
0
 73
    2
 44
1
  0
LINE
  5
362
100
AcDbEntity
  8
01. основание
  6
ByLayer
 62
  256
370
   -1
100
AcDbLine
 10
75
 20
180
 11
85
 21
180
  0
LINE
  5
363
100
AcDbEntity
  8
01. основание
  6
ByLayer
 62
  256
370
   -1
100
AcDbLine
 10
100
 20
180
 11
110
 21
180
  0
LINE
  5
364
100
AcDbEntity
  8
01. основание
  6
ByLayer
 62
  256
370
   -1
100
AcDbLine
 10
135
 20
180
 11
125
 21
180
  0
ARC
  5
365
100
AcDbEntity
  8
01. основание
  6
CONTINUOUS
 62
  256
370
   -1
100
AcDbCircle
 10
165
 20
195
 40
5.000000000000001
100
AcDbArc
 50
0
 51
90
  0
LINE
  5
366
100
AcDbEntity
  8
01. основание
  6
CONTINUOUS
 62
  256
370
   -1
100
AcDbLine
 10
170
 20
195
 11
170
 21
125
  0
ARC
  5
367
100
AcDbEntity
  8
01. основание
  6
CONTINUOUS
 62
  256
370
   -1
100
AcDbCircle
 10
165
 20
125
 40
5.000000000000001
100
AcDbArc
 50
270
 51
0
  0
LINE
  5
368
100
AcDbEntity
  8
01. основание
  6
CONTINUOUS
 62
  256
370
   -1
100
AcDbLine
 10
165
 20
120
 11
75
 21
120
  0
ARC
  5
369
100
AcDbEntity
  8
01. основание
  6
CONTINUOUS
 62
  256
370
   -1
100
AcDbCircle
 10
75
 20
125
 40
5.000000000000001
100
AcDbArc
 50
180
 51
270
  0
LINE
  5
36A
100
AcDbEntity
  8
01. основание
  6
CONTINUOUS
 62
  256
370
   -1
100
AcDbLine
 10
70
 20
125
 11
69.99999999999999
 21
195
  0
ARC
  5
36B
100
AcDbEntity
  8
01. основание
  6
CONTINUOUS
 62
  256
370
   -1
100
AcDbCircle
 10
74.99999999999999
 20
195
 40
5.000000000000002
100
AcDbArc
 50
89.99999999999969
 51
180
  0
LINE
  5
36C
100
AcDbEntity
  8
01. основание
  6
CONTINUOUS
 62
  256
370
   -1
100
AcDbLine
 10
85
 20
200
 11
100
 21
200
  0
LINE
  5
36D
100
AcDbEntity
  8
01. основание
  6
CONTINUOUS
 62
  256
370
   -1
100
AcDbLine
 10
110
 20
200
 11
125
 21
200
  0
LINE
  5
36E
100
AcDbEntity
  8
01. основание
  6
CONTINUOUS
 62
  256
370
   -1
100
AcDbLine
 10
135
 20
200
 11
165
 21
200
  0
LINE
  5
36F
100
AcDbEntity
  8
01. основание
  6
ByLayer
 62
  256
370
   -1
100
AcDbLine
 10
85
 20
180
 11
85
 21
200
  0
LINE
  5
370
100
AcDbEntity
  8
01. основание
  6
ByLayer
 62
  256
370
   -1
100
AcDbLine
 10
100
 20
180
 11
100
 21
200
  0
LINE
  5
371
100
AcDbEntity
  8
01. основание
  6
ByLayer
 62
  256
370
   -1
100
AcDbLine
 10
110
 20
180
 11
110
 21
200
  0
LINE
  5
372
100
AcDbEntity
  8
01. основание
  6
ByLayer
 62
  256
370
   -1
100
AcDbLine
 10
125
 20
180
 11
125
 21
200
  0
LINE
  5
373
100
AcDbEntity
  8
01. основание
  6
ByLayer
 62
  256
370
   -1
100
AcDbLine
 10
135
 20
180
 11
135
 21
200
  0
LINE
  5
374
100
AcDbEntity
  8
01. основание
  6
ByLayer
 62
  256
370
   -1
100
AcDbLine
 10
75.00000000000001
 20
200
 11
75
 21
180
  0
LINE
  5
375
100
AcDbEntity
  8
01. основание
  6
DOTTINY
 62
  256
370
   -1
100
AcDbLine
 10
161
 20
131
 11
170
 21
131
  0
LINE
  5
376
100
AcDbEntity
  8
01. основание
  6
DOTTINY
 62
  256
370
   -1
100
AcDbLine
 10
161
 20
137
 11
161
 21
131
  0
CIRCLE
  5
377
100
AcDbEntity
  8
01. основание
  6
DOTTINY
 62
  256
370
   -1
100
AcDbCircle
 10
154.122080204488
 20
125.0000011251359
 40
1.5
  0
LINE
  5
378
100
AcDbEntity
  8
01. основание
  6
DOTTINY
 62
  256
370
   -1
100
AcDbLine
 10
155.622080204488
 20
200.0000011251359
 11
155.622080204488
 21
125.0000011251359
  0
LINE
  5
379
100
AcDbEntity
  8
01. основание
  6
DOTTINY
 62
  256
370
   -1
100
AcDbLine
 10
152.622080204488
 20
125.0000011251359
 11
152.622080204488
 21
200.0000011251359
  0
LINE
  5
37A
100
AcDbEntity
  8
01. основание
  6
ByLayer
 62
  256
370
   -1
100
AcDbLine
 10
153.622080204488
 20
125.0000011251359
 11
154.622080204488
 21
125.0000011251359
  0
LINE
  5
37B
100
AcDbEntity
  8
01. основание
  6
ByLayer
 62
  256
370
   -1
100
AcDbLine
 10
154.122080204488
 20
125.5000011251359
 11
154.122080204488
 21
124.5000011251359
  0
LINE
  5
37C
100
AcDbEntity
  8
01. основание
  6
DOTTINY
 62
  256
370
   -1
100
AcDbLine
 10
155.622080204488
 20
137
 11
161
 21
137
  0
DIMENSION
  5
37D
100
AcDbEntity
  8
02. держатель
  6
ByLayer
 62
   96
420
32768
370
   -1
100
AcDbDimension
  2
*D10
 10
170
 20
132
 30
0
 11
167.75
 21
121
 31
0
 70
   32
 71
    5
 72
    0
  3
Standard
 53
0
210
0
220
0
230
1
100
AcDbAlignedDimension
 13
150
 23
110
 33
0
 14
145
 24
132
 34
0
 50
90
100
AcDbRotatedDimension
  0
LINE
  5
37E
100
AcDbEntity
  8
02. держатель
  6
ByLayer
 62
  256
370
   -1
100
AcDbLine
 10
85
 20
120
 11
85
 21
205
  0
ARC
  5
37F
100
AcDbEntity
  8
02. держатель
  6
ByLayer
 62
  256
370
   -1
100
AcDbCircle
 10
90
 20
205
 40
5
100
AcDbArc
 50
90
 51
180
  0
LINE
  5
380
100
AcDbEntity
  8
02. держатель
  6
ByLayer
 62
  256
370
   -1
100
AcDbLine
 10
90
 20
210
 11
150
 21
210
  0
LINE
  5
381
100
AcDbEntity
  8
02. держатель
  6
ByLayer
 62
  256
370
   -1
100
AcDbLine
 10
155
 20
205
 11
155
 21
120
  0
ARC
  5
382
100
AcDbEntity
  8
02. держатель
  6
ByLayer
 62
  256
370
   -1
100
AcDbCircle
 10
150
 20
205
 40
5
100
AcDbArc
 50
0
 51
90
  0
LINE
  5
383
100
AcDbEntity
  8
021. динамик
  6
ByLayer
 62
  256
370
   25
100
AcDbLine
 10
94
 20
204
 11
107.702
 21
204
  0
LINE
  5
384
100
AcDbEntity
  8
021. динамик
  6
ByLayer
 62
  256
370
   25
100
AcDbLine
 10
91
 20
187.298
 11
91
 21
201
  0
LINE
  5
385
100
AcDbEntity
  8
021. динамик
  6
ByLayer
 62
  256
370
   25
100
AcDbLine
 10
132.298
 20
204
 11
146
 21
204
  0
LINE
  5
386
100
AcDbEntity
  8
021. динамик
  6
ByLayer
 62
  256
370
   25
100
AcDbLine
 10
149
 20
201
 11
149
 21
187.298
  0
LINE
  5
387
100
AcDbEntity
  8
021. динамик
  6
ByLayer
 62
  256
370
   25
100
AcDbLine
 10
146
 20
146
 11
132.298
 21
146
  0
LINE
  5
388
100
AcDbEntity
  8
021. динамик
  6
ByLayer
 62
  256
370
   25
100
AcDbLine
 10
149
 20
162.702
 11
149
 21
149
  0
LINE
  5
389
100
AcDbEntity
  8
021. динамик
  6
ByLayer
 62
  256
370
   25
100
AcDbLine
 10
91
 20
149
 11
91
 21
162.702
  0
LINE
  5
38A
100
AcDbEntity
  8
021. динамик
  6
ByLayer
 62
  256
370
   25
100
AcDbLine
 10
107.702
 20
146
 11
94
 21
146
  0
ARC
  5
38B
100
AcDbEntity
  8
021. динамик
  6
ByLayer
 62
  256
370
   25
100
AcDbCircle
 10
94
 20
201
 40
3
100
AcDbArc
 50
90
 51
180
  0
ARC
  5
38C
100
AcDbEntity
  8
021. динамик
  6
ByLayer
 62
  256
370
   25
100
AcDbCircle
 10
146
 20
201
 40
3
100
AcDbArc
 50
0
 51
90
  0
ARC
  5
38D
100
AcDbEntity
  8
021. динамик
  6
ByLayer
 62
  256
370
   25
100
AcDbCircle
 10
146
 20
149
 40
3
100
AcDbArc
 50
270
 51
0
  0
ARC
  5
38E
100
AcDbEntity
  8
021. динамик
  6
ByLayer
 62
  256
370
   25
100
AcDbCircle
 10
94
 20
149
 40
3
100
AcDbArc
 50
180
 51
270
  0
DIMENSION
  5
38F
100
AcDbEntity
  8
02. держатель
  6
ByLayer
 62
   96
420
32768
370
   -1
100
AcDbDimension
  2
*D11
 10
64.99999999999999
 20
130
 30
0
 11
62.74999999999999
 21
160
 31
0
 70
   32
 71
    5
 72
    0
  3
Standard
 53
0
210
0
220
0
230
1
100
AcDbAlignedDimension
 13
90
 23
210
 33
0
 14
90
 24
110
 34
0
 50
90
100
AcDbRotatedDimension
  0
DIMENSION
  5
390
100
AcDbEntity
  8
02. держатель
  6
ByLayer
 62
   96
420
32768
370
   -1
100
AcDbDimension
  2
*D12
 10
150
 20
205
 30
0
 11
155.0872404535366
 21
213.2692209688761
 31
0
 70
   36
 71
    5
 72
    0
  3
Standard
 53
0
210
0
220
0
230
1
100
AcDbRadialDimension
 15
153.5355339059327
 25
208.5355339059327
 35
0
 40
0
  0
DIMENSION
  5
391
100
AcDbEntity
  8
012. основание размеры
  6
CONTINUOUS
 62
   96
420
32768
370
   -1
100
AcDbDimension
  2
*D13
 10
165
 20
125
 30
0
 11
173.269220968876
 21
119.9127595464634
 31
0
 70
   36
 71
    5
 72
    0
  3
Standard
 53
0
210
0
220
0
230
1
100
AcDbRadialDimension
 15
168.5355339059327
 25
121.4644660940673
 35
0
 40
0
  0
DIMENSION
  5
392
100
AcDbEntity
  8
012. основание размеры
  6
CONTINUOUS
 62
   96
420
32768
370
   -1
100
AcDbDimension
  2
*D14
 10
50
 20
120
 30
0
 11
47.75
 21
160
 31
0
 70
   32
 71
    5
 72
    0
  3
Standard
 53
0
210
0
220
0
230
1
100
AcDbAlignedDimension
 13
75.00000000000001
 23
200
 33
0
 14
75
 24
120
 34
0
 50
90
100
AcDbRotatedDimension
  0
DIMENSION
  5
393
100
AcDbEntity
  8
012. основание размеры
  6
ByLayer
 62
   96
420
32768
370
   -1
100
AcDbDimension
  2
*D15
 10
60
 20
200
 30
0
 11
57.75
 21
189.9999999999995
 31
0
 70
   32
 71
    5
 72
    0
  3
Standard
 53
0
210
0
220
0
230
1
100
AcDbAlignedDimension
 13
75
 23
180
 33
0
 14
75.00000000000001
 24
199.999999999999
 34
0
 50
90
100
AcDbRotatedDimension
  0
DIMENSION
  5
394
100
AcDbEntity
  8
012. основание размеры
  6
ByLayer
 62
   96
420
32768
370
   -1
100
AcDbDimension
  2
*D16
 10
85
 20
210
 30
0
 11
80
 21
212.25
 31
0
 70
   32
 71
    5
 72
    0
  3
Standard
 53
0
210
0
220
0
230
1
100
AcDbAlignedDimension
 13
75.00000000000001
 23
199.999999999999
 33
0
 14
85
 24
200
 34
0
100
AcDbRotatedDimension
  0
DIMENSION
  5
395
100
AcDbEntity
  8
012. основание размеры
  6
ByLayer
 62
   96
420
32768
370
   -1
100
AcDbDimension
  2
*D17
 10
100
 20
210
 30
0
 11
92.5
 21
212.25
 31
0
 70
   32
 71
    5
 72
    0
  3
Standard
 53
0
210
0
220
0
230
1
100
AcDbAlignedDimension
 13
85
 23
200
 33
0
 14
100
 24
200
 34
0
100
AcDbRotatedDimension
  0
DIMENSION
  5
396
100
AcDbEntity
  8
012. основание размеры
  6
ByLayer
 62
   96
420
32768
370
   -1
100
AcDbDimension
  2
*D18
 10
180
 20
131
 30
0
 11
177.75
 21
125.5
 31
0
 70
   32
 71
    5
 72
    0
  3
Standard
 53
0
210
0
220
0
230
1
100
AcDbAlignedDimension
 13
165.0000024507115
 23
120
 33
0
 14
170
 24
131
 34
0
 50
90
100
AcDbRotatedDimension
  0
DIMENSION
  5
397
100
AcDbEntity
  8
012. основание размеры
  6
ByLayer
 62
   96
420
32768
370
   -1
100
AcDbDimension
  2
*D19
 10
122.3286967858355
 20
162.9370425713316
 30
0
 11
124.9055638569975
 21
163.7569548212468
 31
0
 70
   35
 71
    5
 72
    0
  3
Standard
 53
0
210
0
220
0
230
1
100
AcDbDiametricDimension
 15
124.6713032141645
 25
161.0629574286684
 35
0
 40
0
  0
LINE
  5
398
100
AcDbEntity
  8
012. основание размеры
  6
DASHDOTTINY
 62
  256
370
   -1
100
AcDbLine
 10
120
 20
210
 11
120
 21
110
  0
LINE
  5
399
100
AcDbEntity
  8
011. соединительные дорожки
  6
ByLayer
 62
  256
370
   -1
100
AcDbLine
 10
87
 20
176
 11
87
 21
174
  0
LINE
  5
39A
100
AcDbEntity
  8
011. соединительные дорожки
  6
ByLayer
 62
  256
370
   -1
100
AcDbLine
 10
86
 20
175
 11
88
 21
175
  0
LINE
  5
39B
100
AcDbEntity
  8
011. соединительные дорожки
  6
ByLayer
 62
  256
370
   -1
100
AcDbLine
 10
78
 20
156
 11
78
 21
154
  0
LINE
  5
39C
100
AcDbEntity
  8
011. соединительные дорожки
  6
ByLayer
 62
  256
370
   -1
100
AcDbLine
 10
77
 20
155
 11
79
 21
155
  0
LINE
  5
39D
100
AcDbEntity
  8
011. соединительные дорожки
  6
ByLayer
 62
  256
370
   -1
100
AcDbLine
 10
100
 20
166
 11
100
 21
164
  0
LINE
  5
39E
100
AcDbEntity
  8
011. соединительные дорожки
  6
ByLayer
 62
  256
370
   -1
100
AcDbLine
 10
99
 20
165
 11
101
 21
165
  0
LINE
  5
39F
100
AcDbEntity
  8
011. соединительные дорожки
  6
ByLayer
 62
  256
370
   -1
100
AcDbLine
 10
95
 20
156
 11
95
 21
154
  0
LINE
  5
3A0
100
AcDbEntity
  8
011. соединительные дорожки
  6
ByLayer
 62
  256
370
   -1
100
AcDbLine
 10
94
 20
155
 11
96
 21
155
  0
LINE
  5
3A1
100
AcDbEntity
  8
011. соединительные дорожки
  6
ByLayer
 62
  256
370
   -1
100
AcDbLine
 10
78
 20
146
 11
78
 21
144
  0
LINE
  5
3A2
100
AcDbEntity
  8
011. соединительные дорожки
  6
ByLayer
 62
  256
370
   -1
100
AcDbLine
 10
77
 20
145
 11
79
 21
145
  0
LINE
  5
3A3
100
AcDbEntity
  8
011. соединительные дорожки
  6
ByLayer
 62
  256
370
   -1
100
AcDbLine
 10
87
 20
126
 11
87
 21
124
  0
LINE
  5
3A4
100
AcDbEntity
  8
011. соединительные дорожки
  6
ByLayer
 62
  256
370
   -1
100
AcDbLine
 10
86
 20
125
 11
88
 21
125
  0
LINE
  5
3A5
100
AcDbEntity
  8
011. соединительные дорожки
  6
ByLayer
 62
  256
370
   -1
100
AcDbLine
 10
108
 20
146
 11
108
 21
144
  0
LINE
  5
3A6
100
AcDbEntity
  8
011. соединительные дорожки
  6
ByLayer
 62
  256
370
   -1
100
AcDbLine
 10
107
 20
145
 11
109
 21
145
  0
LINE
  5
3A7
100
AcDbEntity
  8
011. соединительные дорожки
  6
ByLayer
 62
  256
370
   -1
100
AcDbLine
 10
130
 20
166
 11
130
 21
164
  0
LINE
  5
3A8
100
AcDbEntity
  8
011. соединительные дорожки
  6
ByLayer
 62
  256
370
   -1
100
AcDbLine
 10
129
 20
165
 11
131
 21
165
  0
LINE
  5
3A9
100
AcDbEntity
  8
011. соединительные дорожки
  6
ByLayer
 62
  256
370
   -1
100
AcDbLine
 10
130
 20
146
 11
130
 21
144
  0
LINE
  5
3AA
100
AcDbEntity
  8
011. соединительные дорожки
  6
ByLayer
 62
  256
370
   -1
100
AcDbLine
 10
129
 20
145
 11
131
 21
145
  0
LINE
  5
3AB
100
AcDbEntity
  8
011. соединительные дорожки
  6
ByLayer
 62
  256
370
   -1
100
AcDbLine
 10
130
 20
136
 11
130
 21
134
  0
LINE
  5
3AC
100
AcDbEntity
  8
011. соединительные дорожки
  6
ByLayer
 62
  256
370
   -1
100
AcDbLine
 10
129
 20
135
 11
131
 21
135
  0
LINE
  5
3AD
100
AcDbEntity
  8
011. соединительные дорожки
  6
ByLayer
 62
  256
370
   -1
100
AcDbLine
 10
143
 20
126
 11
143
 21
124
  0
LINE
  5
3AE
100
AcDbEntity
  8
011. соединительные дорожки
  6
ByLayer
 62
  256
370
   -1
100
AcDbLine
 10
142
 20
125
 11
144
 21
125
  0
LINE
  5
3AF
100
AcDbEntity
  8
011. соединительные дорожки
  6
ByLayer
 62
  256
370
   -1
100
AcDbLine
 10
143
 20
176
 11
143
 21
174
  0
LINE
  5
3B0
100
AcDbEntity
  8
011. соединительные дорожки
  6
ByLayer
 62
  256
370
   -1
100
AcDbLine
 10
142
 20
175
 11
144
 21
175
  0
LINE
  5
3B1
100
AcDbEntity
  8
01. основание
  6
ByLayer
 62
  256
370
   -1
100
AcDbLine
 10
77
 20
165
 11
79
 21
165
  0
LINE
  5
3B2
100
AcDbEntity
  8
01. основание
  6
ByLayer
 62
  256
370
   -1
100
AcDbLine
 10
78
 20
166
 11
78
 21
164
  0
CIRCLE
  5
3B3
100
AcDbEntity
  8
01. основание
  6
ByLayer
 62
  256
370
   -1
100
AcDbCircle
 10
78
 20
165
 40
4
  0
CIRCLE
  5
3B4
100
AcDbEntity
  8
01. основание
  6
ByLayer
 62
  256
370
   -1
100
AcDbCircle
 10
78
 20
165
 40
2.5
  0
LINE
  5
3B5
100
AcDbEntity
  8
01. основание
  6
ByLayer
 62
  256
370
   -1
100
AcDbLine
 10
78
 20
136
 11
78
 21
134
  0
LINE
  5
3B6
100
AcDbEntity
  8
01. основание
  6
ByLayer
 62
  256
370
   -1
100
AcDbLine
 10
77
 20
135
 11
79
 21
135
  0
CIRCLE
  5
3B7
100
AcDbEntity
  8
01. основание
  6
ByLayer
 62
  256
370
   -1
100
AcDbCircle
 10
78
 20
135
 40
4
  0
CIRCLE
  5
3B8
100
AcDbEntity
  8
01. основание
  6
ByLayer
 62
  256
370
   -1
100
AcDbCircle
 10
78
 20
135
 40
2.5
  0
MTEXT
  5
3B9
100
AcDbEntity
  8
01. основание
  6
ByLayer
 62
  256
370
   -1
100
AcDbMText
 10
30
 20
100
 30
0
 40
3
 41
149.5833333333341
 71
    1
 72
    1
  3
Технологический процесс:\P1. На лобзиковом станке из материала вырезается основание;\P2. В детале сверлятся отверстия 2 мм под соединитель�
  1
�ые дорожки;\P3. В детале высверливаются отверстия под клеммы датчика;\P4. Деталь шлифуется.
  7
cyrillic_ii
210
0
220
0
230
1
 50
0
 73
    2
 44
1
  0
MTEXT
  5
3BA
100
AcDbEntity
  8
04. спецификация
  6
ByLayer
 62
  256
370
   -1
100
AcDbMText
 10
44
 20
227
 30
0
 40
2.5
 41
38.33333333333334
 71
    1
 72
    1
  1
Датчик протечки. 001
  7
unicode
210
0
220
0
230
1
 50
0
 73
    2
 44
1
  0
MTEXT
  5
3BB
100
AcDbEntity
  8
04. спецификация
  6
ByLayer
 62
  256
370
   -1
100
AcDbMText
 10
44
 20
219
 30
0
 40
2.5
 41
38.88888888888889
 71
    1
 72
    1
  1
Датчик протечки. 002
  7
unicode
210
0
220
0
230
1
 50
0
 73
    2
 44
1
  0
MTEXT
  5
3BC
100
AcDbEntity
  8
04. спецификация
  6
ByLayer
 62
  256
370
   -1
100
AcDbMText
 10
114
 20
179
 30
0
 40
2.5
 41
22.22222222222222
 71
    1
 72
    1
  1
Выключатель
  7
unicode
210
0
220
0
230
1
 50
0
 73
    2
 44
1
  0
MTEXT
  5
3BD
100
AcDbEntity
  8
штамп А4 спецификация
  6
ByLayer
 62
  256
370
   -1
100
AcDbMText
 10
159.7777777777778
 20
18.5
 30
0
 40
2.5
 41
36.59722222222222
 71
    1
 72
    1
  1
Программа обучения:\P«Электронное\Pконструирование»
  7
cyrillic_ii
210
0
220
0
230
1
 50
0
 73
    2
 44
1
  0
MTEXT
  5
3BE
100
AcDbEntity
  8
04. спецификация
  6
ByLayer
 62
  256
370
   -1
100
AcDbMText
 10
114
 20
219
 30
0
 40
2.5
 41
18.75
 71
    1
 72
    1
  1
Держатель
  7
unicode
210
0
220
0
230
1
 50
0
 73
    2
 44
1
  0
MTEXT
  5
3BF
100
AcDbEntity
  8
04. спецификация
  6
ByLayer
 62
  256
370
   -1
100
AcDbMText
 10
44
 20
259
 30
0
 40
2.5
 41
44.93055555555556
 71
    1
 72
    1
  1
Датчик протечки. 003 СБ
  7
unicode
210
0
220
0
230
1
 50
0
 73
    2
 44
1
  0
MTEXT
  5
3C0
100
AcDbEntity
  8
04. спецификация
  6
ByLayer
 62
  256
370
   -1
100
AcDbMText
 10
177
 20
147
 30
0
 40
2.5
 41
0.5555555555555556
 71
    1
 72
    1
  1
1
  7
unicode
210
0
220
0
230
1
 50
0
 73
    2
 44
1
  0
MTEXT
  5
3C1
100
AcDbEntity
  8
04. спецификация
  6
ByLayer
 62
  256
370
   -1
100
AcDbMText
 10
177
 20
139
 30
0
 40
2.5
 41
0.5555555555555556
 71
    1
 72
    1
  1
1
  7
unicode
210
0
220
0
230
1
 50
0
 73
    2
 44
1
  0
MTEXT
  5
3C2
100
AcDbEntity
  8
04. спецификация
  6
ByLayer
 62
  256
370
   -1
100
AcDbMText
 10
185
 20
147
 30
0
 40
2.5
 41
5
 71
    1
 72
    1
  1
шт.
  7
unicode
210
0
220
0
230
1
 50
0
 73
    2
 44
1
  0
MTEXT
  5
3C3
100
AcDbEntity
  8
04. спецификация
  6
ByLayer
 62
  256
370
   -1
100
AcDbMText
 10
114
 20
139
 30
0
 40
2.5
 41
51.04166666666667
 71
    1
 72
    1
  1
Трансформатор согласующий
  7
unicode
210
0
220
0
230
1
 50
0
 73
    2
 44
1
  0
MTEXT
  5
3C4
100
AcDbEntity
  8
04. спецификация
  6
ByLayer
 62
  256
370
   -1
100
AcDbMText
 10
185
 20
139
 30
0
 40
2.5
 41
5
 71
    1
 72
    1
  1
шт.
  7
unicode
210
0
220
0
230
1
 50
0
 73
    2
 44
1
  0
MTEXT
  5
3C5
100
AcDbEntity
  8
04. спецификация
  6
ByLayer
 62
  256
370
   -1
100
AcDbMText
 10
177
 20
155
 30
0
 40
2.5
 41
0.5555555555555556
 71
    1
 72
    1
  1
1
  7
unicode
210
0
220
0
230
1
 50
0
 73
    2
 44
1
  0
MTEXT
  5
3C6
100
AcDbEntity
  8
04. спецификация
  6
ByLayer
 62
  256
370
   -1
100
AcDbMText
 10
185
 20
155
 30
0
 40
2.5
 41
5
 71
    1
 72
    1
  1
шт.
  7
unicode
210
0
220
0
230
1
 50
0
 73
    2
 44
1
  0
MTEXT
  5
3C7
100
AcDbEntity
  8
04. спецификация
  6
ByLayer
 62
  256
370
   -1
100
AcDbMText
 10
44
 20
171
 30
0
 40
2.5
 41
2.777777777777778
 71
    1
 72
    1
  1
R1
  7
unicode
210
0
220
0
230
1
 50
0
 73
    2
 44
1
  0
MTEXT
  5
3C8
100
AcDbEntity
  8
04. спецификация
  6
ByLayer
 62
  256
370
   -1
100
AcDbMText
 10
44
 20
163
 30
0
 40
2.5
 41
3.333333333333333
 71
    1
 72
    1
  1
R2
  7
unicode
210
0
220
0
230
1
 50
0
 73
    2
 44
1
  0
MTEXT
  5
3C9
100
AcDbEntity
  8
04. спецификация
  6
ByLayer
 62
  256
370
   -1
100
AcDbMText
 10
44
 20
155
 30
0
 40
2.5
 41
2.5
 71
    1
 72
    1
  1
C1
  7
unicode
210
0
220
0
230
1
 50
0
 73
    2
 44
1
  0
MTEXT
  5
3CA
100
AcDbEntity
  8
04. спецификация
  6
ByLayer
 62
  256
370
   -1
100
AcDbMText
 10
44
 20
147
 30
0
 40
2.5
 41
5.277777777777778
 71
    1
 72
    1
  1
VT1
  7
unicode
210
0
220
0
230
1
 50
0
 73
    2
 44
1
  0
DIMENSION
  5
3CB
100
AcDbEntity
  8
012. основание размеры
  6
ByLayer
 62
   96
420
32768
370
   -1
100
AcDbDimension
  2
*D20
 10
152.8903152252029
 20
125.8560122441097
 30
0
 11
155.4060968829487
 21
126.8476485940635
 31
0
 70
   35
 71
    5
 72
    0
  3
Standard
 53
0
210
0
220
0
230
1
100
AcDbDiametricDimension
 15
155.3538451837731
 25
124.1439900061621
 35
0
 40
0
  0
DIMENSION
  5
3CC
100
AcDbEntity
  8
012. основание размеры
  6
ByLayer
 62
   96
420
32768
370
   -1
100
AcDbDimension
  2
*D21
 10
122.3286967858355
 20
128.9370425713316
 30
0
 11
124.9055638569975
 21
129.7569548212468
 31
0
 70
   35
 71
    5
 72
    0
  3
Standard
 53
0
210
0
220
0
230
1
100
AcDbDiametricDimension
 15
124.6713032141645
 25
127.0629574286684
 35
0
 40
0
  0
DIMENSION
  5
3CD
100
AcDbEntity
  8
02. держатель
  6
CONTINUOUS
 62
   96
420
32768
370
   -1
100
AcDbDimension
  2
*D22
 10
170
 20
260
 30
0
 11
120
 21
262.25
 31
0
 70
   32
 71
    5
 72
    0
  3
Standard
 53
0
210
0
220
0
230
1
100
AcDbAlignedDimension
 13
85
 23
250
 33
0
 14
155
 24
250
 34
0
100
AcDbRotatedDimension
  0
MTEXT
  5
3CE
100
AcDbEntity
  8
штамп А4 книжный
  6
ByLayer
 62
  256
370
   -1
100
AcDbMText
 10
40
 20
33.40000000000001
 30
0
 40
2
 41
17.61111111111111
 71
    1
 72
    1
  1
Фамилия И.О.
  7
cyrillic_ii
210
0
220
0
230
1
 50
0
 73
    2
 44
1
  0
MTEXT
  5
3CF
100
AcDbEntity
  8
штамп А4 спецификация
  6
ByLayer
 62
  256
370
   -1
100
AcDbMText
 10
40
 20
28
 30
0
 40
2
 41
17.61111111111111
 71
    1
 72
    1
  1
Фамилия И.О.
  7
cyrillic_ii
210
0
220
0
230
1
 50
0
 73
    2
 44
1
  0
MTEXT
  5
3D0
100
AcDbEntity
  8
штамп A4 альбомный
  6
ByLayer
 62
  256
370
   -1
100
AcDbMText
 10
176.6
 20
127
 30
0
 40
2
 41
17.61111111111111
 71
    1
 72
    1
  1
Фамилия И.О.
  7
cyrillic_ii
210
0
220
0
230
1
 50
90
 73
    2
 44
1
  0
MTEXT
  5
3D1
100
AcDbEntity
  8
01. основание
  6
ByLayer
 62
  256
370
   -1
100
AcDbMText
 10
171
 20
23.5
 30
0
 40
2
 41
0.8888888888888888
 71
    1
 72
    1
  1
2
  7
cyrillic_ii
210
0
220
0
230
1
 50
0
 73
    2
 44
1
  0
MTEXT
  5
3D2
100
AcDbEntity
  8
02. держатель
  6
ByLayer
 62
  256
370
   -1
100
AcDbMText
 10
171
 20
23.5
 30
0
 40
2
 41
0.8888888888890129
 71
    1
 72
    1
  1
3
  7
cyrillic_ii
210
0
220
0
230
1
 50
0
 73
    2
 44
1
  0
MTEXT
  5
3D3
100
AcDbEntity
  8
03. сборочный чертеж
  6
ByLayer
 62
  256
370
   -1
100
AcDbMText
 10
171
 20
23.5
 30
0
 40
2
 41
1.111111111111111
 71
    1
 72
    1
  1
4
  7
cyrillic_ii
210
0
220
0
230
1
 50
0
 73
    2
 44
1
  0
MTEXT
  5
3D4
100
AcDbEntity
  8
01. основание
  6
ByLayer
 62
  256
370
   -1
100
AcDbMText
 10
198
 20
23.5
 30
0
 40
2
 41
0.8888888888890129
 71
    1
 72
    1
  1
5
  7
cyrillic_ii
210
0
220
0
230
1
 50
0
 73
    2
 44
1
  0
MTEXT
  5
3D5
100
AcDbEntity
  8
02. держатель
  6
ByLayer
 62
  256
370
   -1
100
AcDbMText
 10
198
 20
23.5
 30
0
 40
2
 41
0.8888888888890129
 71
    1
 72
    1
  1
5
  7
cyrillic_ii
210
0
220
0
230
1
 50
0
 73
    2
 44
1
  0
MTEXT
  5
3D6
100
AcDbEntity
  8
03. сборочный чертеж
  6
ByLayer
 62
  256
370
   -1
100
AcDbMText
 10
198
 20
23.5
 30
0
 40
2
 41
0.8888888888890129
 71
    1
 72
    1
  1
5
  7
cyrillic_ii
210
0
220
0
230
1
 50
0
 73
    2
 44
1
  0
MTEXT
  5
3D7
100
AcDbEntity
  8
04. спецификация
  6
ByLayer
 62
  256
370
   -1
100
AcDbMText
 10
178
 20
23.5
 30
0
 40
2
 41
0.8888888888890129
 71
    1
 72
    1
  1
5
  7
cyrillic_ii
210
0
220
0
230
1
 50
0
 73
    2
 44
1
  0
MTEXT
  5
3D8
100
AcDbEntity
  8
04. спецификация
  6
ByLayer
 62
  256
370
   -1
100
AcDbMText
 10
196
 20
23.5
 30
0
 40
2
 41
0.8888888888890129
 71
    1
 72
    1
  1
5
  7
cyrillic_ii
210
0
220
0
230
1
 50
0
 73
    2
 44
1
  0
MTEXT
  5
3D9
100
AcDbEntity
  8
04. спецификация
  6
ByLayer
 62
  256
370
   -1
100
AcDbMText
 10
35
 20
139
 30
0
 40
2.5
 41
1.111111111111111
 71
    1
 72
    1
  1
9
  7
unicode
210
0
220
0
230
1
 50
0
 73
    2
 44
1
  0
MTEXT
  5
3DA
100
AcDbEntity
  8
04. спецификация
  6
ByLayer
 62
  256
370
   -1
100
AcDbMText
 10
44
 20
139
 30
0
 40
2.5
 41
2.777777777777778
 71
    1
 72
    1
  1
T1
  7
unicode
210
0
220
0
230
1
 50
0
 73
    2
 44
1
  0
MTEXT
  5
3DB
100
AcDbEntity
  8
04. спецификация
  6
ByLayer
 62
  256
370
   -1
100
AcDbMText
 10
122
 20
101
 30
0
 40
5
 41
37.77777777777801
 71
    1
 72
    1
  1
Материалы
  7
cyrillic_ii
210
0
220
0
230
1
 50
0
 73
    2
 44
1
  0
MTEXT
  5
3DC
100
AcDbEntity
  8
04. спецификация
  6
ByLayer
 62
  256
370
   -1
100
AcDbMText
 10
114
 20
83
 30
0
 40
2.5
 41
50.97222222222223
 71
    1
 72
    1
  1
Пиломатериал ГОСТ 8486-86
  7
unicode
210
0
220
0
230
1
 50
0
 73
    2
 44
1
  0
MTEXT
  5
3DD
100
AcDbEntity
  8
04. спецификация
  6
ByLayer
 62
  256
370
   -1
100
AcDbMText
 10
114
 20
91
 30
0
 40
2.5
 41
40.13888888888889
 71
    1
 72
    1
  1
Фанера ГОСТ 3916.1-96
  7
unicode
210
0
220
0
230
1
 50
0
 73
    2
 44
1
  0
MTEXT
  5
3DE
100
AcDbEntity
  8
04. спецификация
  6
ByLayer
 62
  256
370
   -1
100
AcDbMText
 10
114
 20
75
 30
0
 40
2.5
 41
9.722222222222221
 71
    1
 72
    1
  1
Жесть
  7
unicode
210
0
220
0
230
1
 50
0
 73
    2
 44
1
  0
MTEXT
  5
3DF
100
AcDbEntity
  8
04. спецификация
  6
ByLayer
 62
  256
370
   -1
100
AcDbMText
 10
177
 20
123
 30
0
 40
2.5
 41
0.5555555555555556
 71
    1
 72
    1
  1
1
  7
unicode
210
0
220
0
230
1
 50
0
 73
    2
 44
1
  0
MTEXT
  5
3E0
100
AcDbEntity
  8
04. спецификация
  6
ByLayer
 62
  256
370
   -1
100
AcDbMText
 10
177
 20
131
 30
0
 40
2.5
 41
0.5555555555555556
 71
    1
 72
    1
  1
1
  7
unicode
210
0
220
0
230
1
 50
0
 73
    2
 44
1
  0
MTEXT
  5
3E1
100
AcDbEntity
  8
04. спецификация
  6
ByLayer
 62
  256
370
   -1
100
AcDbMText
 10
185
 20
131
 30
0
 40
2.5
 41
5
 71
    1
 72
    1
  1
шт.
  7
unicode
210
0
220
0
230
1
 50
0
 73
    2
 44
1
  0
MTEXT
  5
3E2
100
AcDbEntity
  8
04. спецификация
  6
ByLayer
 62
  256
370
   -1
100
AcDbMText
 10
35
 20
131
 30
0
 40
2.5
 41
2.5
 71
    1
 72
    1
  1
10
  7
unicode
210
0
220
0
230
1
 50
0
 73
    2
 44
1
  0
MTEXT
  5
3E3
100
AcDbEntity
  8
04. спецификация
  6
ByLayer
 62
  256
370
   -1
100
AcDbMText
 10
44
 20
131
 30
0
 40
2.5
 41
5.277777777777778
 71
    1
 72
    1
  1
BA1
  7
unicode
210
0
220
0
230
1
 50
0
 73
    2
 44
1
  0
MTEXT
  5
3E4
100
AcDbEntity
  8
04. спецификация
  6
ByLayer
 62
  256
370
   -1
100
AcDbMText
 10
35
 20
123
 30
0
 40
2.5
 41
1.944444444444444
 71
    1
 72
    1
  1
11
  7
unicode
210
0
220
0
230
1
 50
0
 73
    2
 44
1
  0
MTEXT
  5
3E5
100
AcDbEntity
  8
04. спецификация
  6
ByLayer
 62
  256
370
   -1
100
AcDbMText
 10
35
 20
91
 30
0
 40
2.5
 41
2.5
 71
    1
 72
    1
  1
12
  7
unicode
210
0
220
0
230
1
 50
0
 73
    2
 44
1
  0
MTEXT
  5
3E6
100
AcDbEntity
  8
04. спецификация
  6
ByLayer
 62
  256
370
   -1
100
AcDbMText
 10
35
 20
83
 30
0
 40
2.5
 41
2.5
 71
    1
 72
    1
  1
13
  7
unicode
210
0
220
0
230
1
 50
0
 73
    2
 44
1
  0
MTEXT
  5
3E7
100
AcDbEntity
  8
04. спецификация
  6
ByLayer
 62
  256
370
   -1
100
AcDbMText
 10
35
 20
75
 30
0
 40
2.5
 41
2.777777777777778
 71
    1
 72
    1
  1
14
  7
unicode
210
0
220
0
230
1
 50
0
 73
    2
 44
1
  0
MTEXT
  5
3E8
100
AcDbEntity
  8
04. спецификация
  6
ByLayer
 62
  256
370
   -1
100
AcDbMText
 10
44
 20
187
 30
0
 40
2.5
 41
2.777777777777778
 71
    1
 72
    1
  1
G1
  7
unicode
210
0
220
0
230
1
 50
0
 73
    2
 44
1
  0
MTEXT
  5
3E9
100
AcDbEntity
  8
04. спецификация
  6
ByLayer
 62
  256
370
   -1
100
AcDbMText
 10
44
 20
179
 30
0
 40
2.5
 41
5.279780170556797
 71
    1
 72
    1
  1
SA1
  7
unicode
210
0
220
0
230
1
 50
0
 73
    2
 44
1
  0
MTEXT
  5
3EA
100
AcDbEntity
  8
04. спецификация
  6
ByLayer
 62
  256
370
   -1
100
AcDbMText
 10
114
 20
163
 30
0
 40
2.5
 41
35.48611111111111
 71
    1
 72
    1
  1
Резистор 2,7-3,6КОм
  7
unicode
210
0
220
0
230
1
 50
0
 73
    2
 44
1
  0
MTEXT
  5
3EB
100
AcDbEntity
  8
04. спецификация
  6
ByLayer
 62
  256
370
   -1
100
AcDbMText
 10
114
 20
155
 30
0
 40
2.5
 41
52.29166666666667
 71
    1
 72
    1
  1
Конденсатор 2,2-20МкФ - 10В
  7
unicode
210
0
220
0
230
1
 50
0
 73
    2
 44
1
  0
MTEXT
  5
3EC
100
AcDbEntity
  8
04. спецификация
  6
ByLayer
 62
  256
370
   -1
100
AcDbMText
 10
114
 20
131
 30
0
 40
2.5
 41
51.11111111111111
 71
    1
 72
    1
  1
Громкоговоритель 0,5Вт 8Ом
  7
unicode
210
0
220
0
230
1
 50
0
 73
    2
 44
1
  0
MTEXT
  5
3ED
100
AcDbEntity
  8
04. спецификация
  6
ByLayer
 62
  256
370
   -1
100
AcDbMText
 10
114
 20
147
 30
0
 40
2.5
 41
54.16388888888889
 71
    1
 72
    1
  1
Транзистор МП40 (МП39-МП42)
  7
unicode
210
0
220
0
230
1
 50
0
 73
    2
 44
1
  0
MTEXT
  5
3EE
100
AcDbEntity
  8
02. держатель
  6
ByLayer
 62
  256
370
   -1
100
AcDbMText
 10
120.4305555555556
 20
33
 30
0
 40
4
 41
60.33333333333351
 71
    5
 72
    1
  1
Держатель динамака
  7
cyrillic_ii
210
0
220
0
230
1
 50
0
 73
    2
 44
1
  0
MTEXT
  5
3EF
100
AcDbEntity
  8
04. спецификация
  6
ByLayer
 62
  256
370
   -1
100
AcDbMText
 10
114
 20
171
 30
0
 40
2.5
 41
32.01388888888889
 71
    1
 72
    1
  1
Резистор 1-6,8КОм
  7
unicode
210
0
220
0
230
1
 50
0
 73
    2
 44
1
  0
DIMENSION
  5
3F0
100
AcDbEntity
  8
012. основание размеры
  6
ByLayer
 62
   96
420
32768
370
   -1
100
AcDbDimension
  2
*D23
 10
70
 20
173
 30
0
 11
74
 21
175.25
 31
0
 70
   32
 71
    5
  3
Standard
 53
0
210
0
220
0
230
1
100
AcDbAlignedDimension
 13
78
 23
136
 33
0
 14
70
 24
165
 34
0
100
AcDbRotatedDimension
  0
DIMENSION
  5
3F1
100
AcDbEntity
  8
012. основание размеры
  6
ByLayer
 62
   96
420
32768
370
   -1
100
AcDbDimension
  2
*D24
 10
64
 20
165
 30
0
 11
61.75
 21
150
 31
0
 70
   32
 71
    5
  3
Standard
 53
0
210
0
220
0
230
1
100
AcDbAlignedDimension
 13
78
 23
135
 33
0
 14
78
 24
165
 34
0
 50
90
100
AcDbRotatedDimension
  0
DIMENSION
  5
3F2
100
AcDbEntity
  8
012. основание размеры
  6
ByLayer
 62
   96
420
32768
370
   -1
100
AcDbDimension
  2
*D25
 10
64
 20
135
 30
0
 11
61.75
 21
127.5
 31
0
 70
   32
 71
    5
  3
Standard
 53
0
210
0
220
0
230
1
100
AcDbAlignedDimension
 13
78
 23
120
 33
0
 14
78
 24
135
 34
0
 50
90
100
AcDbRotatedDimension
  0
MTEXT
  5
3F3
100
AcDbEntity
  8
04. спецификация
  6
ByLayer
 62
  256
370
   -1
100
AcDbMText
 10
100
 20
40
 30
0
 40
5
 41
77.5000000000008
 71
    1
 72
    1
  1
Датчик перелива. 003
  7
cyrillic_ii
210
0
220
0
230
1
 50
0
 73
    2
 44
1
  0
MTEXT
  5
3F4
100
AcDbEntity
  8
04. спецификация
  6
ByLayer
 62
  256
370
   -1
100
AcDbMText
 10
120.3194444444444
 20
20
 30
0
 40
4
 41
48.3333333333337
 71
    2
 72
    1
  1
Датчик перелива
  7
cyrillic_ii
210
0
220
0
230
1
 50
0
 73
    2
 44
1
  0
MTEXT
  5
3F5
100
AcDbEntity
  8
00. эскиз
  6
ByLayer
 62
  256
370
   -1
100
AcDbMText
 10
96
 20
55
 30
0
 40
5
 41
84.44444444444514
 71
    1
 72
    1
  1
Детектор перелива. 001
  7
cyrillic_ii
210
0
220
0
230
1
 50
0
 73
    2
 44
1
  0
MTEXT
  5
3F6
100
AcDbEntity
  8
01. основание
  6
ByLayer
 62
  256
370
   -1
100
AcDbMText
 10
96
 20
55
 30
0
 40
5
 41
84.44444444444514
 71
    1
 72
    1
  1
Детектор перелива. 001
  7
cyrillic_ii
210
0
220
0
230
1
 50
0
 73
    2
 44
1
  0
MTEXT
  5
3F7
100
AcDbEntity
  8
02. держатель
  6
ByLayer
 62
  256
370
   -1
100
AcDbMText
 10
96
 20
55
 30
0
 40
5
 41
85.55555555555625
 71
    1
 72
    1
  1
Детектор перелива. 002
  7
cyrillic_ii
210
0
220
0
230
1
 50
0
 73
    2
 44
1
  0
MTEXT
  5
3F8
100
AcDbEntity
  8
03. сборочный чертеж
  6
ByLayer
 62
  256
370
   -1
100
AcDbMText
 10
96
 20
55
 30
0
 40
5
 41
97.63888888889025
 71
    1
 72
    1
  1
Детектор перелива. 003 СБ
  7
cyrillic_ii
210
0
220
0
230
1
 50
0
 73
    2
 44
1
  0
MTEXT
  5
3F9
100
AcDbEntity
  8
03. сборочный чертеж
  6
ByLayer
 62
  256
370
   -1
100
AcDbMText
 10
120.4305555555556
 20
33
 30
0
 40
4
 41
54.77777777777834
 71
    5
 72
    1
  1
Детектор перелива\PСборочный чертеж
  7
cyrillic_ii
210
0
220
0
230
1
 50
0
 73
    2
 44
1
  0
MTEXT
  5
3FA
100
AcDbEntity
  8
03. сборочный чертеж
  6
ByLayer
 62
  256
370
   -1
100
AcDbMText
 10
30
 20
110
 30
0
 40
3
 41
159.4166666666678
 71
    1
 72
    1
  3
1. В детале 1 монтируются электрические дорожки из медной проволоки;\P2. Деталь 2 соединяется с деталью 1 с помощью клея или саморезов;\P3. В д�
  3
�тали 1 высверливаются каналы 3 мм;\P4. Из материала вырезаются электроды датчика, устанавливаются его\Pклеммы, которые могут быть сделаны �
  3
�юбой конструкции;\P5. Монтируется динамик, выключатель, устанавливается трансформатор;\P6. Производится пайка электронных компонентов;\P7.
  1
 Батарея склеивается с основанием клеевым пистолетом.\P
  7
cyrillic_ii
210
0
220
0
230
1
 50
0
 73
    2
 44
1
  0
DIMENSION
  5
3FB
100
AcDbEntity
  8
012. основание размеры
  6
ByLayer
 62
   96
420
32768
370
   -1
100
AcDbDimension
  2
*D26
 10
75.00000000000001
 20
210
 30
0
 11
72.5
 21
212.25
 31
0
 70
   32
 71
    5
  3
Standard
 53
0
210
0
220
0
230
1
100
AcDbAlignedDimension
 13
70
 23
196
 33
0
 14
75.00000000000001
 24
200
 34
0
100
AcDbRotatedDimension
  0
LINE
  5
3FC
100
AcDbEntity
  8
01. основание
  6
DOTTINY
 62
  256
370
   -1
100
AcDbLine
 10
170
 20
145
 11
161
 21
145
  0
LINE
  5
3FD
100
AcDbEntity
  8
01. основание
  6
DOTTINY
 62
  256
370
   -1
100
AcDbLine
 10
155.622080204488
 20
145
 11
161
 21
145
  0
DIMENSION
  5
3FE
100
AcDbEntity
  8
012. основание размеры
  6
ByLayer
 62
   96
420
32768
370
   -1
100
AcDbDimension
  2
*D27
 10
170
 20
151
 30
0
 11
165.5
 21
153.25
 31
0
 70
   32
 71
    5
 72
    0
  3
Standard
 53
0
210
0
220
0
230
1
100
AcDbAlignedDimension
 13
161
 23
137
 33
0
 14
170
 24
144
 34
0
100
AcDbRotatedDimension
  0
DIMENSION
  5
3FF
100
AcDbEntity
  8
012. основание размеры
  6
ByLayer
 62
   96
420
32768
370
   -1
100
AcDbDimension
  2
*D28
 10
145
 20
137
 30
0
 11
142.75
 21
141
 31
0
 70
   32
 71
    5
 72
    0
  3
Standard
 53
0
210
0
220
0
230
1
100
AcDbAlignedDimension
 13
155.622080204488
 23
145
 33
0
 14
155.622080204488
 24
137
 34
0
 50
90
100
AcDbRotatedDimension
  0
DIMENSION
  5
400
100
AcDbEntity
  8
012. основание размеры
  6
ByLayer
 62
   96
420
32768
370
   -1
100
AcDbDimension
  2
*D29
 10
180
 20
142
 30
0
 11
177.75
 21
138
 31
0
 70
   32
 71
    5
 72
    0
  3
Standard
 53
0
210
0
220
0
230
1
100
AcDbAlignedDimension
 13
170
 23
131
 33
0
 14
170
 24
145
 34
0
 50
90
100
AcDbRotatedDimension
  0
MTEXT
  5
401
100
AcDbEntity
  8
04. спецификация
  6
ByLayer
 62
  256
370
   -1
100
AcDbMText
 10
114
 20
123
 30
0
 40
2.5
 41
54.79166666666667
 71
    1
 72
    1
  1
Провод однож. медный d1.5-2кв.
  7
unicode
210
0
220
0
230
1
 50
0
 73
    2
 44
1
  0
MTEXT
  5
402
100
AcDbEntity
  8
04. спецификация
  6
ByLayer
 62
  256
370
   -1
100
AcDbMText
 10
185
 20
123
 30
0
 40
2.5
 41
1.388888888888889
 71
    1
 72
    1
  1
м
  7
unicode
210
0
220
0
230
1
 50
0
 73
    2
 44
1
  0
LWPOLYLINE
  5
403
100
AcDbEntity
  8
01. основание
  6
ByLayer
 62
  256
370
   -1
100
AcDbPolyline
 90
    4
 70
    1
 43
0
 10
70
 20
250
 10
170
 20
250
 10
170
 20
240
 10
70
 20
240
  0
LINE
  5
404
100
AcDbEntity
  8
01. основание
  6
DASHEDTINY
 62
  256
370
   -1
100
AcDbLine
 10
75
 20
240
 11
75
 21
250
  0
LINE
  5
405
100
AcDbEntity
  8
01. основание
  6
DASHEDTINY
 62
  256
370
   -1
100
AcDbLine
 10
85
 20
240
 11
85
 21
250
  0
LINE
  5
406
100
AcDbEntity
  8
01. основание
  6
DASHEDTINY
 62
  256
370
   -1
100
AcDbLine
 10
100
 20
240
 11
100
 21
250
  0
LINE
  5
407
100
AcDbEntity
  8
01. основание
  6
DASHEDTINY
 62
  256
370
   -1
100
AcDbLine
 10
110
 20
240
 11
110
 21
250
  0
LINE
  5
408
100
AcDbEntity
  8
01. основание
  6
DASHEDTINY
 62
  256
370
   -1
100
AcDbLine
 10
125
 20
240
 11
125
 21
250
  0
LINE
  5
409
100
AcDbEntity
  8
01. основание
  6
DASHEDTINY
 62
  256
370
   -1
100
AcDbLine
 10
135
 20
240
 11
135
 21
250
  0
DIMENSION
  5
40A
100
AcDbEntity
  8
012. основание размеры
  6
ByLayer
 62
   96
420
32768
370
   -1
100
AcDbDimension
  2
*D30
 10
50
 20
230
 30
0
 11
47.75
 21
245
 31
0
 70
   32
 71
    5
  3
Standard
 53
0
210
0
220
0
230
1
100
AcDbAlignedDimension
 13
70
 23
250
 33
0
 14
70
 24
240
 34
0
 50
90
100
AcDbRotatedDimension
  0
DIMENSION
  5
40B
100
AcDbEntity
  8
012. основание размеры
  6
CONTINUOUS
 62
   96
420
32768
370
   -1
100
AcDbDimension
  2
*D31
 10
170
 20
260
 30
0
 11
120
 21
262.25
 31
0
 70
   32
 71
    5
 72
    0
  3
Standard
 53
0
210
0
220
0
230
1
100
AcDbAlignedDimension
 13
70.00000000000001
 23
250
 33
0
 14
170
 24
250
 34
0
100
AcDbRotatedDimension
  0
DIMENSION
  5
40C
100
AcDbEntity
  8
012. основание размеры
  6
ByLayer
 62
   96
420
32768
370
   -1
100
AcDbDimension
  2
*D32
 10
65
 20
247
 30
0
 11
62.75
 21
248.5
 31
0
 70
   32
 71
    5
  3
Standard
 53
0
210
0
220
0
230
1
100
AcDbAlignedDimension
 13
70
 23
250
 33
0
 14
74
 24
247
 34
0
 50
90
100
AcDbRotatedDimension
  0
LINE
  5
40D
100
AcDbEntity
  8
01. основание
  6
DOTTINY
 62
  256
370
   -1
100
AcDbLine
 10
74
 20
247
 11
74
 21
250
  0
LINE
  5
40E
100
AcDbEntity
  8
01. основание
  6
DOTTINY
 62
  256
370
   -1
100
AcDbLine
 10
82
 20
247
 11
82
 21
250
  0
LINE
  5
40F
100
AcDbEntity
  8
01. основание
  6
DOTTINY
 62
  256
370
   -1
100
AcDbLine
 10
75.5
 20
240
 11
75.5
 21
247
  0
LINE
  5
410
100
AcDbEntity
  8
01. основание
  6
DOTTINY
 62
  256
370
   -1
100
AcDbLine
 10
80.5
 20
240
 11
80.5
 21
247
  0
LINE
  5
411
100
AcDbEntity
  8
01. основание
  6
DOTTINY
 62
  256
370
   -1
100
AcDbLine
 10
74
 20
247
 11
82
 21
247
  0
POINT
  5
412
100
AcDbEntity
  8
032. элементы
  6
ByLayer
 62
  256
370
  100
100
AcDbPoint
 10
136.9999980222328
 20
213
  0
POINT
  5
413
100
AcDbEntity
  8
032. элементы
  6
ByLayer
 62
  256
370
  100
100
AcDbPoint
 10
136.9999980222328
 20
203
  0
MTEXT
  5
414
100
AcDbEntity
  8
032. элементы
  6
CONTINUOUS
 62
  256
370
   -1
100
AcDbMText
 10
120.9999980222328
 20
199
 30
0
 40
2
 41
0.8888888888888888
 71
    1
 72
    1
  1
б
  7
cyrillic_ii
210
0
220
0
230
1
 50
0
 73
    2
 44
1
  0
POINT
  5
415
100
AcDbEntity
  8
032. элементы
  6
ByLayer
 62
  256
370
  100
100
AcDbPoint
 10
119.9999980222328
 20
198
  0
MTEXT
  5
416
100
AcDbEntity
  8
032. элементы
  6
CONTINUOUS
 62
  256
370
   -1
100
AcDbMText
 10
115.9999980222328
 20
195
 30
0
 40
2
 41
0.8888888888888888
 71
    1
 72
    1
  1
э
  7
cyrillic_ii
210
0
220
0
230
1
 50
0
 73
    2
 44
1
  0
POINT
  5
417
100
AcDbEntity
  8
032. элементы
  6
ByLayer
 62
  256
370
  100
100
AcDbPoint
 10
114.9999980222328
 20
195
  0
MTEXT
  5
418
100
AcDbEntity
  8
032. элементы
  6
CONTINUOUS
 62
  256
370
   -1
100
AcDbMText
 10
116.0449980222328
 20
203.045
 30
0
 40
2
 41
0.8888888888888888
 71
    1
 72
    1
  1
к
  7
cyrillic_ii
210
0
220
0
230
1
 50
0
 73
    2
 44
1
  0
POINT
  5
419
100
AcDbEntity
  8
032. элементы
  6
ByLayer
 62
  256
370
  100
100
AcDbPoint
 10
115.0449980222328
 20
202.045
  0
LINE
  5
41A
100
AcDbEntity
  8
032. элементы
  6
CONTINUOUS
 62
  256
370
   -1
100
AcDbLine
 10
90.99999802223283
 20
200
 11
90.99999802223283
 21
205
  0
LINE
  5
41B
100
AcDbEntity
  8
032. элементы
  6
CONTINUOUS
 62
  256
370
   -1
100
AcDbLine
 10
90.99999802223283
 20
190
 11
90.99999802223283
 21
185
  0
LINE
  5
41C
100
AcDbEntity
  8
032. элементы
  6
CONTINUOUS
 62
  256
370
   -1
100
AcDbLine
 10
90.99999802223283
 20
230
 11
90.99999802223283
 21
235
  0
LINE
  5
41D
100
AcDbEntity
  8
032. элементы
  6
CONTINUOUS
 62
  256
370
   -1
100
AcDbLine
 10
90.99999802223283
 20
220
 11
90.99999802223283
 21
215
  0
LINE
  5
41E
100
AcDbEntity
  8
032. элементы
  6
ByLayer
 62
  256
370
   -1
100
AcDbLine
 10
104.9999980222328
 20
219
 11
106.9999980222328
 21
219
  0
LINE
  5
41F
100
AcDbEntity
  8
032. элементы
  6
ByLayer
 62
  256
370
   -1
100
AcDbLine
 10
105.9999980222328
 20
220
 11
105.9999980222328
 21
218
  0
LINE
  5
420
100
AcDbEntity
  8
032. элементы
  6
CONTINUOUS
 62
  256
370
   -1
100
AcDbLine
 10
103.9999980222328
 20
218
 11
103.9999980222328
 21
225
  0
LINE
  5
421
100
AcDbEntity
  8
032. элементы
  6
CONTINUOUS
 62
  256
370
   -1
100
AcDbLine
 10
103.9999980222328
 20
205
 11
103.9999980222328
 21
212
  0
SPLINE
  5
422
100
AcDbEntity
  8
033. схема соединений
  6
ByBlock
 62
  256
370
   -1
100
AcDbSpline
210
0
220
0
230
0
 70
    8
 71
    2
 72
    7
 73
    4
 74
    0
 42
1e-07
 43
1e-07
 40
0
 40
0
 40
0
 40
0.5
 40
1
 40
1
 40
1
 10
119.9999980222328
 20
198
 30
0
 10
113.51883799108
 20
195.794885704146
 30
0
 10
111.8070645910992
 20
205.1358997595401
 30
0
 10
107.9999980222328
 20
205
 30
0
  0
SPLINE
  5
423
100
AcDbEntity
  8
033. схема соединений
  6
ByBlock
 62
  256
370
   -1
100
AcDbSpline
210
0
220
0
230
0
 70
    8
 71
    2
 72
    7
 73
    4
 74
    0
 42
1e-07
 43
1e-07
 40
0
 40
0
 40
0
 40
0.5
 40
1
 40
1
 40
1
 10
115.0449980222328
 20
202.045
 30
0
 10
117.7911400072069
 20
209.7291521270831
 30
0
 10
125.5171530014153
 20
201.2676652594818
 30
0
 10
129.9999980222328
 20
203
 30
0
  0
SPLINE
  5
424
100
AcDbEntity
  8
033. схема соединений
  6
ByBlock
 62
  256
370
   -1
100
AcDbSpline
210
0
220
0
230
0
 70
    8
 71
    2
 72
    7
 73
    4
 74
    0
 42
1e-07
 43
1e-07
 40
0
 40
0
 40
0
 40
0.5
 40
1
 40
1
 40
1
 10
114.9999980222328
 20
195
 30
0
 10
108.8182488540004
 20
192.9276442139017
 30
0
 10
115.5452455269301
 20
187.7170673582949
 30
0
 10
112.9999980222328
 20
185
 30
0
  0
SPLINE
  5
425
100
AcDbEntity
  8
033. схема соединений
  6
ByBlock
 62
  256
370
   -1
100
AcDbSpline
210
0
220
0
230
0
 70
    8
 71
    2
 72
    7
 73
    4
 74
    0
 42
1e-07
 43
1e-07
 40
0
 40
0
 40
0
 40
0.5
 40
1
 40
1
 40
1
 10
136.9999980222328
 20
203
 30
0
 10
133.4056001558761
 20
203.2079698574346
 30
0
 10
133.5943958885895
 20
196.7920301425654
 30
0
 10
129.9999980222328
 20
197
 30
0
  0
SPLINE
  5
426
100
AcDbEntity
  8
033. схема соединений
  6
ByBlock
 62
  256
370
   -1
100
AcDbSpline
210
0
220
0
230
0
 70
    8
 71
    2
 72
    7
 73
    4
 74
    0
 42
1e-07
 43
1e-07
 40
0
 40
0
 40
0
 40
0.5
 40
1
 40
1
 40
1
 10
136.9999980222328
 20
213
 30
0
 10
130.9103897767906
 20
218.0407979084337
 30
0
 10
137.2533385494762
 20
231.0169917812763
 30
0
 10
129.9999980222328
 20
235
 30
0
  0
POINT
  5
427
100
AcDbEntity
  8
033. схема соединений
  6
ByLayer
 62
  256
370
   50
100
AcDbPoint
 10
129.9999980222328
 20
235
  0
POINT
  5
428
100
AcDbEntity
  8
033. схема соединений
  6
ByLayer
 62
  256
370
   50
100
AcDbPoint
 10
125.9999980222328
 20
225
  0
POINT
  5
429
100
AcDbEntity
  8
033. схема соединений
  6
ByLayer
 62
  256
370
   50
100
AcDbPoint
 10
129.9999980222328
 20
197
  0
POINT
  5
42A
100
AcDbEntity
  8
033. схема соединений
  6
ByLayer
 62
  256
370
   50
100
AcDbPoint
 10
129.9999980222328
 20
203
  0
POINT
  5
42B
100
AcDbEntity
  8
033. схема соединений
  6
ByLayer
 62
  256
370
   50
100
AcDbPoint
 10
133.9999980222328
 20
185
  0
POINT
  5
42C
100
AcDbEntity
  8
033. схема соединений
  6
ByLayer
 62
  256
370
   50
100
AcDbPoint
 10
112.9999980222328
 20
185
  0
POINT
  5
42D
100
AcDbEntity
  8
033. схема соединений
  6
ByLayer
 62
  256
370
   50
100
AcDbPoint
 10
90.99999802223283
 20
185
  0
POINT
  5
42E
100
AcDbEntity
  8
033. схема соединений
  6
ByLayer
 62
  256
370
   50
100
AcDbPoint
 10
90.99999802223283
 20
205
  0
POINT
  5
42F
100
AcDbEntity
  8
033. схема соединений
  6
ByLayer
 62
  256
370
   50
100
AcDbPoint
 10
103.9999980222328
 20
205
  0
POINT
  5
430
100
AcDbEntity
  8
033. схема соединений
  6
ByLayer
 62
  256
370
   50
100
AcDbPoint
 10
90.99999802223283
 20
215
  0
POINT
  5
431
100
AcDbEntity
  8
033. схема соединений
  6
ByLayer
 62
  256
370
   50
100
AcDbPoint
 10
90.99999802223283
 20
235
  0
POINT
  5
432
100
AcDbEntity
  8
033. схема соединений
  6
ByLayer
 62
  256
370
   50
100
AcDbPoint
 10
103.9999980222328
 20
225
  0
CIRCLE
  5
433
100
AcDbEntity
  8
032. элементы
  6
CONTINUOUS
 62
  256
370
   25
100
AcDbCircle
 10
116.9999980222328
 20
198
 40
6
  0
POINT
  5
434
100
AcDbEntity
  8
033. схема соединений
  6
ByLayer
 62
  256
370
   50
100
AcDbPoint
 10
124.9999980222328
 20
185
  0
SPLINE
  5
435
100
AcDbEntity
  8
033. схема соединений
  6
CONTINUOUS
 62
  256
370
   -1
100
AcDbSpline
210
0
220
0
230
0
 70
    8
 71
    2
 72
   13
 73
   10
 74
    0
 42
1e-07
 43
1e-07
 40
0
 40
0
 40
0
 40
0.125
 40
0.25
 40
0.375
 40
0.5
 40
0.625
 40
0.75
 40
0.875
 40
1
 40
1
 40
1
 10
116.9999980222328
 20
260
 30
0
 10
117.8276668429229
 20
263.8827631685767
 30
0
 10
125.4881825082884
 20
262.6204055406939
 30
0
 10
122.0765275531492
 20
254.8569965729311
 30
0
 10
124.6520797489864
 20
241.7766751675473
 30
0
 10
122.5694794375707
 20
222.1511863718435
 30
0
 10
124.0368275067882
 20
206.487559482262
 30
0
 10
124.4818506958159
 20
196.8528846178805
 30
0
 10
122.1538347949403
 20
188.8759932265422
 30
0
 10
124.9999980222328
 20
185
 30
0
  0
LINE
  5
436
100
AcDbEntity
  8
032. элементы
  6
ByLayer
 62
  256
370
   -1
100
AcDbLine
 10
115.9999980222328
 20
257
 11
117.9999980222328
 21
257
  0
LINE
  5
437
100
AcDbEntity
  8
032. элементы
  6
ByLayer
 62
  256
370
   -1
100
AcDbLine
 10
116.9999980222328
 20
258
 11
116.9999980222328
 21
256
  0
POINT
  5
438
100
AcDbEntity
  8
033. схема соединений
  6
ByLayer
 62
  256
370
   50
100
AcDbPoint
 10
115.9999980222328
 20
225
  0
LINE
  5
439
100
AcDbEntity
  8
032. элементы
  6
DASHDOTTINY
 62
  256
370
   -1
100
AcDbLine
 10
147.9999980222328
 20
257
 11
147.9999980222328
 21
188
  0
LINE
  5
43A
100
AcDbEntity
  8
032. элементы
  6
ByLayer
 62
  256
370
   -1
100
AcDbLine
 10
158.9999980222328
 20
248
 11
160.9999980222328
 21
248
  0
SPLINE
  5
43B
100
AcDbEntity
  8
033. схема соединений
  6
ByLayer
 62
  256
370
   -1
100
AcDbSpline
210
0
220
0
230
0
 70
    8
 71
    2
 72
   10
 73
    7
 74
    0
 42
1e-07
 43
1e-07
 40
0
 40
0
 40
0
 40
0.2
 40
0.4
 40
0.6
 40
0.8
 40
1
 40
1
 40
1
 10
155.9999980222328
 20
248
 30
0
 10
158.9543556542217
 20
251.0841116548038
 30
0
 10
156.346309377218
 20
259.506411783988
 30
0
 10
146.9985931782265
 20
258.8731320557229
 30
0
 10
139.9687572044899
 20
252.3040305243911
 30
0
 10
149.25642988461
 20
242.7928113924746
 30
0
 10
138.9999980222328
 20
235
 30
0
  0
POINT
  5
43C
100
AcDbEntity
  8
033. схема соединений
  6
ByLayer
 62
  256
370
   50
100
AcDbPoint
 10
138.9999980222328
 20
235
  0
POINT
  5
43D
100
AcDbEntity
  8
032. элементы
  6
ByLayer
 62
  256
370
  100
100
AcDbPoint
 10
116.9999980222328
 20
260
  0
POINT
  5
43E
100
AcDbEntity
  8
032. элементы
  6
ByLayer
 62
  256
370
  100
100
AcDbPoint
 10
92.99999802223283
 20
260
  0
LWPOLYLINE
  5
43F
100
AcDbEntity
  8
032. элементы
  6
ByLayer
 62
  256
370
   50
100
AcDbPolyline
 90
    4
 70
    1
 43
0
 10
162.9999980222328
 20
230
 10
162.9999980222328
 20
255
 10
147.9999980222328
 20
255
 10
147.9999980222328
 20
230
  0
CIRCLE
  5
440
100
AcDbEntity
  8
032. элементы
  6
ByLayer
 62
  256
370
   50
100
AcDbCircle
 10
155.9999980222328
 20
237
 40
1.41421
  0
CIRCLE
  5
441
100
AcDbEntity
  8
032. элементы
  6
ByLayer
 62
  256
370
   50
100
AcDbCircle
 10
155.9999980222328
 20
248
 40
2
  0
LWPOLYLINE
  5
442
100
AcDbEntity
  8
032. элементы
  6
ByLayer
 62
  256
370
   50
100
AcDbPolyline
 90
    4
 70
    1
 43
0
 10
136.9999980222328
 20
225
 10
159.9999980222328
 20
225
 10
159.9999980222328
 20
190
 10
136.9999980222328
 20
190
  0
LWPOLYLINE
  5
443
100
AcDbEntity
  8
032. элементы
  6
CONTINUOUS
 62
  256
370
   50
100
AcDbPolyline
 90
    4
 70
    1
 43
0
 10
88.99999802223283
 20
230
 10
92.99999802223283
 20
230
 10
92.99999802223283
 20
220
 10
88.99999802223283
 20
220
  0
CIRCLE
  5
444
100
AcDbEntity
  8
032. элементы
  6
ByLayer
 62
  256
370
   50
100
AcDbCircle
 10
103.9999980222328
 20
215
 40
3
  0
LWPOLYLINE
  5
445
100
AcDbEntity
  8
032. элементы
  6
CONTINUOUS
 62
  256
370
   50
100
AcDbPolyline
 90
    4
 70
    1
 43
0
 10
88.99999802223283
 20
200
 10
92.99999802223283
 20
200
 10
92.99999802223283
 20
190
 10
88.99999802223283
 20
190
  0
LWPOLYLINE
  5
446
100
AcDbEntity
  8
032. элементы
  6
DASHEDTINY
 62
  256
370
   50
100
AcDbPolyline
 90
    4
 70
    1
 43
0
 10
82.49999802223283
 20
260
 10
127.4999980222328
 20
260
 10
127.4999980222328
 20
250
 10
82.49999802223283
 20
250
  0
LINE
  5
447
100
AcDbEntity
  8
032. элементы
  6
DASHEDTINY
 62
  256
370
   50
100
AcDbLine
 10
82.49999802223283
 20
250
 11
74.99999802223283
 21
240
  0
LINE
  5
448
100
AcDbEntity
  8
032. элементы
  6
DASHEDTINY
 62
  256
370
   50
100
AcDbLine
 10
74.99999802223283
 20
240
 11
134.9999980222328
 21
240
  0
LINE
  5
449
100
AcDbEntity
  8
032. элементы
  6
DASHEDTINY
 62
  256
370
   50
100
AcDbLine
 10
134.9999980222328
 20
240
 11
127.4999980222328
 21
250
  0
SPLINE
  5
44A
100
AcDbEntity
  8
033. схема соединений
  6
CONTINUOUS
 62
  256
370
   -1
100
AcDbSpline
210
0
220
0
230
0
 70
    8
 71
    2
 72
   13
 73
   10
 74
    0
 42
1e-07
 43
1e-07
 40
0
 40
0
 40
0
 40
0.125
 40
0.25
 40
0.375
 40
0.5
 40
0.625
 40
0.75
 40
0.875
 40
1
 40
1
 40
1
 10
92.99999802223283
 20
260
 30
0
 10
97.80208001649471
 20
264.695088253865
 30
0
 10
107.9999980222328
 20
261
 30
0
 10
117.3266404149569
 20
267.352298625925
 30
0
 10
125.3729987239979
 20
256.3219204203207
 30
0
 10
122.2808432841098
 20
243.4748423696247
 30
0
 10
123.7669882046199
 20
227.9647769944037
 30
0
 10
124.8490334951066
 20
218.4293782294547
 30
0
 10
117.5421606797556
 20
219.0280510865195
 30
0
 10
115.9999980222328
 20
225
 30
0
  0
LWPOLYLINE
  5
44B
100
AcDbEntity
  8
032. элементы
  6
DASHEDTINY
 62
  256
370
   18
100
AcDbPolyline
 90
    4
 70
    1
 43
0
 10
169.9999980222328
 20
204
 10
161.9999980222328
 20
204
 10
161.9999980222328
 20
191
 10
169.9999980222328
 20
191
  0
LWPOLYLINE
  5
44C
100
AcDbEntity
  8
032. элементы
  6
ByLayer
 62
  256
370
   18
100
AcDbPolyline
 90
    4
 70
    1
 43
0
 10
169.9999980222328
 20
205
 10
171.9999980222328
 20
205
 10
171.9999980222328
 20
190
 10
169.9999980222328
 20
190
  0
LINE
  5
44D
100
AcDbEntity
  8
032. элементы
  6
ByLayer
 62
  256
370
   18
100
AcDbLine
 10
171.9999980222328
 20
192
 11
174.9999980222328
 21
195
  0
LINE
  5
44E
100
AcDbEntity
  8
032. элементы
  6
ByLayer
 62
  256
370
   18
100
AcDbLine
 10
174.9999980222328
 20
195
 11
171.9999980222328
 21
203
  0
LINE
  5
44F
100
AcDbEntity
  8
032. элементы
  6
ByLayer
 62
  256
370
   18
100
AcDbLine
 10
161.9999980222328
 20
203
 11
155.9999980222328
 21
203
  0
LINE
  5
450
100
AcDbEntity
  8
032. элементы
  6
ByLayer
 62
  256
370
   18
100
AcDbLine
 10
161.9999980222328
 20
198
 11
155.9999980222328
 21
198
  0
POINT
  5
451
100
AcDbEntity
  8
032. элементы
  6
ByLayer
 62
  256
370
  100
100
AcDbPoint
 10
159.9999980222328
 20
201
  0
POINT
  5
452
100
AcDbEntity
  8
032. элементы
  6
ByLayer
 62
  256
370
  100
100
AcDbPoint
 10
159.9999980222328
 20
215
  0
SPLINE
  5
453
100
AcDbEntity
  8
033. схема соединений
  6
ByBlock
 62
  256
370
   -1
100
AcDbSpline
210
0
220
0
230
0
 70
    8
 71
    2
 72
   11
 73
    8
 74
    0
 42
1e-07
 43
1e-07
 40
0
 40
0
 40
0
 40
0.1666666666666667
 40
0.3333333333333333
 40
0.5
 40
0.6666666666666666
 40
0.8333333333333334
 40
1
 40
1
 40
1
 10
159.9999980222328
 20
215
 30
0
 10
163.7648700938599
 20
215.7199359412943
 30
0
 10
167.2608879818564
 20
223.6423743095258
 30
0
 10
159.9964840149446
 20
229.3070075410621
 30
0
 10
151.9281630682023
 20
224.573827127707
 30
0
 10
144.7777288384314
 20
231.2057494949771
 30
0
 10
131.6894454431835
 20
230.9654802331915
 30
0
 10
125.9999980222328
 20
225
 30
0
  0
CIRCLE
  5
454
100
AcDbEntity
  8
032. элементы
  6
ByLayer
 62
  256
370
   -1
100
AcDbCircle
 10
77.99999802223283
 20
225
 40
4
  0
CIRCLE
  5
455
100
AcDbEntity
  8
032. элементы
  6
ByLayer
 62
  256
370
   -1
100
AcDbCircle
 10
77.99999802223283
 20
225
 40
2.5
  0
CIRCLE
  5
456
100
AcDbEntity
  8
032. элементы
  6
ByLayer
 62
  256
370
   -1
100
AcDbCircle
 10
77.99999802223283
 20
195
 40
4
  0
CIRCLE
  5
457
100
AcDbEntity
  8
032. элементы
  6
ByLayer
 62
  256
370
   -1
100
AcDbCircle
 10
77.99999802223283
 20
195
 40
2.5
  0
LINE
  5
458
100
AcDbEntity
  8
032. элементы
  6
ByLayer
 62
  256
370
   -1
100
AcDbLine
 10
158.9999980222328
 20
237
 11
160.9999980222328
 21
237
  0
LINE
  5
459
100
AcDbEntity
  8
032. элементы
  6
ByLayer
 62
  256
370
   -1
100
AcDbLine
 10
159.9999980222328
 20
238
 11
159.9999980222328
 21
236
  0
SPLINE
  5
45A
100
AcDbEntity
  8
033. схема соединений
  6
ByLayer
 62
  256
370
   -1
100
AcDbSpline
210
0
220
0
230
0
 70
    8
 71
    2
 72
   15
 73
   12
 74
    0
 42
1e-07
 43
1e-07
 40
0
 40
0
 40
0
 40
0.1
 40
0.2
 40
0.3
 40
0.4
 40
0.5
 40
0.6
 40
0.7
 40
0.8
 40
0.9
 40
1
 40
1
 40
1
 10
155.9999980222328
 20
237
 30
0
 10
165.5315171817863
 20
245.4299502271925
 30
0
 10
165.9999980222328
 20
259
 30
0
 10
155.5133158298741
 20
263.1049383585394
 30
0
 10
152.6816780715904
 20
254.8207670113839
 30
0
 10
155.2061179053298
 20
236.1029231986608
 30
0
 10
153.056185972096
 20
219.5982363385324
 30
0
 10
155.2642255600984
 20
208.3501679374698
 30
0
 10
152.9999980222328
 20
202
 30
0
 10
153.9999980222328
 20
201
 30
0
 10
155.6220782267208
 20
203.0000011251359
 30
0
 10
155.9999980222328
 20
203
 30
0
  0
SPLINE
  5
45B
100
AcDbEntity
  8
033. схема соединений
  6
ByLayer
 62
  256
370
   -1
100
AcDbSpline
210
0
220
0
230
0
 70
    8
 71
    2
 72
   12
 73
    9
 74
    0
 42
1e-07
 43
1e-07
 40
0
 40
0
 40
0
 40
0.1428571428571428
 40
0.2857142857142857
 40
0.4285714285714285
 40
0.5714285714285714
 40
0.7142857142857143
 40
0.8571428571428571
 40
1
 40
1
 40
1
 10
155.9999980222328
 20
198
 30
0
 10
155.9999980222328
 20
198
 30
0
 10
152.9999980222328
 20
199
 30
0
 10
154.9999980222328
 20
195
 30
0
 10
153.0695386953556
 20
191.0079681733505
 30
0
 10
155.2373325512427
 20
186.7893235747195
 30
0
 10
151.9999980222328
 20
181
 30
0
 10
145.9999980222328
 20
182
 30
0
 10
142.9999980222328
 20
185
 30
0
  0
SPLINE
  5
45C
100
AcDbEntity
  8
033. схема соединений
  6
ByBlock
 62
  256
370
   -1
100
AcDbSpline
210
0
220
0
230
0
 70
    8
 71
    2
 72
    9
 73
    6
 74
    0
 42
1e-07
 43
1e-07
 40
0
 40
0
 40
0
 40
0.25
 40
0.5
 40
0.75
 40
1
 40
1
 40
1
 10
159.9999980222328
 20
201
 30
0
 10
169.9999980222328
 20
200
 30
0
 10
158.9999980222328
 20
178
 30
0
 10
149.9999980222328
 20
185
 30
0
 10
141.3824482830576
 20
188.6135411043678
 30
0
 10
133.9999980222328
 20
185
 30
0
  0
LINE
  5
45D
100
AcDbEntity
  8
03. сборочный чертеж
  6
DOTTINY
 62
  256
370
   -1
100
AcDbLine
 10
124.9999980222328
 20
260
 11
124.9999980222328
 21
188
  0
CIRCLE
  5
45E
100
AcDbEntity
  8
03. сборочный чертеж
  6
DOTTINY
 62
  256
370
   -1
100
AcDbCircle
 10
123.4999980222328
 20
188
 40
1.5
  0
LINE
  5
45F
100
AcDbEntity
  8
03. сборочный чертеж
  6
DOTTINY
 62
  256
370
   -1
100
AcDbLine
 10
121.9999980222328
 20
188
 11
121.9999980222328
 21
260
  0
CIRCLE
  5
460
100
AcDbEntity
  8
03. сборочный чертеж
  6
DOTTINY
 62
  256
370
   -1
100
AcDbCircle
 10
123.4999980222328
 20
222
 40
1.5
  0
LINE
  5
461
100
AcDbEntity
  8
03. сборочный чертеж
  6
ByLayer
 62
  256
370
   -1
100
AcDbLine
 10
74.99999802223283
 20
240
 11
84.99999802223283
 21
240
  0
LINE
  5
462
100
AcDbEntity
  8
03. сборочный чертеж
  6
ByLayer
 62
  256
370
   -1
100
AcDbLine
 10
99.99999802223283
 20
240
 11
109.9999980222328
 21
240
  0
LINE
  5
463
100
AcDbEntity
  8
03. сборочный чертеж
  6
ByLayer
 62
  256
370
   -1
100
AcDbLine
 10
134.9999980222328
 20
240
 11
124.9999980222328
 21
240
  0
ARC
  5
464
100
AcDbEntity
  8
03. сборочный чертеж
  6
CONTINUOUS
 62
  256
370
   -1
100
AcDbCircle
 10
164.9999980222328
 20
255
 40
5.000000000000001
100
AcDbArc
 50
0
 51
90
  0
LINE
  5
465
100
AcDbEntity
  8
03. сборочный чертеж
  6
CONTINUOUS
 62
  256
370
   -1
100
AcDbLine
 10
169.9999980222328
 20
255
 11
169.9999980222328
 21
185
  0
ARC
  5
466
100
AcDbEntity
  8
03. сборочный чертеж
  6
CONTINUOUS
 62
  256
370
   -1
100
AcDbCircle
 10
164.9999980222328
 20
185
 40
5.000000000000001
100
AcDbArc
 50
270
 51
0
  0
LINE
  5
467
100
AcDbEntity
  8
03. сборочный чертеж
  6
CONTINUOUS
 62
  256
370
   -1
100
AcDbLine
 10
164.9999980222328
 20
180
 11
74.99999802223283
 21
180
  0
ARC
  5
468
100
AcDbEntity
  8
03. сборочный чертеж
  6
CONTINUOUS
 62
  256
370
   -1
100
AcDbCircle
 10
74.99999802223283
 20
185
 40
5.000000000000001
100
AcDbArc
 50
180
 51
270
  0
LINE
  5
469
100
AcDbEntity
  8
03. сборочный чертеж
  6
CONTINUOUS
 62
  256
370
   -1
100
AcDbLine
 10
69.99999802223283
 20
185
 11
69.9999980222328
 21
255
  0
ARC
  5
46A
100
AcDbEntity
  8
03. сборочный чертеж
  6
CONTINUOUS
 62
  256
370
   -1
100
AcDbCircle
 10
74.9999980222328
 20
255
 40
5.000000000000002
100
AcDbArc
 50
89.99999999999969
 51
180
  0
LINE
  5
46B
100
AcDbEntity
  8
03. сборочный чертеж
  6
CONTINUOUS
 62
  256
370
   -1
100
AcDbLine
 10
84.99999802223283
 20
260
 11
99.99999802223283
 21
260
  0
LINE
  5
46C
100
AcDbEntity
  8
03. сборочный чертеж
  6
CONTINUOUS
 62
  256
370
   -1
100
AcDbLine
 10
109.9999980222328
 20
260
 11
124.9999980222328
 21
260
  0
LINE
  5
46D
100
AcDbEntity
  8
03. сборочный чертеж
  6
CONTINUOUS
 62
  256
370
   -1
100
AcDbLine
 10
134.9999980222328
 20
260
 11
164.9999980222328
 21
260
  0
LINE
  5
46E
100
AcDbEntity
  8
03. сборочный чертеж
  6
DOTTINY
 62
  256
370
   -1
100
AcDbLine
 10
160.9999980222328
 20
191
 11
169.9999980222328
 21
191
  0
LINE
  5
46F
100
AcDbEntity
  8
03. сборочный чертеж
  6
DOTTINY
 62
  256
370
   -1
100
AcDbLine
 10
169.9999980222328
 20
204
 11
160.9999980222328
 21
204
  0
LINE
  5
470
100
AcDbEntity
  8
03. сборочный чертеж
  6
DOTTINY
 62
  256
370
   -1
100
AcDbLine
 10
160.9999980222328
 20
197
 11
160.9999980222328
 21
191
  0
CIRCLE
  5
471
100
AcDbEntity
  8
03. сборочный чертеж
  6
DOTTINY
 62
  256
370
   -1
100
AcDbCircle
 10
154.1220782267208
 20
185.0000011251359
 40
1.5
  0
LINE
  5
472
100
AcDbEntity
  8
03. сборочный чертеж
  6
DOTTINY
 62
  256
370
   -1
100
AcDbLine
 10
155.6220782267208
 20
260.0000011251359
 11
155.6220782267208
 21
185.0000011251359
  0
LINE
  5
473
100
AcDbEntity
  8
03. сборочный чертеж
  6
DOTTINY
 62
  256
370
   -1
100
AcDbLine
 10
152.6220782267208
 20
185.0000011251359
 11
152.6220782267208
 21
260.0000011251359
  0
LINE
  5
474
100
AcDbEntity
  8
03. сборочный чертеж
  6
DOTTINY
 62
  256
370
   -1
100
AcDbLine
 10
155.6220782267208
 20
204
 11
160.9999980222328
 21
204
  0
LINE
  5
475
100
AcDbEntity
  8
03. сборочный чертеж
  6
DOTTINY
 62
  256
370
   -1
100
AcDbLine
 10
155.6220782267208
 20
197
 11
160.9999980222328
 21
197
  0
POINT
  5
476
100
AcDbEntity
  8
03. сборочный чертеж
  6
ByLayer
 62
  256
370
  100
100
AcDbPoint
 10
129.9999980222328
 20
205
  0
POINT
  5
477
100
AcDbEntity
  8
03. сборочный чертеж
  6
ByLayer
 62
  256
370
  100
100
AcDbPoint
 10
129.9999980222328
 20
195
  0
POINT
  5
478
100
AcDbEntity
  8
03. сборочный чертеж
  6
ByLayer
 62
  256
370
  100
100
AcDbPoint
 10
77.99999802223283
 20
205
  0
POINT
  5
479
100
AcDbEntity
  8
03. сборочный чертеж
  6
ByLayer
 62
  256
370
  100
100
AcDbPoint
 10
129.9999980222328
 20
225
  0
POINT
  5
47A
100
AcDbEntity
  8
03. сборочный чертеж
  6
ByLayer
 62
  256
370
  100
100
AcDbPoint
 10
77.99999802223283
 20
215
  0
POINT
  5
47B
100
AcDbEntity
  8
03. сборочный чертеж
  6
ByLayer
 62
  256
370
  100
100
AcDbPoint
 10
86.99999802223283
 20
235
  0
LINE
  5
47C
100
AcDbEntity
  8
03. сборочный чертеж
  6
CONTINUOUS
 62
  256
370
   25
100
AcDbLine
 10
77.99999802223283
 20
215
 11
94.99999802223283
 21
215
  0
POINT
  5
47D
100
AcDbEntity
  8
03. сборочный чертеж
  6
ByLayer
 62
  256
370
  100
100
AcDbPoint
 10
94.99999802223283
 20
215
  0
LINE
  5
47E
100
AcDbEntity
  8
03. сборочный чертеж
  6
CONTINUOUS
 62
  256
370
   25
100
AcDbLine
 10
129.9999980222328
 20
225
 11
99.99999802223283
 21
225
  0
POINT
  5
47F
100
AcDbEntity
  8
03. сборочный чертеж
  6
ByLayer
 62
  256
370
  100
100
AcDbPoint
 10
99.99999802223283
 20
225
  0
POINT
  5
480
100
AcDbEntity
  8
03. сборочный чертеж
  6
ByLayer
 62
  256
370
  100
100
AcDbPoint
 10
107.9999980222328
 20
205
  0
LINE
  5
481
100
AcDbEntity
  8
03. сборочный чертеж
  6
CONTINUOUS
 62
  256
370
   25
100
AcDbLine
 10
77.99999802223283
 20
205
 11
107.9999980222328
 21
205
  0
POINT
  5
482
100
AcDbEntity
  8
03. сборочный чертеж
  6
ByLayer
 62
  256
370
  100
100
AcDbPoint
 10
86.99999802223283
 20
185
  0
POINT
  5
483
100
AcDbEntity
  8
03. сборочный чертеж
  6
ByLayer
 62
  256
370
  100
100
AcDbPoint
 10
142.9999980222328
 20
185
  0
POINT
  5
484
100
AcDbEntity
  8
03. сборочный чертеж
  6
ByLayer
 62
  256
370
  100
100
AcDbPoint
 10
142.9999980222328
 20
235
  0
LINE
  5
485
100
AcDbEntity
  8
03. сборочный чертеж
  6
CONTINUOUS
 62
  256
370
   25
100
AcDbLine
 10
142.9999980222328
 20
185
 11
86.99999802223283
 21
185
  0
LINE
  5
486
100
AcDbEntity
  8
03. сборочный чертеж
  6
CONTINUOUS
 62
  256
370
   25
100
AcDbLine
 10
142.9999980222328
 20
235
 11
86.99999802223283
 21
235
  0
LINE
  5
487
100
AcDbEntity
  8
03. сборочный чертеж
  6
CONTINUOUS
 62
  256
370
   25
100
AcDbLine
 10
129.9999980222328
 20
195
 11
129.9999980222328
 21
205
  0
LINE
  5
488
100
AcDbEntity
  8
03. сборочный чертеж
  6
ByLayer
 62
  256
370
   50
100
AcDbLine
 10
81.99999802223283
 20
235
 11
83.99999802223283
 21
235
  0
LINE
  5
489
100
AcDbEntity
  8
03. сборочный чертеж
  6
ByLayer
 62
  256
370
   50
100
AcDbLine
 10
82.99999802223283
 20
186
 11
82.99999802223283
 21
184
  0
LINE
  5
48A
100
AcDbEntity
  8
03. сборочный чертеж
  6
ByLayer
 62
  256
370
   50
100
AcDbLine
 10
81.99999802223283
 20
185
 11
83.99999802223283
 21
185
  0
CIRCLE
  5
48B
100
AcDbEntity
  8
032. элементы
  6
ByLayer
 62
  256
370
   -1
100
AcDbCircle
 10
165.9999980222328
 20
210
 40
2.5
  0
CIRCLE
  5
48C
100
AcDbEntity
  8
032. элементы
  6
ByLayer
 62
  256
370
   -1
100
AcDbCircle
 10
165.9999980222328
 20
210
 40
2.23607
  0
LWPOLYLINE
  5
48D
100
AcDbEntity
  8
03. сборочный чертеж
  6
ByLayer
 62
  256
370
   25
100
AcDbPolyline
 90
    6
 70
    1
 43
0
 10
69.99999802223283
 20
240
 10
138.9999980222328
 20
240
 42
0.414213562373095
 10
139.9999980222328
 20
241
 10
139.9999980222328
 20
260
 10
74.99999802223283
 20
260
 42
0.414213562373095
 10
69.99999802223283
 20
255
  0
LINE
  5
48E
100
AcDbEntity
  8
03. сборочный чертеж
  6
DASHEDTINY
 62
  256
370
   -1
100
AcDbLine
 10
84.99999802223283
 20
240
 11
84.99999802223283
 21
260
  0
LINE
  5
48F
100
AcDbEntity
  8
03. сборочный чертеж
  6
DASHEDTINY
 62
  256
370
   -1
100
AcDbLine
 10
99.99999802223283
 20
240
 11
99.99999802223283
 21
260
  0
LINE
  5
490
100
AcDbEntity
  8
03. сборочный чертеж
  6
DASHEDTINY
 62
  256
370
   -1
100
AcDbLine
 10
109.9999980222328
 20
240
 11
109.9999980222328
 21
260
  0
LINE
  5
491
100
AcDbEntity
  8
03. сборочный чертеж
  6
DASHEDTINY
 62
  256
370
   -1
100
AcDbLine
 10
124.9999980222328
 20
240
 11
124.9999980222328
 21
260
  0
LINE
  5
492
100
AcDbEntity
  8
03. сборочный чертеж
  6
DASHEDTINY
 62
  256
370
   -1
100
AcDbLine
 10
134.9999980222328
 20
240
 11
134.9999980222328
 21
260
  0
LINE
  5
493
100
AcDbEntity
  8
03. сборочный чертеж
  6
DASHEDTINY
 62
  256
370
   -1
100
AcDbLine
 10
74.99999802223283
 20
260
 11
74.99999802223283
 21
240
  0
LINE
  5
494
100
AcDbEntity
  8
03. сборочный чертеж
  6
ByLayer
 62
  256
370
   -1
100
AcDbLine
 10
65.00000000000001
 20
240
 11
30.00000000000001
 21
240
  0
MTEXT
  5
495
100
AcDbEntity
  8
03. сборочный чертеж
  6
ByLayer
 62
  256
370
   -1
100
AcDbMText
 10
34.8888888888889
 20
246
 30
0
 40
4
 41
25.00000000000018
 71
    1
 72
    1
  1
Деталь 1
  7
cyrillic_ii
210
0
220
0
230
1
 50
0
 73
    2
 44
1
  0
POINT
  5
496
100
AcDbEntity
  8
03. сборочный чертеж
  6
ByLayer
 62
  256
370
  100
100
AcDbPoint
 10
72.00000000000001
 20
233
  0
LINE
  5
497
100
AcDbEntity
  8
03. сборочный чертеж
  6
ByLayer
 62
  256
370
   -1
100
AcDbLine
 10
72.00000000000001
 20
233
 11
65.00000000000001
 21
240
  0
LWPOLYLINE
  5
498
100
AcDbEntity
  8
032. элементы
  6
ByLayer
 62
  256
370
   -1
100
AcDbPolyline
 90
    4
 70
    1
 43
0
 10
140
 20
152
 10
80
 20
152
 10
80
 20
151
 10
140
 20
151
  0
LWPOLYLINE
  5
499
100
AcDbEntity
  8
032. элементы
  6
ByLayer
 62
  256
370
   -1
100
AcDbPolyline
 90
    4
 70
    1
 43
0
 10
140
 20
146
 10
80
 20
146
 10
80
 20
145
 10
140
 20
145
  0
LWPOLYLINE
  5
49A
100
AcDbEntity
  8
032. элементы
  6
ByLayer
 62
  256
370
   -1
100
AcDbPolyline
 90
    4
 70
    1
 43
0
 10
85
 20
151
 10
95
 20
151
 10
95
 20
146
 10
85
 20
146
  0
LINE
  5
49B
100
AcDbEntity
  8
032. элементы
  6
ByLayer
 62
  256
370
   -1
100
AcDbLine
 10
139
 20
145.5
 11
145
 21
139
  0
LINE
  5
49C
100
AcDbEntity
  8
032. элементы
  6
ByLayer
 62
  256
370
   -1
100
AcDbLine
 10
145
 20
139
 11
190
 21
139
  0
POINT
  5
49D
100
AcDbEntity
  8
032. элементы
  6
ByLayer
 62
  256
370
   25
100
AcDbPoint
 10
139
 20
145.5
  0
LINE
  5
49E
100
AcDbEntity
  8
032. элементы
  6
ByLayer
 62
  256
370
   -1
100
AcDbLine
 10
85.7
 20
146.3
 11
79
 21
139
  0
CIRCLE
  5
49F
100
AcDbEntity
  8
032. элементы
  6
ByLayer
 62
  256
370
   -1
100
AcDbCircle
 10
85.7
 20
146.3
 40
0.1414213562373015
  0
DIMENSION
  5
4A0
100
AcDbEntity
  8
032. элементы
  6
ByLayer
 62
   96
420
32768
370
   -1
100
AcDbDimension
  2
*D33
 10
85
 20
156
 30
0
 11
82.5
 21
158.25
 31
0
 70
   32
 71
    5
  3
Standard
 53
0
210
0
220
0
230
1
100
AcDbAlignedDimension
 13
80
 23
152
 33
0
 14
85
 24
151
 34
0
100
AcDbRotatedDimension
  0
DIMENSION
  5
4A1
100
AcDbEntity
  8
032. элементы
  6
ByLayer
 62
   96
420
32768
370
   -1
100
AcDbDimension
  2
*D34
 10
95
 20
140
 30
0
 11
90
 21
142.25
 31
0
 70
   32
 71
    5
  3
Standard
 53
0
210
0
220
0
230
1
100
AcDbAlignedDimension
 13
85
 23
146
 33
0
 14
95
 24
146
 34
0
100
AcDbRotatedDimension
  0
DIMENSION
  5
4A2
100
AcDbEntity
  8
032. элементы
  6
ByLayer
 62
   96
420
32768
370
   -1
100
AcDbDimension
  2
*D35
 10
140
 20
135
 30
0
 11
110
 21
137.25
 31
0
 70
   32
 71
    5
  3
Standard
 53
0
210
0
220
0
230
1
100
AcDbAlignedDimension
 13
80
 23
145
 33
0
 14
140
 24
145
 34
0
100
AcDbRotatedDimension
  0
POINT
  5
4A3
100
AcDbEntity
  8
032. элементы
  6
ByLayer
 62
  256
370
   25
100
AcDbPoint
 10
139
 20
151.5
  0
LINE
  5
4A4
100
AcDbEntity
  8
032. элементы
  6
ByLayer
 62
  256
370
   -1
100
AcDbLine
 10
139
 20
151.5
 11
145
 21
139
  0
MTEXT
  5
4A5
100
AcDbEntity
  8
032. элементы
  6
ByLayer
 62
  256
370
   -1
100
AcDbMText
 10
74
 20
143
 30
0
 40
3
 41
18.66666666666681
 71
    3
 72
    1
  1
Изолятор
  7
cyrillic_ii
210
0
220
0
230
1
 50
0
 73
    2
 44
1
  0
LINE
  5
4A6
100
AcDbEntity
  8
032. элементы
  6
ByLayer
 62
  256
370
   -1
100
AcDbLine
 10
79
 20
139
 11
51
 21
139
  0
LINE
  5
4A7
100
AcDbEntity
  8
032. элементы
  6
ByLayer
 62
  256
370
   50
100
AcDbLine
 10
78
 20
221
 11
78
 21
215
  0
LINE
  5
4A8
100
AcDbEntity
  8
032. элементы
  6
ByLayer
 62
  256
370
   50
100
AcDbLine
 10
78
 20
205
 11
78
 21
199
  0
MTEXT
  5
4A9
100
AcDbEntity
  8
032. элементы
  6
ByLayer
 62
  256
370
   -1
100
AcDbMText
 10
100
 20
165
 30
0
 40
4
 41
19.77777777777796
 71
    1
 72
    1
  1
Датчик
  7
cyrillic_ii
210
0
220
0
230
1
 50
0
 73
    2
 44
1
  0
MTEXT
  5
4AA
100
AcDbEntity
  8
032. элементы
  6
ByLayer
 62
  256
370
   -1
100
AcDbMText
 10
147
 20
137
 30
0
 40
3
 41
43.33333266666708
 71
    1
 72
    1
  1
(пластины из жести)
  7
cyrillic_ii
210
0
220
0
230
1
 50
0
 73
    2
 44
1
  0
MTEXT
  5
4AB
100
AcDbEntity
  8
032. элементы
  6
ByLayer
 62
  256
370
   -1
100
AcDbMText
 10
156
 20
143
 30
0
 40
3
 41
21.33333333333347
 71
    1
 72
    1
  1
Электроды
  7
cyrillic_ii
210
0
220
0
230
1
 50
0
 73
    2
 44
1
  0
MTEXT
  5
4AC
100
AcDbEntity
  8
03. сборочный чертеж
  6
ByLayer
 62
  256
370
   -1
100
AcDbMText
 10
87.88888888888891
 20
275
 30
0
 40
4
 41
25.88888888888907
 71
    1
 72
    1
  1
Деталь 2
  7
cyrillic_ii
210
0
220
0
230
1
 50
0
 73
    2
 44
1
  0
LINE
  5
4AD
100
AcDbEntity
  8
03. сборочный чертеж
  6
ByLayer
 62
  256
370
   -1
100
AcDbLine
 10
72
 20
257
 11
83
 21
270
  0
LINE
  5
4AE
100
AcDbEntity
  8
03. сборочный чертеж
  6
ByLayer
 62
  256
370
   -1
100
AcDbLine
 10
83
 20
270
 11
119
 21
270
  0
POINT
  5
4AF
100
AcDbEntity
  8
03. сборочный чертеж
  6
ByLayer
 62
  256
370
  100
100
AcDbPoint
 10
72
 20
257
  0
LWPOLYLINE
  5
4B0
100
AcDbEntity
  8
032. элементы
  6
ByLayer
 62
  256
370
   50
100
AcDbPolyline
 90
    4
 70
    1
 43
0
 10
168
 20
255
 10
143
 20
255
 10
143
 20
240
 10
168
 20
240
  0
DIMENSION
  5
4B1
100
AcDbEntity
  8
012. основание размеры
  6
ByLayer
 62
   96
420
32768
370
   -1
100
AcDbDimension
  2
*D36
 10
75.9198742641554
 20
166.3867504905631
 30
0
 11
79.24807544150678
 21
166.8721131622601
 31
0
 70
   35
 71
    5
  3
Standard
 53
0
210
0
220
0
230
1
100
AcDbDiametricDimension
 15
80.0801257358446
 25
163.6132495094369
 35
0
 40
0
  0
DIMENSION
  5
4B2
100
AcDbEntity
  8
012. основание размеры
  6
ByLayer
 62
   96
420
32768
370
   -1
100
AcDbDimension
  2
*D37
 10
74.92711488161049
 20
137.5607375986579
 30
0
 11
79.44041489924507
 21
136.7284978790941
 31
0
 70
   35
 71
    5
  3
Standard
 53
0
210
0
220
0
230
1
100
AcDbDiametricDimension
 15
81.07288511838951
 25
132.4392624013421
 35
0
 40
0
  0
LINE
  5
4B3
100
AcDbEntity
  8
032. элементы
  6
ByLayer
 62
  256
370
   -1
100
AcDbLine
 10
68
 20
210
 11
75
 21
222
  0
LINE
  5
4B4
100
AcDbEntity
  8
032. элементы
  6
ByLayer
 62
  256
370
   -1
100
AcDbLine
 10
75.1716
 20
197.828
 11
68
 21
210
  0
POINT
  5
4B5
100
AcDbEntity
  8
032. элементы
  6
ByLayer
 62
  256
370
  100
100
AcDbPoint
 10
75.1716
 20
222.172
  0
POINT
  5
4B6
100
AcDbEntity
  8
032. элементы
  6
ByLayer
 62
  256
370
  100
100
AcDbPoint
 10
75.1716
 20
197.828
  0
DIMENSION
  5
4B7
100
AcDbEntity
  8
02. держатель
  6
ByLayer
 62
   96
420
32768
370
   -1
100
AcDbDimension
  2
*D38
 10
80
 20
175
 30
0
 11
77.75
 21
192.5
 31
0
 70
   32
 71
    5
 72
    0
  3
Standard
 53
0
210
0
220
0
230
1
100
AcDbAlignedDimension
 13
90
 23
210
 33
0
 14
120
 24
175
 34
0
 50
90
100
AcDbRotatedDimension
  0
DIMENSION
  5
4B8
100
AcDbEntity
  8
02. держатель
  6
ByLayer
 62
   96
420
32768
370
   -1
100
AcDbDimension
  2
*D39
 10
104.0900974233027
 20
159.0900974233027
 30
0
 11
118.4090097423303
 21
176.5909902576697
 31
0
 70
   35
 71
    5
 72
    0
  3
Standard
 53
0
210
0
220
0
230
1
100
AcDbDiametricDimension
 15
135.9099025766973
 25
190.9099025766973
 35
0
 40
0
  0
DIMENSION
  5
4B9
100
AcDbEntity
  8
02. держатель
  6
ByLayer
 62
   96
420
32768
370
   -1
100
AcDbDimension
  2
*D40
 10
99.84745673618342
 20
195.1525432638166
 30
0
 11
121.5909902576697
 21
176.5909902576697
 31
0
 70
   35
 71
    5
 72
    0
  3
Standard
 53
0
210
0
220
0
230
1
100
AcDbDiametricDimension
 15
140.1525432638166
 25
154.8474567361834
 35
0
 40
0
  0
DIMENSION
  5
4BA
100
AcDbEntity
  8
02. держатель
  6
ByLayer
 62
   96
420
32768
370
   -1
100
AcDbDimension
  2
*D41
 10
80
 20
240
 30
0
 11
77.75
 21
243.5
 31
0
 70
   32
 71
    5
 72
    0
  3
Standard
 53
0
210
0
220
0
230
1
100
AcDbAlignedDimension
 13
91.5
 23
247
 33
0
 14
97.5
 24
240
 34
0
 50
90
100
AcDbRotatedDimension
  0
LWPOLYLINE
  5
4BB
100
AcDbEntity
  8
02. держатель
  6
ByLayer
 62
  256
370
   -1
100
AcDbPolyline
 90
    4
 70
    0
 43
0
 10
134.9999999999999
 20
150.7667583678947
 42
3.401867292423153
 10
104.1591179442158
 20
151.3078819922166
 10
104.5771855620028
 20
151.0336320062654
 10
105.0000000000003
 20
150.7667583678946
  0
LINE
  5
4BC
100
AcDbEntity
  8
02. держатель
  6
ByLayer
 62
  256
370
   -1
100
AcDbLine
 10
135
 20
148.5
 11
105
 21
148.5
  0
LINE
  5
4BD
100
AcDbEntity
  8
02. держатель
  6
ByLayer
 62
  256
370
   -1
100
AcDbLine
 10
105
 20
148.5
 11
105
 21
150.7667583678942
  0
LINE
  5
4BE
100
AcDbEntity
  8
02. держатель
  6
ByLayer
 62
  256
370
   -1
100
AcDbLine
 10
134.9999999999999
 20
150.7667583678947
 11
135
 21
148.5
  0
DIMENSION
  5
4BF
100
AcDbEntity
  8
02. держатель
  6
ByLayer
 62
   96
420
32768
370
   -1
100
AcDbDimension
  2
*D42
 10
135
 20
140
 30
0
 11
120
 21
142.25
 31
0
 70
   32
 71
    5
 72
    0
  3
Standard
 53
0
210
0
220
0
230
1
100
AcDbAlignedDimension
 13
105
 23
148.5
 33
0
 14
135
 24
148.5
 34
0
100
AcDbRotatedDimension
  0
DIMENSION
  5
4C0
100
AcDbEntity
  8
02. держатель
  6
ByLayer
 62
   96
420
32768
370
   -1
100
AcDbDimension
  2
*D43
 10
80
 20
148
 30
0
 11
77.75
 21
161.5
 31
0
 70
   32
 71
    5
 72
    0
  3
Standard
 53
0
210
0
220
0
230
1
100
AcDbAlignedDimension
 13
120
 23
175
 33
0
 14
105
 24
148
 34
0
 50
90
100
AcDbRotatedDimension
  0
DIMENSION
  5
4C1
100
AcDbEntity
  8
02. держатель
  6
ByLayer
 62
   96
420
32768
370
   -1
100
AcDbDimension
  2
*D44
 10
80
 20
247
 30
0
 11
77.75
 21
248.5
 31
0
 70
   32
 71
    5
 72
    0
  3
Standard
 53
0
210
0
220
0
230
1
100
AcDbAlignedDimension
 13
85
 23
250
 33
0
 14
91.5
 24
247
 34
0
 50
90
100
AcDbRotatedDimension
  0
SPLINE
  5
4C2
100
AcDbEntity
  8
033. схема соединений
  6
ByLayer
 62
  256
370
   50
100
AcDbSpline
210
0
220
0
230
0
 70
    8
 71
    2
 72
   10
 73
    7
 74
    0
 42
1e-07
 43
1e-07
 40
0
 40
0
 40
0
 40
0.2
 40
0.4
 40
0.6
 40
0.8
 40
1
 40
1
 40
1
 10
75
 20
226
 30
0
 10
48.495
 20
234.753
 30
0
 10
56.3269
 20
200.158
 30
0
 10
46.4558
 20
179.442
 30
0
 10
62.0362
 20
172.681
 30
0
 10
57.9584
 20
153.675
 30
0
 10
80
 20
146
 30
0
  0
SPLINE
  5
4C3
100
AcDbEntity
  8
033. схема соединений
  6
ByLayer
 62
  256
370
   50
100
AcDbSpline
210
0
220
0
230
0
 70
    8
 71
    2
 72
    9
 73
    6
 74
    0
 42
1e-07
 43
1e-07
 40
0
 40
0
 40
0
 40
0.25
 40
0.5
 40
0.75
 40
1
 40
1
 40
1
 10
75
 20
195
 30
0
 10
60.799
 20
192.856
 30
0
 10
59.9807
 20
178.101
 30
0
 10
73.56229999999999
 20
175.137
 30
0
 10
65.9358
 20
157.883
 30
0
 10
80
 20
152
 30
0
  0
LINE
  5
4C4
100
AcDbEntity
  8
02. держатель
  6
DASHEDTINY
 62
  256
370
   25
100
AcDbLine
 10
148.5
 20
247
 11
142.5
 21
240
  0
LINE
  5
4C5
100
AcDbEntity
  8
02. держатель
  6
DASHEDTINY
 62
  256
370
   25
100
AcDbLine
 10
148.5
 20
247
 11
148.5
 21
250
  0
LINE
  5
4C6
100
AcDbEntity
  8
02. держатель
  6
DASHEDTINY
 62
  256
370
   25
100
AcDbLine
 10
91.5
 20
247
 11
91.5
 21
250
  0
LINE
  5
4C7
100
AcDbEntity
  8
02. держатель
  6
DASHEDTINY
 62
  256
370
   25
100
AcDbLine
 10
91.5
 20
247
 11
97.5
 21
240
  0
LINE
  5
4C8
100
AcDbEntity
  8
02. держатель
  6
DASHEDTINY
 62
  256
370
   25
100
AcDbLine
 10
97.5
 20
230
 11
97.5
 21
240
  0
LINE
  5
4C9
100
AcDbEntity
  8
02. держатель
  6
DASHEDTINY
 62
  256
370
   25
100
AcDbLine
 10
142.5
 20
230
 11
142.5
 21
240
  0
LINE
  5
4CA
100
AcDbEntity
  8
02. держатель
  6
DASHEDTINY
 62
  256
370
   25
100
AcDbLine
 10
135
 20
247
 11
148.5
 21
247
  0
LINE
  5
4CB
100
AcDbEntity
  8
02. держатель
  6
DASHEDTINY
 62
  256
370
   25
100
AcDbLine
 10
91.5
 20
247
 11
105
 21
247
  0
LINE
  5
4CC
100
AcDbEntity
  8
02. держатель
  6
DASHEDTINY
 62
  256
370
   25
100
AcDbLine
 10
105
 20
230
 11
105
 21
250
  0
LINE
  5
4CD
100
AcDbEntity
  8
02. держатель
  6
DASHEDTINY
 62
  256
370
   25
100
AcDbLine
 10
135
 20
230
 11
135
 21
250
  0
LINE
  5
4CE
100
AcDbEntity
  8
02. держатель
  6
DASHEDTINY
 62
  256
370
   25
100
AcDbLine
 10
97.5
 20
240
 11
105
 21
240
  0
LINE
  5
4CF
100
AcDbEntity
  8
02. держатель
  6
DASHEDTINY
 62
  256
370
   25
100
AcDbLine
 10
135
 20
240
 11
142.5
 21
240
  0
LINE
  5
4D0
100
AcDbEntity
  8
02. держатель
  6
DOTTINY
 62
  256
370
   25
100
AcDbLine
 10
105
 20
247
 11
135
 21
247
  0
LINE
  5
4D1
100
AcDbEntity
  8
02. держатель
  6
DOTTINY
 62
  256
370
   25
100
AcDbLine
 10
105
 20
240
 11
135
 21
240
  0
LINE
  5
4D2
100
AcDbEntity
  8
02. держатель
  6
CONTINUOUS
 62
  256
370
    5
100
AcDbLine
 10
150
 20
230
 11
150
 21
250
  0
LINE
  5
4D3
100
AcDbEntity
  8
02. держатель
  6
CONTINUOUS
 62
  256
370
    5
100
AcDbLine
 10
90
 20
230
 11
90
 21
250
  0
LINE
  5
4D4
100
AcDbEntity
  8
02. держатель
  6
CONTINUOUS
 62
  256
370
    5
100
AcDbLine
 10
100
 20
230
 11
100
 21
250
  0
LINE
  5
4D5
100
AcDbEntity
  8
02. держатель
  6
CONTINUOUS
 62
  256
370
    5
100
AcDbLine
 10
115
 20
230
 11
115
 21
250
  0
LINE
  5
4D6
100
AcDbEntity
  8
02. держатель
  6
CONTINUOUS
 62
  256
370
    5
100
AcDbLine
 10
125
 20
230
 11
125
 21
250
  0
LINE
  5
4D7
100
AcDbEntity
  8
02. держатель
  6
CONTINUOUS
 62
  256
370
    5
100
AcDbLine
 10
140
 20
230
 11
140
 21
250
  0
INSERT
  5
4D8
100
AcDbEntity
  8
штамп А4 титул
  6
ByLayer
 62
  256
370
   -1
100
AcDbBlockReference
  2
штамп A4 титул
 10
0
 20
0
 30
0
 41
1
 42
1
 43
0
 50
0
 70
    1
 71
    1
 44
1
 45
1
  0
MTEXT
  5
4D9
100
AcDbEntity
  8
00. титульный
  6
ByLayer
 62
  256
370
   50
100
AcDbMText
 10
86
 20
28
 30
0
 40
5
 41
52.36111111111135
 71
    1
 72
    1
  1
г. Владивосток
  7
cyrillic_ii
210
0
220
0
230
1
 50
0
 73
    2
 44
1
  0
MTEXT
  5
4DA
100
AcDbEntity
  8
00. титульный
  6
ByLayer
 62
  256
370
   -1
100
AcDbMText
 10
27
 20
100
 30
0
 40
5
 41
172.5000000000007
 71
    1
 72
    1
  3
Назначение: Образовательное устройство для\Pсборки и изучения основ конструирования,\Pэлектроники и схемотехники, развития навыков\Pраб
  1
оты с инструментом и оборудованием.
  7
cyrillic_ii
210
0
220
0
230
1
 50
0
 73
    2
 44
1
  0
MTEXT
  5
4DB
100
AcDbEntity
  8
00. титульный
  6
ByLayer
 62
  256
370
   50
100
AcDbMText
 10
132
 20
140
 30
0
 40
4
 41
67.55555555555593
 71
    1
 72
    1
  1
Разработал: Автор И.О.
  7
cyrillic_ii
210
0
220
0
230
1
 50
0
 73
    2
 44
1
  0
MTEXT
  5
4DC
100
AcDbEntity
  8
00. титульный
  6
ByLayer
 62
  256
370
  100
100
AcDbMText
 10
47
 20
205
 30
0
 40
9
 41
131.75
 71
    1
 72
    1
  1
ДЕТЕКТОР ПЕРЕЛИВА
  7
cyrillic_ii
210
0
220
0
230
1
 50
0
 73
    2
 44
1
  0
MTEXT
  5
4DD
100
AcDbEntity
  8
штамп А4 спецификация
  6
ByLayer
 62
  256
370
   -1
100
AcDbMText
 10
161.9
 20
23.8
 30
0
 40
2.5
 41
1.388888888888889
 71
    1
 72
    1
  1
У
  7
cyrillic_ii
210
0
220
0
230
1
 50
0
 73
    2
 44
1
  0
MTEXT
  5
4DE
100
AcDbEntity
  8
штамп А4 книжный
  6
ByLayer
 62
  256
370
   -1
100
AcDbMText
 10
161.8
 20
33.8
 30
0
 40
2.5
 41
1.388888888888889
 71
    1
 72
    1
  1
У
  7
cyrillic_ii
210
0
220
0
230
1
 50
0
 73
    2
 44
1
  0
MTEXT
  5
4DF
100
AcDbEntity
  8
00. титульный
  6
ByLayer
 62
  256
370
   70
100
AcDbMText
 10
46
 20
182
 30
0
 40
5
 41
134.305555555556
 71
    1
 72
    1
  1
Сборочный чертеж. Схема монтажная.
  7
cyrillic_ii
210
0
220
0
230
1
 50
0
 73
    2
 44
1
  0
MTEXT
  5
4E0
100
AcDbEntity
  8
01. основание
  6
ByLayer
 62
  256
370
   -1
100
AcDbMText
 10
119
 20
275
 30
0
 40
5
 41
3.333333333333333
 71
    1
 72
    1
  1
А
  7
cyrillic_ii
210
0
220
0
230
1
 50
0
 73
    2
 44
1
  0
MTEXT
  5
4E1
100
AcDbEntity
  8
01. основание
  6
ByLayer
 62
  256
370
   -1
100
AcDbMText
 10
119
 20
221
 30
0
 40
5
 41
3.333333333333333
 71
    1
 72
    1
  1
А
  7
cyrillic_ii
210
0
220
0
230
1
 50
0
 73
    2
 44
1
  0
LEADER
  5
4E2
100
AcDbEntity
  8
01. основание
  6
ByLayer
 62
  256
370
   -1
100
AcDbLeader
  3
Standard
 71
    1
 72
    0
 73
    3
 74
    0
 75
    0
 40
1
 41
10
 76
2
 76
2
 10
117
 20
216
 30
0
 10
117
 20
221
 30
0
  0
MTEXT
  5
4E3
100
AcDbEntity
  8
02. держатель
  6
ByLayer
 62
  256
370
   -1
100
AcDbMText
 10
119
 20
280
 30
0
 40
5
 41
3.333333333333333
 71
    1
 72
    1
  1
А
  7
cyrillic_ii
210
0
220
0
230
1
 50
0
 73
    2
 44
1
  0
MTEXT
  5
4E4
100
AcDbEntity
  8
02. держатель
  6
ByLayer
 62
  256
370
   -1
100
AcDbMText
 10
119
 20
221
 30
0
 40
5
 41
3.333333333333333
 71
    1
 72
    1
  1
А
  7
cyrillic_ii
210
0
220
0
230
1
 50
0
 73
    2
 44
1
  0
LEADER
  5
4E5
100
AcDbEntity
  8
02. держатель
  6
ByLayer
 62
  256
370
   -1
100
AcDbLeader
  3
Standard
 71
    1
 72
    0
 73
    3
 74
    0
 75
    0
 40
1
 41
10
 76
2
 76
2
 10
117
 20
216
 30
0
 10
117
 20
221
 30
0
  0
MTEXT
  5
4E6
100
AcDbEntity
  8
032. элементы
  6
ByLayer
 62
  256
370
   -1
100
AcDbMText
 10
66
 20
213
 30
0
 40
2
 41
23.05555555555565
 71
    3
 72
    1
  1
Клеммы датчика
  7
cyrillic_ii
210
0
220
0
230
1
 50
0
 73
    2
 44
1
  0
LINE
  5
4E7
100
AcDbEntity
  8
032. элементы
  6
ByLayer
 62
  256
370
   -1
100
AcDbLine
 10
68
 20
210
 11
40
 21
210
  0
ENDSEC
  0
SECTION
  2
OBJECTS
  0
DICTIONARY
  5
C
330
0
100
AcDbDictionary
281
    1
  3
ACAD_GROUP
350
D
  3
ACAD_IMAGE_DICT
350
4E8
  0
DICTIONARY
  5
D
330
C
100
AcDbDictionary
281
    1
  0
IMAGEDEF_REACTOR
  5
2BE
330
2BF
100
AcDbRasterImageDefReactor
 90
    2
330
2BF
  0
IMAGEDEF_REACTOR
  5
2C1
330
2C2
100
AcDbRasterImageDefReactor
 90
    2
330
2C2
  0
IMAGEDEF_REACTOR
  5
2C4
330
2C5
100
AcDbRasterImageDefReactor
 90
    2
330
2C5
  0
IMAGEDEF_REACTOR
  5
2C7
330
2C8
100
AcDbRasterImageDefReactor
 90
    2
330
2C8
  0
IMAGEDEF_REACTOR
  5
2CA
330
2CB
100
AcDbRasterImageDefReactor
 90
    2
330
2CB
  0
IMAGEDEF_REACTOR
  5
2CC
330
2CD
100
AcDbRasterImageDefReactor
 90
    2
330
2CD
  0
IMAGEDEF_REACTOR
  5
2CF
330
2D0
100
AcDbRasterImageDefReactor
 90
    2
330
2D0
  0
IMAGEDEF_REACTOR
  5
2D1
330
2D2
100
AcDbRasterImageDefReactor
 90
    2
330
2D2
  0
IMAGEDEF_REACTOR
  5
2D4
330
2D5
100
AcDbRasterImageDefReactor
 90
    2
330
2D5
  0
IMAGEDEF_REACTOR
  5
2D7
330
2D8
100
AcDbRasterImageDefReactor
 90
    2
330
2D8
  0
IMAGEDEF_REACTOR
  5
2DA
330
2DB
100
AcDbRasterImageDefReactor
 90
    2
330
2DB
  0
IMAGEDEF_REACTOR
  5
2E3
330
2E4
100
AcDbRasterImageDefReactor
 90
    2
330
2E4
  0
IMAGEDEF_REACTOR
  5
2E5
330
2E6
100
AcDbRasterImageDefReactor
 90
    2
330
2E6
  0
DICTIONARY
  5
4E8
330
C
100
AcDbDictionary
281
    1
  3
radiotechnika LOGO QR
350
2BD
  3
radiotechnika LOGO
350
2C0
  3
radiotehnika LOGO
350
2C3
  3
water sensor LOGO
350
2C6
  3
radiotechnika QR
350
2C9
  3
water sensor QR
350
2CE
  3
water sensor
350
2D3
  3
детектор перелива – проект учебный-1749379921392-2025-06-08
350
2D6
  3
логотип – радиотехника
350
2D9
  0
IMAGEDEF
  5
2BD
102
{ACAD_REACTORS
330
2BE
102
}
100
AcDbRasterImageDef
 90
    0
  1
D:/backup/Obsidian/Base/files/attachments/radiotechnika LOGO QR.png
 10
690
 20
135
 11
1
 21
1
280
    1
281
    0
  0
IMAGEDEF
  5
2C0
102
{ACAD_REACTORS
330
2C1
102
}
100
AcDbRasterImageDef
 90
    0
  1
D:/backup/Obsidian/Base/files/attachments/radiotechnika LOGO.jpg
 10
992
 20
252
 11
1
 21
1
280
    1
281
    0
  0
IMAGEDEF
  5
2C3
102
{ACAD_REACTORS
330
2C4
102
}
100
AcDbRasterImageDef
 90
    0
  1
D:/backup/Obsidian/Base/files/attachments/radiotehnika LOGO.jpg
 10
992
 20
252
 11
1
 21
1
280
    1
281
    0
  0
IMAGEDEF
  5
2C6
102
{ACAD_REACTORS
330
2C7
102
}
100
AcDbRasterImageDef
 90
    0
  1
D:/backup/Obsidian/Base/files/attachments/water sensor LOGO.jpg
 10
992
 20
252
 11
1
 21
1
280
    1
281
    0
  0
IMAGEDEF
  5
2C9
102
{ACAD_REACTORS
330
2CA
330
2CC
102
}
100
AcDbRasterImageDef
 90
    0
  1
D:/backup/Obsidian/Base/files/attachments/radiotechnika QR.jpg
 10
195
 20
195
 11
1
 21
1
280
    1
281
    0
  0
IMAGEDEF
  5
2CE
102
{ACAD_REACTORS
330
2CF
330
2D1
102
}
100
AcDbRasterImageDef
 90
    0
  1
D:/backup/Obsidian/Base/files/attachments/water sensor QR.jpg
 10
195
 20
195
 11
1
 21
1
280
    1
281
    0
  0
IMAGEDEF
  5
2D3
102
{ACAD_REACTORS
330
2D4
102
}
100
AcDbRasterImageDef
 90
    0
  1
C:/Users/User/Desktop/water sensor.jpg
 10
992
 20
252
 11
1
 21
1
280
    1
281
    0
  0
IMAGEDEF
  5
2D6
102
{ACAD_REACTORS
330
2D7
102
}
100
AcDbRasterImageDef
 90
    0
  1
D:/backup/Obsidian/Base/files/attachments/детектор перелива – проект учебный-1749379921392-2025-06-08.jpg
 10
1024
 20
1088
 11
1
 21
1
280
    1
281
    0
  0
IMAGEDEF
  5
2D9
102
{ACAD_REACTORS
330
2DA
330
2E3
330
2E5
102
}
100
AcDbRasterImageDef
 90
    0
  1
C:/Users/User/Desktop/логотип – радиотехника.svg
 10
1
 20
1
 11
1
 21
1
280
    1
281
    0
  0
PLOTSETTINGS
  5
4E9
100
AcDbPlotSettings
  6
1x1
 40
0
 41
0
 42
0
 43
0
  0
ENDSEC
  0
EOF
