999
dxfrw 0.6.3
  0
SECTION
  2
HEADER
  9
$ACADVER
  1
AC1021
  9
$DWGCODEPAGE
  3
ANSI_1252
  9
$INSBASE
 10
0
 20
0
 30
0
  9
$EXTMIN
 10
0
 20
0
 30
0
  9
$EXTMAX
 10
210
 20
311
 30
0
  9
$LIMMIN
 10
0
 20
0
  9
$LIMMAX
 10
420
 20
297
  9
$ORTHOMODE
 70
    0
  9
$REGENMODE
 70
    1
  9
$FILLMODE
 70
    1
  9
$QTEXTMODE
 70
    0
  9
$MIRRTEXT
 70
    0
  9
$LTSCALE
 40
1
  9
$ATTMODE
 70
    0
  9
$TEXTSIZE
 40
2.5
  9
$TRACEWID
 40
15.68
  9
$TEXTSTYLE
  7
STANDARD
  9
$CLAYER
  8
00. эскиз
  9
$CELTYPE
  6
BYLAYER
  9
$CECOLOR
 62
  256
  9
$CELTSCALE
 40
1
  9
$DISPSILH
 70
    0
  9
$DIMSCALE
 40
1
  9
$DIMASZ
 40
2.5
  9
$DIMEXO
 40
0.625
  9
$DIMDLI
 40
3.75
  9
$DIMRND
 40
0
  9
$DIMDLE
 40
0
  9
$DIMEXE
 40
1.25
  9
$DIMTP
 40
0
  9
$DIMTM
 40
0
  9
$DIMTXT
 40
2.5
  9
$DIMCEN
 40
2.5
  9
$DIMTSZ
 40
0
  9
$DIMTOL
 70
    0
  9
$DIMLIM
 70
    0
  9
$DIMTIH
 70
    0
  9
$DIMTOH
 70
    0
  9
$DIMSE1
 70
    0
  9
$DIMSE2
 70
    0
  9
$DIMTAD
 70
    1
  9
$DIMZIN
 70
    1
  9
$DIMBLK
  1

  9
$DIMASO
 70
    1
  9
$DIMSHO
 70
    1
  9
$DIMPOST
  1

  9
$DIMAPOST
  1

  9
$DIMALT
 70
    0
  9
$DIMALTD
 70
    3
  9
$DIMALTF
 40
0.03937
  9
$DIMLFAC
 40
1
  9
$DIMTOFL
 70
    1
  9
$DIMTVP
 40
0
  9
$DIMTIX
 70
    0
  9
$DIMSOXD
 70
    0
  9
$DIMSAH
 70
    0
  9
$DIMBLK1
  1

  9
$DIMBLK2
  1

  9
$DIMSTYLE
  2
STANDARD
  9
$DIMCLRD
 70
   96
  9
$DIMCLRE
 70
    0
  9
$DIMCLRT
 70
    0
  9
$DIMTFAC
 40
1
  9
$DIMGAP
 40
1
  9
$DIMJUST
 70
    0
  9
$DIMSD1
 70
    0
  9
$DIMSD2
 70
    0
  9
$DIMTOLJ
 70
    0
  9
$DIMTZIN
 70
    8
  9
$DIMALTZ
 70
    0
  9
$DIMALTTZ
 70
    0
  9
$DIMUPT
 70
    0
  9
$DIMDEC
 70
    1
  9
$DIMTDEC
 70
    2
  9
$DIMALTU
 70
    2
  9
$DIMALTTD
 70
    3
  9
$DIMTXSTY
  7
standard
  9
$DIMAUNIT
 70
    0
  9
$DIMADEC
 70
    2
  9
$DIMALTRND
 40
0
  9
$DIMAZIN
 70
    0
  9
$DIMDSEP
 70
    0
  9
$DIMATFIT
 70
    3
  9
$DIMFRAC
 70
    0
  9
$DIMLDRBLK
  1
STANDARD
  9
$DIMLUNIT
 70
    2
  9
$DIMLWD
 70
   -2
  9
$DIMLWE
 70
   -2
  9
$DIMTMOVE
 70
    0
  9
$DIMFXL
 40
1
  9
$DIMFXLON
 70
    0
  9
$DIMJOGANG
 40
0.7854
  9
$DIMTFILL
 70
    0
  9
$DIMTFILLCLR
 70
    0
  9
$DIMARCSYM
 70
    0
  9
$DIMLTYPE
  6

  9
$DIMLTEX1
  6

  9
$DIMLTEX2
  6

  9
$LUNITS
 70
    2
  9
$LUPREC
 70
    0
  9
$SKETCHINC
 40
1
  9
$FILLETRAD
 40
0
  9
$AUNITS
 70
    0
  9
$AUPREC
 70
    2
  9
$MENU
  1
.
  9
$ELEVATION
 40
0
  9
$PELEVATION
 40
0
  9
$THICKNESS
 40
0
  9
$LIMCHECK
 70
    0
  9
$CHAMFERA
 40
0
  9
$CHAMFERB
 40
0
  9
$CHAMFERC
 40
0
  9
$CHAMFERD
 40
0
  9
$SKPOLY
 70
    0
  9
$USRTIMER
 70
    1
  9
$ANGBASE
 50
0
  9
$ANGDIR
 70
    0
  9
$PDMODE
 70
   34
  9
$PDSIZE
 40
0
  9
$PLINEWID
 40
0
  9
$SPLFRAME
 70
    0
  9
$SPLINETYPE
 70
    2
  9
$SPLINESEGS
 70
    8
  9
$HANDSEED
  5
20000
  9
$SURFTAB1
 70
    6
  9
$SURFTAB2
 70
    6
  9
$SURFTYPE
 70
    6
  9
$SURFU
 70
    6
  9
$SURFV
 70
    6
  9
$UCSBASE
  2

  9
$UCSNAME
  2

  9
$UCSORG
 10
0
 20
0
 30
0
  9
$UCSXDIR
 10
1
 20
0
 30
0
  9
$UCSYDIR
 10
0
 20
1
 30
0
  9
$UCSORTHOREF
  2

  9
$UCSORTHOVIEW
 70
    0
  9
$UCSORGTOP
 10
0
 20
0
 30
0
  9
$UCSORGBOTTOM
 10
0
 20
0
 30
0
  9
$UCSORGLEFT
 10
0
 20
0
 30
0
  9
$UCSORGRIGHT
 10
0
 20
0
 30
0
  9
$UCSORGFRONT
 10
0
 20
0
 30
0
  9
$UCSORGBACK
 10
0
 20
0
 30
0
  9
$PUCSBASE
  2

  9
$PUCSNAME
  2

  9
$PUCSORG
 10
0
 20
0
 30
0
  9
$PUCSXDIR
 10
1
 20
0
 30
0
  9
$PUCSYDIR
 10
0
 20
1
 30
0
  9
$PUCSORTHOREF
  2

  9
$PUCSORTHOVIEW
 70
    0
  9
$PUCSORGTOP
 10
0
 20
0
 30
0
  9
$PUCSORGBOTTOM
 10
0
 20
0
 30
0
  9
$PUCSORGLEFT
 10
0
 20
0
 30
0
  9
$PUCSORGRIGHT
 10
0
 20
0
 30
0
  9
$PUCSORGFRONT
 10
0
 20
0
 30
0
  9
$PUCSORGBACK
 10
0
 20
0
 30
0
  9
$USERI1
 70
    0
  9
$USERI2
 70
    0
  9
$USERI3
 70
    0
  9
$USERI4
 70
    0
  9
$USERI5
 70
    0
  9
$USERR1
 40
0
  9
$USERR2
 40
0
  9
$USERR3
 40
0
  9
$USERR4
 40
0
  9
$USERR5
 40
0
  9
$WORLDVIEW
 70
    1
  9
$SHADEDGE
 70
    3
  9
$SHADEDIF
 70
   70
  9
$TILEMODE
 70
    1
  9
$MAXACTVP
 70
   64
  9
$PINSBASE
 10
0
 20
0
 30
0
  9
$PLIMCHECK
 70
    0
  9
$PEXTMIN
 10
0
 20
0
 30
0
  9
$PEXTMAX
 10
0
 20
0
 30
0
  9
$GRIDMODE
 70
    1
  9
$SNAPSTYLE
 70
    0
  9
$GRIDUNIT
 10
0
 20
0
  9
$PLIMMIN
 10
0
 20
0
  9
$PLIMMAX
 10
210
 20
297
  9
$UNITMODE
 70
    0
  9
$VISRETAIN
 70
    1
  9
$PLINEGEN
 70
    0
  9
$PSLTSCALE
 70
    1
  9
$TREEDEPTH
 70
 3020
  9
$CMLSTYLE
  2
Standard
  9
$CMLJUST
 70
    0
  9
$CMLSCALE
 40
20
  9
$PROXYGRAPHICS
 70
    1
  9
$MEASUREMENT
 70
    1
  9
$CELWEIGHT
370
   -1
  9
$ENDCAPS
280
    0
  9
$JOINSTYLE
280
    0
  9
$LWDISPLAY
290
    0
  9
$INSUNITS
 70
    4
  9
$HYPERLINKBASE
  1

  9
$STYLESHEET
  1

  9
$XEDIT
290
    1
  9
$CEPSNTYPE
380
    0
  9
$PSTYLEMODE
290
    1
  9
$EXTNAMES
290
    1
  9
$PSVPSCALE
 40
1
  9
$OLESTARTUP
290
    0
  9
$SORTENTS
280
  127
  9
$INDEXCTL
280
    0
  9
$HIDETEXT
280
    1
  9
$XCLIPFRAME
290
    0
  9
$HALOGAP
280
    0
  9
$OBSCOLOR
 70
  257
  9
$OBSLTYPE
280
    0
  9
$INTERSECTIONDISPLAY
280
    0
  9
$INTERSECTIONCOLOR
 70
  257
  9
$DIMASSOC
280
    1
  9
$PROJECTNAME
  1

  9
$CAMERADISPLAY
290
    0
  9
$LENSLENGTH
 40
50
  9
$CAMERAHEIGHT
 40
0
  9
$STEPSPERSEC
 40
2
  9
$STEPSIZE
 40
50
  9
$3DDWFPREC
 40
2
  9
$PSOLWIDTH
 40
5
  9
$PSOLHEIGHT
 40
80
  9
$LOFTANG1
 40
1.570796326794897
  9
$LOFTANG2
 40
1.570796326794897
  9
$LOFTMAG1
 40
0
  9
$LOFTMAG2
 40
0
  9
$LOFTPARAM
 70
    7
  9
$LOFTNORMALS
280
    1
  9
$LATITUDE
 40
1
  9
$LONGITUDE
 40
1
  9
$NORTHDIRECTION
 40
0
  9
$TIMEZONE
 70
-8000
  9
$LIGHTGLYPHDISPLAY
280
    1
  9
$TILEMODELIGHTSYNCH
280
    1
  9
$SOLIDHIST
280
    1
  9
$SHOWHIST
280
    1
  9
$DWFFRAME
280
    2
  9
$DGNFRAME
280
    0
  9
$REALWORLDSCALE
290
    1
  9
$INTERFERECOLOR
 62
    1
  9
$CSHADOW
280
    0
  9
$SHADOWPLANELOCATION
 40
0
  0
ENDSEC
  0
SECTION
  2
CLASSES
  0
ENDSEC
  0
SECTION
  2
TABLES
  0
TABLE
  2
VPORT
  5
8
330
0
100
AcDbSymbolTable
 70
    1
  0
VPORT
  5
31
330
2
100
AcDbSymbolTableRecord
100
AcDbViewportTableRecord
  2
*ACTIVE
 70
    0
 10
0
 20
0
 11
1
 21
1
 12
170.1108837273962
 22
152.0390577424996
 13
0
 23
0
 14
10
 24
10
 15
10
 25
10
 16
0
 26
0
 36
1
 17
0
 27
0
 37
0
 40
345.3290226244371
 41
1.566552901023891
 42
50
 43
0
 44
0
 50
0
 51
0
 71
    0
 72
  100
 73
    1
 74
    3
 75
    0
 76
    1
 77
    0
 78
    0
281
    0
 65
    1
110
0
120
0
130
0
111
1
121
0
131
0
112
0
122
1
132
0
 79
    0
146
0
348
10020
 60
    7
 61
    5
292
1
282
    1
141
0
142
0
 63
  250
421
3358443
  0
ENDTAB
  0
TABLE
  2
LTYPE
  5
5
330
0
100
AcDbSymbolTable
 70
    4
  0
LTYPE
  5
14
330
5
100
AcDbSymbolTableRecord
100
AcDbLinetypeTableRecord
  2
ByBlock
 70
    0
  3

 72
   65
 73
    0
 40
0
  0
LTYPE
  5
15
330
5
100
AcDbSymbolTableRecord
100
AcDbLinetypeTableRecord
  2
ByLayer
 70
    0
  3

 72
   65
 73
    0
 40
0
  0
LTYPE
  5
16
330
5
100
AcDbSymbolTableRecord
100
AcDbLinetypeTableRecord
  2
Continuous
 70
    0
  3
Solid line
 72
   65
 73
    0
 40
0
  0
LTYPE
  5
32
330
5
100
AcDbSymbolTableRecord
100
AcDbLinetypeTableRecord
  2
DOT
 70
    0
  3
Dot . . . . . . . . . . . . . . . . . . . . . .
 72
   65
 73
    2
 40
6.35
 49
0
 74
    0
 49
-6.35
 74
    0
  0
LTYPE
  5
33
330
5
100
AcDbSymbolTableRecord
100
AcDbLinetypeTableRecord
  2
DOTTINY
 70
    0
  3
Dot (.15x) .....................................
 72
   65
 73
    2
 40
0.9525
 49
0
 74
    0
 49
-0.9525
 74
    0
  0
LTYPE
  5
34
330
5
100
AcDbSymbolTableRecord
100
AcDbLinetypeTableRecord
  2
DOT2
 70
    0
  3
Dot (.5x) .....................................
 72
   65
 73
    2
 40
3.175
 49
0
 74
    0
 49
-3.175
 74
    0
  0
LTYPE
  5
35
330
5
100
AcDbSymbolTableRecord
100
AcDbLinetypeTableRecord
  2
DOTX2
 70
    0
  3
Dot (2x) .  .  .  .  .  .  .  .  .  .  .  .  .
 72
   65
 73
    2
 40
12.7
 49
0
 74
    0
 49
-12.7
 74
    0
  0
LTYPE
  5
36
330
5
100
AcDbSymbolTableRecord
100
AcDbLinetypeTableRecord
  2
DASHED
 70
    0
  3
Dashed _ _ _ _ _ _ _ _ _ _ _ _ _ _ _ _ _
 72
   65
 73
    2
 40
19.05
 49
12.7
 74
    0
 49
-6.35
 74
    0
  0
LTYPE
  5
37
330
5
100
AcDbSymbolTableRecord
100
AcDbLinetypeTableRecord
  2
DASHEDTINY
 70
    0
  3
Dashed (.15x) _ _ _ _ _ _ _ _ _ _ _ _ _ _ _ _ _
 72
   65
 73
    2
 40
2.8575
 49
1.905
 74
    0
 49
-0.9525
 74
    0
  0
LTYPE
  5
38
330
5
100
AcDbSymbolTableRecord
100
AcDbLinetypeTableRecord
  2
DASHED2
 70
    0
  3
Dashed (.5x) _ _ _ _ _ _ _ _ _ _ _ _ _ _ _ _ _
 72
   65
 73
    2
 40
9.524999999999999
 49
6.35
 74
    0
 49
-3.175
 74
    0
  0
LTYPE
  5
39
330
5
100
AcDbSymbolTableRecord
100
AcDbLinetypeTableRecord
  2
DASHEDX2
 70
    0
  3
Dashed (2x) ____  ____  ____  ____  ____  ___
 72
   65
 73
    2
 40
38.09999999999999
 49
25.4
 74
    0
 49
-12.7
 74
    0
  0
LTYPE
  5
3A
330
5
100
AcDbSymbolTableRecord
100
AcDbLinetypeTableRecord
  2
DASHDOT
 70
    0
  3
Dash dot __ . __ . __ . __ . __ . __ . __ . __
 72
   65
 73
    4
 40
25.4
 49
12.7
 74
    0
 49
-6.35
 74
    0
 49
0
 74
    0
 49
-6.35
 74
    0
  0
LTYPE
  5
3B
330
5
100
AcDbSymbolTableRecord
100
AcDbLinetypeTableRecord
  2
DASHDOTTINY
 70
    0
  3
Dash dot (.15x) _._._._._._._._._._._._._._._.
 72
   65
 73
    4
 40
3.81
 49
1.905
 74
    0
 49
-0.9525
 74
    0
 49
0
 74
    0
 49
-0.9525
 74
    0
  0
LTYPE
  5
3C
330
5
100
AcDbSymbolTableRecord
100
AcDbLinetypeTableRecord
  2
DASHDOT2
 70
    0
  3
Dash dot (.5x) _._._._._._._._._._._._._._._.
 72
   65
 73
    4
 40
12.7
 49
6.35
 74
    0
 49
-3.175
 74
    0
 49
0
 74
    0
 49
-3.175
 74
    0
  0
LTYPE
  5
3D
330
5
100
AcDbSymbolTableRecord
100
AcDbLinetypeTableRecord
  2
DASHDOTX2
 70
    0
  3
Dash dot (2x) ____  .  ____  .  ____  .  ___
 72
   65
 73
    4
 40
50.8
 49
25.4
 74
    0
 49
-12.7
 74
    0
 49
0
 74
    0
 49
-12.7
 74
    0
  0
LTYPE
  5
3E
330
5
100
AcDbSymbolTableRecord
100
AcDbLinetypeTableRecord
  2
DIVIDE
 70
    0
  3
Divide ____ . . ____ . . ____ . . ____ . . ____
 72
   65
 73
    6
 40
31.75
 49
12.7
 74
    0
 49
-6.35
 74
    0
 49
0
 74
    0
 49
-6.35
 74
    0
 49
0
 74
    0
 49
-6.35
 74
    0
  0
LTYPE
  5
3F
330
5
100
AcDbSymbolTableRecord
100
AcDbLinetypeTableRecord
  2
DIVIDETINY
 70
    0
  3
Divide (.15x) __..__..__..__..__..__..__..__.._
 72
   65
 73
    6
 40
4.7625
 49
1.905
 74
    0
 49
-0.9525
 74
    0
 49
0
 74
    0
 49
-0.9525
 74
    0
 49
0
 74
    0
 49
-0.9525
 74
    0
  0
LTYPE
  5
40
330
5
100
AcDbSymbolTableRecord
100
AcDbLinetypeTableRecord
  2
DIVIDE2
 70
    0
  3
Divide (.5x) __..__..__..__..__..__..__..__.._
 72
   65
 73
    6
 40
15.875
 49
6.35
 74
    0
 49
-3.175
 74
    0
 49
0
 74
    0
 49
-3.175
 74
    0
 49
0
 74
    0
 49
-3.175
 74
    0
  0
LTYPE
  5
41
330
5
100
AcDbSymbolTableRecord
100
AcDbLinetypeTableRecord
  2
DIVIDEX2
 70
    0
  3
Divide (2x) ________  .  .  ________  .  .  _
 72
   65
 73
    6
 40
63.5
 49
25.4
 74
    0
 49
-12.7
 74
    0
 49
0
 74
    0
 49
-12.7
 74
    0
 49
0
 74
    0
 49
-12.7
 74
    0
  0
LTYPE
  5
42
330
5
100
AcDbSymbolTableRecord
100
AcDbLinetypeTableRecord
  2
BORDER
 70
    0
  3
Border __ __ . __ __ . __ __ . __ __ . __ __ .
 72
   65
 73
    6
 40
44.45
 49
12.7
 74
    0
 49
-6.35
 74
    0
 49
12.7
 74
    0
 49
-6.35
 74
    0
 49
0
 74
    0
 49
-6.35
 74
    0
  0
LTYPE
  5
43
330
5
100
AcDbSymbolTableRecord
100
AcDbLinetypeTableRecord
  2
BORDERTINY
 70
    0
  3
Border (.15x) __.__.__.__.__.__.__.__.__.__.__.
 72
   65
 73
    6
 40
6.6675
 49
1.905
 74
    0
 49
-0.9525
 74
    0
 49
1.905
 74
    0
 49
-0.9525
 74
    0
 49
0
 74
    0
 49
-0.9525
 74
    0
  0
LTYPE
  5
44
330
5
100
AcDbSymbolTableRecord
100
AcDbLinetypeTableRecord
  2
BORDER2
 70
    0
  3
Border (.5x) __.__.__.__.__.__.__.__.__.__.__.
 72
   65
 73
    6
 40
22.225
 49
6.35
 74
    0
 49
-3.175
 74
    0
 49
6.35
 74
    0
 49
-3.175
 74
    0
 49
0
 74
    0
 49
-3.175
 74
    0
  0
LTYPE
  5
45
330
5
100
AcDbSymbolTableRecord
100
AcDbLinetypeTableRecord
  2
BORDERX2
 70
    0
  3
Border (2x) ____  ____  .  ____  ____  .  ___
 72
   65
 73
    6
 40
88.89999999999999
 49
25.4
 74
    0
 49
-12.7
 74
    0
 49
25.4
 74
    0
 49
-12.7
 74
    0
 49
0
 74
    0
 49
-12.7
 74
    0
  0
LTYPE
  5
46
330
5
100
AcDbSymbolTableRecord
100
AcDbLinetypeTableRecord
  2
CENTER
 70
    0
  3
Center ____ _ ____ _ ____ _ ____ _ ____ _ ____
 72
   65
 73
    4
 40
50.8
 49
31.75
 74
    0
 49
-6.35
 74
    0
 49
6.35
 74
    0
 49
-6.35
 74
    0
  0
LTYPE
  5
47
330
5
100
AcDbSymbolTableRecord
100
AcDbLinetypeTableRecord
  2
CENTERTINY
 70
    0
  3
Center (.15x) ___ _ ___ _ ___ _ ___ _ ___ _ ___
 72
   65
 73
    4
 40
7.62
 49
4.7625
 74
    0
 49
-0.9525
 74
    0
 49
0.9525
 74
    0
 49
-0.9525
 74
    0
  0
LTYPE
  5
48
330
5
100
AcDbSymbolTableRecord
100
AcDbLinetypeTableRecord
  2
CENTER2
 70
    0
  3
Center (.5x) ___ _ ___ _ ___ _ ___ _ ___ _ ___
 72
   65
 73
    4
 40
28.575
 49
19.05
 74
    0
 49
-3.175
 74
    0
 49
3.175
 74
    0
 49
-3.175
 74
    0
  0
LTYPE
  5
49
330
5
100
AcDbSymbolTableRecord
100
AcDbLinetypeTableRecord
  2
CENTERX2
 70
    0
  3
Center (2x) ________  __  ________  __  _____
 72
   65
 73
    4
 40
101.6
 49
63.5
 74
    0
 49
-12.7
 74
    0
 49
12.7
 74
    0
 49
-12.7
 74
    0
  0
ENDTAB
  0
TABLE
  2
LAYER
  5
2
330
0
100
AcDbSymbolTable
 70
    1
  0
LAYER
  5
10
330
2
100
AcDbSymbolTableRecord
100
AcDbLayerTableRecord
  2
0
 70
    0
 62
    7
  6
CONTINUOUS
370
    0
390
F
  0
LAYER
  5
4A
330
2
100
AcDbSymbolTableRecord
100
AcDbLayerTableRecord
  2
00. титульный
 70
    0
 62
    7
  6
CONTINUOUS
370
    0
390
F
  0
LAYER
  5
4B
330
2
100
AcDbSymbolTableRecord
100
AcDbLayerTableRecord
  2
00. эскиз
 70
    1
 62
    7
  6
CONTINUOUS
370
    0
390
F
  0
LAYER
  5
4C
330
2
100
AcDbSymbolTableRecord
100
AcDbLayerTableRecord
  2
01. рукоятка
 70
    1
 62
    7
  6
CONTINUOUS
370
    0
390
F
  0
LAYER
  5
4D
330
2
100
AcDbSymbolTableRecord
100
AcDbLayerTableRecord
  2
011. рукоятка размеры
 70
    1
 62
    7
  6
CONTINUOUS
370
    0
390
F
  0
LAYER
  5
4E
330
2
100
AcDbSymbolTableRecord
100
AcDbLayerTableRecord
  2
012. рукоятка канал
 70
    1
 62
    7
  6
CONTINUOUS
370
    0
390
F
  0
LAYER
  5
4F
330
2
100
AcDbSymbolTableRecord
100
AcDbLayerTableRecord
  2
013. рукоятка канал размеры
 70
    1
 62
    7
  6
CONTINUOUS
370
    0
390
F
  0
LAYER
  5
50
330
2
100
AcDbSymbolTableRecord
100
AcDbLayerTableRecord
  2
014. рукоятка вид сверху
 70
    1
 62
    7
  6
CONTINUOUS
370
    0
390
F
  0
LAYER
  5
51
330
2
100
AcDbSymbolTableRecord
100
AcDbLayerTableRecord
  2
015. рукоятка сборочный чертеж
 70
    1
 62
    7
  6
CONTINUOUS
370
    0
390
F
  0
LAYER
  5
52
330
2
100
AcDbSymbolTableRecord
100
AcDbLayerTableRecord
  2
02. дуло
 70
    1
 62
    7
  6
CONTINUOUS
370
    0
390
F
  0
LAYER
  5
53
330
2
100
AcDbSymbolTableRecord
100
AcDbLayerTableRecord
  2
021. дуло сборочный чертеж
 70
    1
 62
    7
  6
CONTINUOUS
370
    0
390
F
  0
LAYER
  5
54
330
2
100
AcDbSymbolTableRecord
100
AcDbLayerTableRecord
  2
03. сборочный чертеж
 70
    1
 62
    7
  6
CONTINUOUS
370
    0
390
F
  0
LAYER
  5
55
330
2
100
AcDbSymbolTableRecord
100
AcDbLayerTableRecord
  2
031. сборочный чертеж ПП
 70
    1
 62
    7
  6
CONTINUOUS
370
    0
390
F
  0
LAYER
  5
56
330
2
100
AcDbSymbolTableRecord
100
AcDbLayerTableRecord
  2
032. схема подключения
 70
    1
 62
    7
  6
CONTINUOUS
370
    0
390
F
  0
LAYER
  5
57
330
2
100
AcDbSymbolTableRecord
100
AcDbLayerTableRecord
  2
04. спецификация
 70
    1
 62
    7
  6
CONTINUOUS
370
    0
390
F
  0
LAYER
  5
58
330
2
100
AcDbSymbolTableRecord
100
AcDbLayerTableRecord
  2
штамп A4 альбомный
 70
    5
 62
    7
  6
CONTINUOUS
370
    0
390
F
  0
LAYER
  5
59
330
2
100
AcDbSymbolTableRecord
100
AcDbLayerTableRecord
  2
штамп А4 книжный
 70
    5
 62
    7
  6
CONTINUOUS
370
    0
390
F
  0
LAYER
  5
5A
330
2
100
AcDbSymbolTableRecord
100
AcDbLayerTableRecord
  2
штамп А4 спецификация
 70
    5
 62
    7
  6
CONTINUOUS
370
    0
390
F
  0
LAYER
  5
5B
330
2
100
AcDbSymbolTableRecord
100
AcDbLayerTableRecord
  2
штамп А4 титул
 70
    4
 62
    7
  6
CONTINUOUS
370
    0
390
F
  0
ENDTAB
  0
TABLE
  2
STYLE
  5
3
330
0
100
AcDbSymbolTable
 70
    3
  0
STYLE
  5
5C
330
2
100
AcDbSymbolTableRecord
100
AcDbTextStyleTableRecord
  2
cyrillic_ii
 70
    0
 40
0
 41
1
 50
0
 71
    0
 42
1
  3
cyrillic_ii
  4

  0
STYLE
  5
5D
330
2
100
AcDbSymbolTableRecord
100
AcDbTextStyleTableRecord
  2
unicode
 70
    0
 40
0
 41
1
 50
0
 71
    0
 42
1
  3
unicode
  4

  0
STYLE
  5
5E
330
2
100
AcDbSymbolTableRecord
100
AcDbTextStyleTableRecord
  2
Standard
 70
    0
 40
0
 41
1
 50
0
 71
    0
 42
1
  3
txt
  4

  0
ENDTAB
  0
TABLE
  2
VIEW
  5
6
330
0
100
AcDbSymbolTable
 70
    0
  0
ENDTAB
  0
TABLE
  2
UCS
  5
7
330
0
100
AcDbSymbolTable
 70
    0
  0
ENDTAB
  0
TABLE
  2
APPID
  5
9
330
0
100
AcDbSymbolTable
 70
    1
  0
APPID
  5
12
330
9
100
AcDbSymbolTableRecord
100
AcDbRegAppTableRecord
  2
ACAD
 70
    0
  0
APPID
  5
5F
330
9
100
AcDbSymbolTableRecord
100
AcDbRegAppTableRecord
  2
LibreCad
 70
    0
  0
ENDTAB
  0
TABLE
  2
DIMSTYLE
  5
A
330
0
100
AcDbSymbolTable
 70
    1
100
AcDbDimStyleTable
 71
    1
  0
DIMSTYLE
105
60
330
A
100
AcDbSymbolTableRecord
100
AcDbDimStyleTableRecord
  2
Standard
 70
    0
 40
1
 41
2.5
 42
0.625
 43
0.38
 44
1.25
 45
0
 46
0
 47
0
 48
0
 49
1
140
2.5
141
0.09
142
0
143
25.4
144
1
145
0
146
1
147
1
148
0
 71
    0
 72
    0
 73
    0
 74
    1
 75
    0
 76
    0
 77
    0
 78
    1
 79
    0
170
    0
171
    2
172
    0
173
    0
174
    0
175
    0
176
   96
177
    0
178
    0
179
    2
271
    1
272
    4
273
    2
274
    2
275
    0
276
    0
277
    2
278
    0
279
    0
280
    0
281
    0
282
    0
283
    1
284
    0
285
    0
286
    0
288
    0
289
    3
340
standard
341

371
   -2
372
   -2
  0
ENDTAB
  0
TABLE
  2
BLOCK_RECORD
  5
1
330
0
100
AcDbSymbolTable
 70
    2
  0
BLOCK_RECORD
  5
1F
330
1
100
AcDbSymbolTableRecord
100
AcDbBlockTableRecord
  2
*Model_Space
 70
    0
280
    1
281
    0
  0
BLOCK_RECORD
  5
1E
330
1
100
AcDbSymbolTableRecord
100
AcDbBlockTableRecord
  2
*Paper_Space
 70
    0
280
    1
281
    0
  0
BLOCK_RECORD
  5
61
330
1
100
AcDbSymbolTableRecord
100
AcDbBlockTableRecord
  2
*D91
 70
    0
280
    1
281
    0
  0
BLOCK_RECORD
  5
64
330
1
100
AcDbSymbolTableRecord
100
AcDbBlockTableRecord
  2
*D68
 70
    0
280
    1
281
    0
  0
BLOCK_RECORD
  5
67
330
1
100
AcDbSymbolTableRecord
100
AcDbBlockTableRecord
  2
*D45
 70
    0
280
    1
281
    0
  0
BLOCK_RECORD
  5
6A
330
1
100
AcDbSymbolTableRecord
100
AcDbBlockTableRecord
  2
*D34
 70
    0
280
    1
281
    0
  0
BLOCK_RECORD
  5
6D
330
1
100
AcDbSymbolTableRecord
100
AcDbBlockTableRecord
  2
*D59
 70
    0
280
    1
281
    0
  0
BLOCK_RECORD
  5
70
330
1
100
AcDbSymbolTableRecord
100
AcDbBlockTableRecord
  2
*D10
 70
    0
280
    1
281
    0
  0
BLOCK_RECORD
  5
73
330
1
100
AcDbSymbolTableRecord
100
AcDbBlockTableRecord
  2
*D65
 70
    0
280
    1
281
    0
  0
BLOCK_RECORD
  5
76
330
1
100
AcDbSymbolTableRecord
100
AcDbBlockTableRecord
  2
*D75
 70
    0
280
    1
281
    0
  0
BLOCK_RECORD
  5
79
330
1
100
AcDbSymbolTableRecord
100
AcDbBlockTableRecord
  2
*D11
 70
    0
280
    1
281
    0
  0
BLOCK_RECORD
  5
7C
330
1
100
AcDbSymbolTableRecord
100
AcDbBlockTableRecord
  2
*D54
 70
    0
280
    1
281
    0
  0
BLOCK_RECORD
  5
7F
330
1
100
AcDbSymbolTableRecord
100
AcDbBlockTableRecord
  2
*D44
 70
    0
280
    1
281
    0
  0
BLOCK_RECORD
  5
82
330
1
100
AcDbSymbolTableRecord
100
AcDbBlockTableRecord
  2
*D43
 70
    0
280
    1
281
    0
  0
BLOCK_RECORD
  5
85
330
1
100
AcDbSymbolTableRecord
100
AcDbBlockTableRecord
  2
*D42
 70
    0
280
    1
281
    0
  0
BLOCK_RECORD
  5
88
330
1
100
AcDbSymbolTableRecord
100
AcDbBlockTableRecord
  2
*D30
 70
    0
280
    1
281
    0
  0
BLOCK_RECORD
  5
8B
330
1
100
AcDbSymbolTableRecord
100
AcDbBlockTableRecord
  2
*D14
 70
    0
280
    1
281
    0
  0
BLOCK_RECORD
  5
8E
330
1
100
AcDbSymbolTableRecord
100
AcDbBlockTableRecord
  2
*D48
 70
    0
280
    1
281
    0
  0
BLOCK_RECORD
  5
91
330
1
100
AcDbSymbolTableRecord
100
AcDbBlockTableRecord
  2
*D90
 70
    0
280
    1
281
    0
  0
BLOCK_RECORD
  5
94
330
1
100
AcDbSymbolTableRecord
100
AcDbBlockTableRecord
  2
*D15
 70
    0
280
    1
281
    0
  0
BLOCK_RECORD
  5
97
330
1
100
AcDbSymbolTableRecord
100
AcDbBlockTableRecord
  2
*D29
 70
    0
280
    1
281
    0
  0
BLOCK_RECORD
  5
9A
330
1
100
AcDbSymbolTableRecord
100
AcDbBlockTableRecord
  2
*D27
 70
    0
280
    1
281
    0
  0
BLOCK_RECORD
  5
9D
330
1
100
AcDbSymbolTableRecord
100
AcDbBlockTableRecord
  2
*D13
 70
    0
280
    1
281
    0
  0
BLOCK_RECORD
  5
A0
330
1
100
AcDbSymbolTableRecord
100
AcDbBlockTableRecord
  2
*D26
 70
    0
280
    1
281
    0
  0
BLOCK_RECORD
  5
A3
330
1
100
AcDbSymbolTableRecord
100
AcDbBlockTableRecord
  2
*D25
 70
    0
280
    1
281
    0
  0
BLOCK_RECORD
  5
A6
330
1
100
AcDbSymbolTableRecord
100
AcDbBlockTableRecord
  2
*D76
 70
    0
280
    1
281
    0
  0
BLOCK_RECORD
  5
A9
330
1
100
AcDbSymbolTableRecord
100
AcDbBlockTableRecord
  2
*D18
 70
    0
280
    1
281
    0
  0
BLOCK_RECORD
  5
AC
330
1
100
AcDbSymbolTableRecord
100
AcDbBlockTableRecord
  2
*D69
 70
    0
280
    1
281
    0
  0
BLOCK_RECORD
  5
AF
330
1
100
AcDbSymbolTableRecord
100
AcDbBlockTableRecord
  2
*D83
 70
    0
280
    1
281
    0
  0
BLOCK_RECORD
  5
B2
330
1
100
AcDbSymbolTableRecord
100
AcDbBlockTableRecord
  2
*D39
 70
    0
280
    1
281
    0
  0
BLOCK_RECORD
  5
B5
330
1
100
AcDbSymbolTableRecord
100
AcDbBlockTableRecord
  2
*D77
 70
    0
280
    1
281
    0
  0
BLOCK_RECORD
  5
B8
330
1
100
AcDbSymbolTableRecord
100
AcDbBlockTableRecord
  2
*D56
 70
    0
280
    1
281
    0
  0
BLOCK_RECORD
  5
BB
330
1
100
AcDbSymbolTableRecord
100
AcDbBlockTableRecord
  2
*D20
 70
    0
280
    1
281
    0
  0
BLOCK_RECORD
  5
BE
330
1
100
AcDbSymbolTableRecord
100
AcDbBlockTableRecord
  2
*D47
 70
    0
280
    1
281
    0
  0
BLOCK_RECORD
  5
C1
330
1
100
AcDbSymbolTableRecord
100
AcDbBlockTableRecord
  2
*D31
 70
    0
280
    1
281
    0
  0
BLOCK_RECORD
  5
C4
330
1
100
AcDbSymbolTableRecord
100
AcDbBlockTableRecord
  2
*D73
 70
    0
280
    1
281
    0
  0
BLOCK_RECORD
  5
C7
330
1
100
AcDbSymbolTableRecord
100
AcDbBlockTableRecord
  2
*D2
 70
    0
280
    1
281
    0
  0
BLOCK_RECORD
  5
CA
330
1
100
AcDbSymbolTableRecord
100
AcDbBlockTableRecord
  2
*D37
 70
    0
280
    1
281
    0
  0
BLOCK_RECORD
  5
CD
330
1
100
AcDbSymbolTableRecord
100
AcDbBlockTableRecord
  2
*D64
 70
    0
280
    1
281
    0
  0
BLOCK_RECORD
  5
D0
330
1
100
AcDbSymbolTableRecord
100
AcDbBlockTableRecord
  2
*D16
 70
    0
280
    1
281
    0
  0
BLOCK_RECORD
  5
D3
330
1
100
AcDbSymbolTableRecord
100
AcDbBlockTableRecord
  2
*D23
 70
    0
280
    1
281
    0
  0
BLOCK_RECORD
  5
D6
330
1
100
AcDbSymbolTableRecord
100
AcDbBlockTableRecord
  2
*D80
 70
    0
280
    1
281
    0
  0
BLOCK_RECORD
  5
D9
330
1
100
AcDbSymbolTableRecord
100
AcDbBlockTableRecord
  2
*D66
 70
    0
280
    1
281
    0
  0
BLOCK_RECORD
  5
DC
330
1
100
AcDbSymbolTableRecord
100
AcDbBlockTableRecord
  2
*D81
 70
    0
280
    1
281
    0
  0
BLOCK_RECORD
  5
DF
330
1
100
AcDbSymbolTableRecord
100
AcDbBlockTableRecord
  2
*D51
 70
    0
280
    1
281
    0
  0
BLOCK_RECORD
  5
E2
330
1
100
AcDbSymbolTableRecord
100
AcDbBlockTableRecord
  2
*D84
 70
    0
280
    1
281
    0
  0
BLOCK_RECORD
  5
E5
330
1
100
AcDbSymbolTableRecord
100
AcDbBlockTableRecord
  2
*D35
 70
    0
280
    1
281
    0
  0
BLOCK_RECORD
  5
E8
330
1
100
AcDbSymbolTableRecord
100
AcDbBlockTableRecord
  2
*D55
 70
    0
280
    1
281
    0
  0
BLOCK_RECORD
  5
EB
330
1
100
AcDbSymbolTableRecord
100
AcDbBlockTableRecord
  2
*D17
 70
    0
280
    1
281
    0
  0
BLOCK_RECORD
  5
EE
330
1
100
AcDbSymbolTableRecord
100
AcDbBlockTableRecord
  2
*D72
 70
    0
280
    1
281
    0
  0
BLOCK_RECORD
  5
F1
330
1
100
AcDbSymbolTableRecord
100
AcDbBlockTableRecord
  2
*D62
 70
    0
280
    1
281
    0
  0
BLOCK_RECORD
  5
F4
330
1
100
AcDbSymbolTableRecord
100
AcDbBlockTableRecord
  2
*D1
 70
    0
280
    1
281
    0
  0
BLOCK_RECORD
  5
F7
330
1
100
AcDbSymbolTableRecord
100
AcDbBlockTableRecord
  2
*D79
 70
    0
280
    1
281
    0
  0
BLOCK_RECORD
  5
FA
330
1
100
AcDbSymbolTableRecord
100
AcDbBlockTableRecord
  2
*D71
 70
    0
280
    1
281
    0
  0
BLOCK_RECORD
  5
FD
330
1
100
AcDbSymbolTableRecord
100
AcDbBlockTableRecord
  2
*D57
 70
    0
280
    1
281
    0
  0
BLOCK_RECORD
  5
100
330
1
100
AcDbSymbolTableRecord
100
AcDbBlockTableRecord
  2
*D58
 70
    0
280
    1
281
    0
  0
BLOCK_RECORD
  5
103
330
1
100
AcDbSymbolTableRecord
100
AcDbBlockTableRecord
  2
*D28
 70
    0
280
    1
281
    0
  0
BLOCK_RECORD
  5
106
330
1
100
AcDbSymbolTableRecord
100
AcDbBlockTableRecord
  2
*D4
 70
    0
280
    1
281
    0
  0
BLOCK_RECORD
  5
109
330
1
100
AcDbSymbolTableRecord
100
AcDbBlockTableRecord
  2
*D19
 70
    0
280
    1
281
    0
  0
BLOCK_RECORD
  5
10C
330
1
100
AcDbSymbolTableRecord
100
AcDbBlockTableRecord
  2
*D7
 70
    0
280
    1
281
    0
  0
BLOCK_RECORD
  5
10F
330
1
100
AcDbSymbolTableRecord
100
AcDbBlockTableRecord
  2
*D88
 70
    0
280
    1
281
    0
  0
BLOCK_RECORD
  5
112
330
1
100
AcDbSymbolTableRecord
100
AcDbBlockTableRecord
  2
*D61
 70
    0
280
    1
281
    0
  0
BLOCK_RECORD
  5
115
330
1
100
AcDbSymbolTableRecord
100
AcDbBlockTableRecord
  2
*D24
 70
    0
280
    1
281
    0
  0
BLOCK_RECORD
  5
118
330
1
100
AcDbSymbolTableRecord
100
AcDbBlockTableRecord
  2
*D8
 70
    0
280
    1
281
    0
  0
BLOCK_RECORD
  5
11B
330
1
100
AcDbSymbolTableRecord
100
AcDbBlockTableRecord
  2
*D22
 70
    0
280
    1
281
    0
  0
BLOCK_RECORD
  5
11E
330
1
100
AcDbSymbolTableRecord
100
AcDbBlockTableRecord
  2
*D78
 70
    0
280
    1
281
    0
  0
BLOCK_RECORD
  5
121
330
1
100
AcDbSymbolTableRecord
100
AcDbBlockTableRecord
  2
*D63
 70
    0
280
    1
281
    0
  0
BLOCK_RECORD
  5
124
330
1
100
AcDbSymbolTableRecord
100
AcDbBlockTableRecord
  2
*D21
 70
    0
280
    1
281
    0
  0
BLOCK_RECORD
  5
127
330
1
100
AcDbSymbolTableRecord
100
AcDbBlockTableRecord
  2
*D50
 70
    0
280
    1
281
    0
  0
BLOCK_RECORD
  5
12A
330
1
100
AcDbSymbolTableRecord
100
AcDbBlockTableRecord
  2
*D53
 70
    0
280
    1
281
    0
  0
BLOCK_RECORD
  5
12D
330
1
100
AcDbSymbolTableRecord
100
AcDbBlockTableRecord
  2
*D46
 70
    0
280
    1
281
    0
  0
BLOCK_RECORD
  5
130
330
1
100
AcDbSymbolTableRecord
100
AcDbBlockTableRecord
  2
*D36
 70
    0
280
    1
281
    0
  0
BLOCK_RECORD
  5
133
330
1
100
AcDbSymbolTableRecord
100
AcDbBlockTableRecord
  2
*D6
 70
    0
280
    1
281
    0
  0
BLOCK_RECORD
  5
136
330
1
100
AcDbSymbolTableRecord
100
AcDbBlockTableRecord
  2
*D70
 70
    0
280
    1
281
    0
  0
BLOCK_RECORD
  5
139
330
1
100
AcDbSymbolTableRecord
100
AcDbBlockTableRecord
  2
*D67
 70
    0
280
    1
281
    0
  0
BLOCK_RECORD
  5
13C
330
1
100
AcDbSymbolTableRecord
100
AcDbBlockTableRecord
  2
*D85
 70
    0
280
    1
281
    0
  0
BLOCK_RECORD
  5
13F
330
1
100
AcDbSymbolTableRecord
100
AcDbBlockTableRecord
  2
*D32
 70
    0
280
    1
281
    0
  0
BLOCK_RECORD
  5
142
330
1
100
AcDbSymbolTableRecord
100
AcDbBlockTableRecord
  2
*D86
 70
    0
280
    1
281
    0
  0
BLOCK_RECORD
  5
145
330
1
100
AcDbSymbolTableRecord
100
AcDbBlockTableRecord
  2
*D60
 70
    0
280
    1
281
    0
  0
BLOCK_RECORD
  5
148
330
1
100
AcDbSymbolTableRecord
100
AcDbBlockTableRecord
  2
*D49
 70
    0
280
    1
281
    0
  0
BLOCK_RECORD
  5
14B
330
1
100
AcDbSymbolTableRecord
100
AcDbBlockTableRecord
  2
*D9
 70
    0
280
    1
281
    0
  0
BLOCK_RECORD
  5
14E
330
1
100
AcDbSymbolTableRecord
100
AcDbBlockTableRecord
  2
*D5
 70
    0
280
    1
281
    0
  0
BLOCK_RECORD
  5
151
330
1
100
AcDbSymbolTableRecord
100
AcDbBlockTableRecord
  2
*D41
 70
    0
280
    1
281
    0
  0
BLOCK_RECORD
  5
154
330
1
100
AcDbSymbolTableRecord
100
AcDbBlockTableRecord
  2
*D52
 70
    0
280
    1
281
    0
  0
BLOCK_RECORD
  5
157
330
1
100
AcDbSymbolTableRecord
100
AcDbBlockTableRecord
  2
*D38
 70
    0
280
    1
281
    0
  0
BLOCK_RECORD
  5
15A
330
1
100
AcDbSymbolTableRecord
100
AcDbBlockTableRecord
  2
*D87
 70
    0
280
    1
281
    0
  0
BLOCK_RECORD
  5
15D
330
1
100
AcDbSymbolTableRecord
100
AcDbBlockTableRecord
  2
*D3
 70
    0
280
    1
281
    0
  0
BLOCK_RECORD
  5
160
330
1
100
AcDbSymbolTableRecord
100
AcDbBlockTableRecord
  2
*D82
 70
    0
280
    1
281
    0
  0
BLOCK_RECORD
  5
163
330
1
100
AcDbSymbolTableRecord
100
AcDbBlockTableRecord
  2
*D74
 70
    0
280
    1
281
    0
  0
BLOCK_RECORD
  5
166
330
1
100
AcDbSymbolTableRecord
100
AcDbBlockTableRecord
  2
*D89
 70
    0
280
    1
281
    0
  0
BLOCK_RECORD
  5
169
330
1
100
AcDbSymbolTableRecord
100
AcDbBlockTableRecord
  2
*D33
 70
    0
280
    1
281
    0
  0
BLOCK_RECORD
  5
16C
330
1
100
AcDbSymbolTableRecord
100
AcDbBlockTableRecord
  2
*D12
 70
    0
280
    1
281
    0
  0
BLOCK_RECORD
  5
16F
330
1
100
AcDbSymbolTableRecord
100
AcDbBlockTableRecord
  2
*D40
 70
    0
280
    1
281
    0
  0
BLOCK_RECORD
  5
172
330
1
100
AcDbSymbolTableRecord
100
AcDbBlockTableRecord
  2
штамп А4 альбомный
 70
    0
280
    1
281
    0
  0
BLOCK_RECORD
  5
175
330
1
100
AcDbSymbolTableRecord
100
AcDbBlockTableRecord
  2
штамп A4 книжный
 70
    0
280
    1
281
    0
  0
BLOCK_RECORD
  5
178
330
1
100
AcDbSymbolTableRecord
100
AcDbBlockTableRecord
  2
штамп A4 спецификация
 70
    0
280
    1
281
    0
  0
BLOCK_RECORD
  5
17B
330
1
100
AcDbSymbolTableRecord
100
AcDbBlockTableRecord
  2
рукоятка
 70
    0
280
    1
281
    0
  0
BLOCK_RECORD
  5
17E
330
1
100
AcDbSymbolTableRecord
100
AcDbBlockTableRecord
  2
полукруг
 70
    0
280
    1
281
    0
  0
BLOCK_RECORD
  5
181
330
1
100
AcDbSymbolTableRecord
100
AcDbBlockTableRecord
  2
светодиод
 70
    0
280
    1
281
    0
  0
BLOCK_RECORD
  5
184
330
1
100
AcDbSymbolTableRecord
100
AcDbBlockTableRecord
  2
рукоятка 03
 70
    0
280
    1
281
    0
  0
BLOCK_RECORD
  5
187
330
1
100
AcDbSymbolTableRecord
100
AcDbBlockTableRecord
  2
рукоятка 02
 70
    0
280
    1
281
    0
  0
BLOCK_RECORD
  5
18A
330
1
100
AcDbSymbolTableRecord
100
AcDbBlockTableRecord
  2
штамп А4 титул
 70
    0
280
    1
281
    0
  0
ENDTAB
  0
ENDSEC
  0
SECTION
  2
BLOCKS
  0
BLOCK
  5
20
330
1F
100
AcDbEntity
  8
0
100
AcDbBlockBegin
  2
*Model_Space
 70
    0
 10
0
 20
0
 30
0
  3
*Model_Space
  1

  0
ENDBLK
  5
21
330
1F
100
AcDbEntity
  8
0
100
AcDbBlockEnd
  0
BLOCK
  5
1C
330
1B
100
AcDbEntity
  8
0
100
AcDbBlockBegin
  2
*Paper_Space
 70
    0
 10
0
 20
0
 30
0
  3
*Paper_Space
  1

  0
ENDBLK
  5
1D
330
1F
100
AcDbEntity
  8
0
100
AcDbBlockEnd
  0
BLOCK
  5
62
330
61
100
AcDbEntity
  8
0
100
AcDbBlockBegin
  2
*D91
 70
    1
 10
0
 20
0
  3
*D91
  1

  0
LINE
  5
18D
100
AcDbEntity
  8
03. сборочный чертеж
  6
ByBlock
 62
   96
370
   -2
100
AcDbLine
 10
45
 20
197
 11
45
 21
187
  0
MTEXT
  5
18E
100
AcDbEntity
  8
03. сборочный чертеж
  6
CONTINUOUS
 62
    0
370
   -2
100
AcDbMText
 10
42.75
 20
192
 30
0
 40
2.5
 41
5.277777777777779
 71
    5
 72
    1
  1
10.0
  7
standard
210
0
220
0
230
1
 50
90
 73
    2
 44
1
  0
SOLID
  5
18F
100
AcDbEntity
  8
03. сборочный чертеж
  6
ByBlock
 62
   96
370
   -2
100
AcDbTrace
 10
45
 20
197
 30
0
 11
45.41628465777284
 21
194.5
 31
0
 12
44.58371534222716
 22
194.5
 32
0
 13
44.58371534222716
 23
194.5
 33
0
  0
SOLID
  5
190
100
AcDbEntity
  8
03. сборочный чертеж
  6
ByBlock
 62
   96
370
   -2
100
AcDbTrace
 10
45
 20
187
 30
0
 11
44.58371534222716
 21
189.5
 31
0
 12
45.41628465777284
 22
189.5
 32
0
 13
45.41628465777284
 23
189.5
 33
0
  0
LINE
  5
191
100
AcDbEntity
  8
03. сборочный чертеж
  6
ByBlock
 62
    0
370
   -2
100
AcDbLine
 10
59.375
 20
197
 11
43.75
 21
197
  0
LINE
  5
192
100
AcDbEntity
  8
03. сборочный чертеж
  6
ByBlock
 62
    0
370
   -2
100
AcDbLine
 10
52.375
 20
187
 11
43.75
 21
187
  0
ENDBLK
  5
63
330
61
100
AcDbEntity
  8
0
100
AcDbBlockEnd
  0
BLOCK
  5
65
330
64
100
AcDbEntity
  8
0
100
AcDbBlockBegin
  2
*D68
 70
    1
 10
0
 20
0
  3
*D68
  1

  0
LINE
  5
193
100
AcDbEntity
  8
011. рукоятка размеры
  6
ByBlock
 62
   96
370
   -2
100
AcDbLine
 10
50
 20
260
 11
50
 21
248
  0
MTEXT
  5
194
100
AcDbEntity
  8
011. рукоятка размеры
  6
CONTINUOUS
 62
    0
370
   -2
100
AcDbMText
 10
47.75
 20
254
 30
0
 40
2.5
 41
5.277777777777779
 71
    5
 72
    1
  1
12.0
  7
standard
210
0
220
0
230
1
 50
90
 73
    2
 44
1
  0
SOLID
  5
195
100
AcDbEntity
  8
011. рукоятка размеры
  6
ByBlock
 62
   96
370
   -2
100
AcDbTrace
 10
50
 20
260
 30
0
 11
50.41628465777284
 21
257.5
 31
0
 12
49.58371534222716
 22
257.5
 32
0
 13
49.58371534222716
 23
257.5
 33
0
  0
SOLID
  5
196
100
AcDbEntity
  8
011. рукоятка размеры
  6
ByBlock
 62
   96
370
   -2
100
AcDbTrace
 10
50
 20
248
 30
0
 11
49.58371534222716
 21
250.5
 31
0
 12
50.41628465777284
 22
250.5
 32
0
 13
50.41628465777284
 23
250.5
 33
0
  0
LINE
  5
197
100
AcDbEntity
  8
011. рукоятка размеры
  6
ByBlock
 62
    0
370
   -2
100
AcDbLine
 10
54.375
 20
260
 11
48.75
 21
260
  0
LINE
  5
198
100
AcDbEntity
  8
011. рукоятка размеры
  6
ByBlock
 62
    0
370
   -2
100
AcDbLine
 10
54.375
 20
248
 11
48.75
 21
248
  0
ENDBLK
  5
66
330
64
100
AcDbEntity
  8
0
100
AcDbBlockEnd
  0
BLOCK
  5
68
330
67
100
AcDbEntity
  8
0
100
AcDbBlockBegin
  2
*D45
 70
    1
 10
0
 20
0
  3
*D45
  1

  0
SOLID
  5
199
100
AcDbEntity
  8
011. рукоятка размеры
  6
ByBlock
 62
   96
370
   -2
100
AcDbTrace
 10
98.0563464130922
 20
207.8282264323062
 30
0
 11
96.0208651506024
 21
209.3382293946708
 31
0
 12
96.6200008821281
 22
209.9163366860946
 32
0
 13
96.6200008821281
 23
209.9163366860946
 33
0
  0
LINE
  5
19A
100
AcDbEntity
  8
011. рукоятка размеры
  6
ByBlock
 62
   96
370
   -2
100
AcDbLine
 10
105
 20
200.632
 11
90.9198135598814
 21
215.2243480432876
  0
MTEXT
  5
19B
100
AcDbEntity
  8
011. рукоятка размеры
  6
CONTINUOUS
 62
    0
370
   -2
100
AcDbMText
 10
96.10723093375569
 20
213.0886092948511
 30
0
 40
2.5
 41
5.277777777777779
 71
    5
 72
    1
  1
10.0
  7
standard
210
0
220
0
230
1
 50
313.9766660519745
 73
    2
 44
1
  0
ENDBLK
  5
69
330
67
100
AcDbEntity
  8
0
100
AcDbBlockEnd
  0
BLOCK
  5
6B
330
6A
100
AcDbEntity
  8
0
100
AcDbBlockBegin
  2
*D34
 70
    1
 10
0
 20
0
  3
*D34
  1

  0
LINE
  5
19C
100
AcDbEntity
  8
014. рукоятка вид сверху
  6
ByBlock
 62
   96
370
   -2
100
AcDbLine
 10
67
 20
75
 11
83
 21
75
  0
MTEXT
  5
19D
100
AcDbEntity
  8
014. рукоятка вид сверху
  6
CONTINUOUS
 62
    0
370
   -2
100
AcDbMText
 10
75
 20
77.25
 30
0
 40
2.5
 41
5.277777777777933
 71
    5
 72
    1
  1
16.0
  7
standard
210
0
220
0
230
1
 50
0
 73
    2
 44
1
  0
SOLID
  5
19E
100
AcDbEntity
  8
014. рукоятка вид сверху
  6
ByBlock
 62
   96
370
   -2
100
AcDbTrace
 10
67
 20
75
 30
0
 11
69.5
 21
75.41628465777283
 31
0
 12
69.5
 22
74.58371534222717
 32
0
 13
69.5
 23
74.58371534222717
 33
0
  0
SOLID
  5
19F
100
AcDbEntity
  8
014. рукоятка вид сверху
  6
ByBlock
 62
   96
370
   -2
100
AcDbTrace
 10
83
 20
75
 30
0
 11
80.5
 21
74.58371534222717
 31
0
 12
80.5
 22
75.41628465777283
 32
0
 13
80.5
 23
75.41628465777283
 33
0
  0
LINE
  5
1A0
100
AcDbEntity
  8
014. рукоятка вид сверху
  6
ByBlock
 62
    0
370
   -2
100
AcDbLine
 10
67
 20
86.375
 11
67
 21
73.75
  0
LINE
  5
1A1
100
AcDbEntity
  8
014. рукоятка вид сверху
  6
ByBlock
 62
    0
370
   -2
100
AcDbLine
 10
83
 20
86.375
 11
83
 21
73.75
  0
ENDBLK
  5
6C
330
6A
100
AcDbEntity
  8
0
100
AcDbBlockEnd
  0
BLOCK
  5
6E
330
6D
100
AcDbEntity
  8
0
100
AcDbBlockBegin
  2
*D59
 70
    1
 10
0
 20
0
  3
*D59
  1

  0
LINE
  5
1A2
100
AcDbEntity
  8
011. рукоятка размеры
  6
ByBlock
 62
   96
370
   -2
100
AcDbLine
 10
77
 20
207
 11
55
 21
207
  0
MTEXT
  5
1A3
100
AcDbEntity
  8
011. рукоятка размеры
  6
CONTINUOUS
 62
    0
370
   -2
100
AcDbMText
 10
66
 20
209.25
 30
0
 40
2.5
 41
5.833333333333334
 71
    5
 72
    1
  1
22.0
  7
standard
210
0
220
0
230
1
 50
0
 73
    2
 44
1
  0
SOLID
  5
1A4
100
AcDbEntity
  8
011. рукоятка размеры
  6
ByBlock
 62
   96
370
   -2
100
AcDbTrace
 10
77
 20
207
 30
0
 11
74.5
 21
206.5837153422272
 31
0
 12
74.5
 22
207.4162846577728
 32
0
 13
74.5
 23
207.4162846577728
 33
0
  0
SOLID
  5
1A5
100
AcDbEntity
  8
011. рукоятка размеры
  6
ByBlock
 62
   96
370
   -2
100
AcDbTrace
 10
55
 20
207
 30
0
 11
57.5
 21
207.4162846577728
 31
0
 12
57.5
 22
206.5837153422272
 32
0
 13
57.5
 23
206.5837153422272
 33
0
  0
LINE
  5
1A6
100
AcDbEntity
  8
011. рукоятка размеры
  6
ByBlock
 62
    0
370
   -2
100
AcDbLine
 10
77
 20
201.625
 11
77
 21
208.25
  0
LINE
  5
1A7
100
AcDbEntity
  8
011. рукоятка размеры
  6
ByBlock
 62
    0
370
   -2
100
AcDbLine
 10
55
 20
201.625
 11
55
 21
208.25
  0
ENDBLK
  5
6F
330
6D
100
AcDbEntity
  8
0
100
AcDbBlockEnd
  0
BLOCK
  5
71
330
70
100
AcDbEntity
  8
0
100
AcDbBlockBegin
  2
*D10
 70
    1
 10
0
 20
0
  3
*D10
  1

  0
LINE
  5
1A8
100
AcDbEntity
  8
02. дуло
  6
ByBlock
 62
   96
370
   -2
100
AcDbLine
 10
50
 20
174
 11
50
 21
151
  0
MTEXT
  5
1A9
100
AcDbEntity
  8
02. дуло
  6
CONTINUOUS
 62
    0
370
   -2
100
AcDbMText
 10
47.75
 20
162.5
 30
0
 40
2.5
 41
5.833333333333489
 71
    5
 72
    1
  1
23.0
  7
standard
210
0
220
0
230
1
 50
90
 73
    2
 44
1
  0
SOLID
  5
1AA
100
AcDbEntity
  8
02. дуло
  6
ByBlock
 62
   96
370
   -2
100
AcDbTrace
 10
50
 20
174
 30
0
 11
50.41628465777284
 21
171.5
 31
0
 12
49.58371534222716
 22
171.5
 32
0
 13
49.58371534222716
 23
171.5
 33
0
  0
SOLID
  5
1AB
100
AcDbEntity
  8
02. дуло
  6
ByBlock
 62
   96
370
   -2
100
AcDbTrace
 10
50
 20
151
 30
0
 11
49.58371534222716
 21
153.5
 31
0
 12
50.41628465777284
 22
153.5
 32
0
 13
50.41628465777284
 23
153.5
 33
0
  0
LINE
  5
1AC
100
AcDbEntity
  8
02. дуло
  6
ByBlock
 62
    0
370
   -2
100
AcDbLine
 10
64.375
 20
174
 11
48.75
 21
174
  0
LINE
  5
1AD
100
AcDbEntity
  8
02. дуло
  6
ByBlock
 62
    0
370
   -2
100
AcDbLine
 10
64.375
 20
151
 11
48.75
 21
151
  0
ENDBLK
  5
72
330
70
100
AcDbEntity
  8
0
100
AcDbBlockEnd
  0
BLOCK
  5
74
330
73
100
AcDbEntity
  8
0
100
AcDbBlockBegin
  2
*D65
 70
    1
 10
0
 20
0
  3
*D65
  1

  0
LINE
  5
1AE
100
AcDbEntity
  8
011. рукоятка размеры
  6
ByBlock
 62
   96
370
   -2
100
AcDbLine
 10
54.30790021169685
 20
138.1026334038992
 11
65.69209978830314
 21
141.8973665961008
  0
MTEXT
  5
1AF
100
AcDbEntity
  8
011. рукоятка размеры
  6
CONTINUOUS
 62
    0
370
   -2
100
AcDbMText
 10
63.03051609099482
 20
143.3818802754577
 30
0
 40
2.5
 41
3.888888888888889
 71
    5
 72
    1
  1
2.0
  7
standard
210
0
220
0
230
1
 50
18.4349488229197
 73
    2
 44
1
  0
SOLID
  5
1B0
100
AcDbEntity
  8
011. рукоятка размеры
  6
ByBlock
 62
   96
370
   -2
100
AcDbTrace
 10
59.05131670194949
 20
139.6837722339832
 30
0
 11
56.81124922417774
 21
138.4982805168774
 31
0
 12
56.5479676894686
 22
139.288125121005
 32
0
 13
56.5479676894686
 23
139.288125121005
 33
0
  0
SOLID
  5
1B1
100
AcDbEntity
  8
011. рукоятка размеры
  6
ByBlock
 62
   96
370
   -2
100
AcDbTrace
 10
60.94868329805051
 20
140.3162277660168
 30
0
 11
63.18875077582226
 21
141.5017194831226
 31
0
 12
63.4520323105314
 22
140.711874878995
 32
0
 13
63.4520323105314
 23
140.711874878995
 33
0
  0
ENDBLK
  5
75
330
73
100
AcDbEntity
  8
0
100
AcDbBlockEnd
  0
BLOCK
  5
77
330
76
100
AcDbEntity
  8
0
100
AcDbBlockBegin
  2
*D75
 70
    1
 10
0
 20
0
  3
*D75
  1

  0
LINE
  5
1B2
100
AcDbEntity
  8
011. рукоятка размеры
  6
ByBlock
 62
   96
370
   -2
100
AcDbLine
 10
48.96490150924588
 20
233.5859606036982
 11
61.03509849075415
 21
238.4140393963018
  0
MTEXT
  5
1B3
100
AcDbEntity
  8
011. рукоятка размеры
  6
CONTINUOUS
 62
    0
370
   -2
100
AcDbMText
 10
58.29093404880442
 20
239.7396977827324
 30
0
 40
2.5
 41
3.888888888889044
 71
    5
 72
    1
  1
3.0
  7
standard
210
0
220
0
230
1
 50
21.80140948635322
 73
    2
 44
1
  0
SOLID
  5
1B4
100
AcDbEntity
  8
011. рукоятка размеры
  6
ByBlock
 62
   96
370
   -2
100
AcDbTrace
 10
53.60728496367213
 20
235.4429139854688
 30
0
 11
51.44069747706511
 21
234.1279266930683
 31
0
 12
51.13148899585291
 22
234.9009478960987
 32
0
 13
51.13148899585291
 23
234.9009478960987
 33
0
  0
SOLID
  5
1B5
100
AcDbEntity
  8
011. рукоятка размеры
  6
ByBlock
 62
   96
370
   -2
100
AcDbTrace
 10
56.3927150363279
 20
236.5570860145312
 30
0
 11
58.55930252293492
 21
237.8720733069317
 31
0
 12
58.86851100414712
 22
237.0990521039013
 32
0
 13
58.86851100414712
 23
237.0990521039013
 33
0
  0
ENDBLK
  5
78
330
76
100
AcDbEntity
  8
0
100
AcDbBlockEnd
  0
BLOCK
  5
7A
330
79
100
AcDbEntity
  8
0
100
AcDbBlockBegin
  2
*D11
 70
    1
 10
0
 20
0
  3
*D11
  1

  0
LINE
  5
1B6
100
AcDbEntity
  8
02. дуло
  6
ByBlock
 62
   96
370
   -2
100
AcDbLine
 10
50.00000000000001
 20
267
 11
50
 21
174
  0
MTEXT
  5
1B7
100
AcDbEntity
  8
02. дуло
  6
CONTINUOUS
 62
    0
370
   -2
100
AcDbMText
 10
47.75
 20
220.5
 30
0
 40
2.5
 41
7.222222222222222
 71
    5
 72
    1
  1
120.0
  7
standard
210
0
220
0
230
1
 50
90
 73
    2
 44
1
  0
SOLID
  5
1B8
100
AcDbEntity
  8
02. дуло
  6
ByBlock
 62
   96
370
   -2
100
AcDbTrace
 10
50.00000000000001
 20
267
 30
0
 11
50.41628465777285
 21
264.5
 31
0
 12
49.58371534222717
 22
264.5
 32
0
 13
49.58371534222717
 23
264.5
 33
0
  0
SOLID
  5
1B9
100
AcDbEntity
  8
02. дуло
  6
ByBlock
 62
   96
370
   -2
100
AcDbTrace
 10
50
 20
174
 30
0
 11
49.58371534222716
 21
176.5
 31
0
 12
50.41628465777284
 22
176.5
 32
0
 13
50.41628465777284
 23
176.5
 33
0
  0
LINE
  5
1BA
100
AcDbEntity
  8
02. дуло
  6
ByBlock
 62
    0
370
   -2
100
AcDbLine
 10
89.375
 20
267
 11
48.75000000000001
 21
267
  0
LINE
  5
1BB
100
AcDbEntity
  8
02. дуло
  6
ByBlock
 62
    0
370
   -2
100
AcDbLine
 10
64.375
 20
174
 11
48.75
 21
174
  0
ENDBLK
  5
7B
330
79
100
AcDbEntity
  8
0
100
AcDbBlockEnd
  0
BLOCK
  5
7D
330
7C
100
AcDbEntity
  8
0
100
AcDbBlockBegin
  2
*D54
 70
    1
 10
0
 20
0
  3
*D54
  1

  0
LINE
  5
1BC
100
AcDbEntity
  8
011. рукоятка размеры
  6
ByBlock
 62
   96
370
   -2
100
AcDbLine
 10
50
 20
140
 11
50
 21
155
  0
MTEXT
  5
1BD
100
AcDbEntity
  8
011. рукоятка размеры
  6
CONTINUOUS
 62
    0
370
   -2
100
AcDbMText
 10
47.75
 20
147.5
 30
0
 40
2.5
 41
5.277777777777933
 71
    5
 72
    1
  1
15.0
  7
standard
210
0
220
0
230
1
 50
90
 73
    2
 44
1
  0
SOLID
  5
1BE
100
AcDbEntity
  8
011. рукоятка размеры
  6
ByBlock
 62
   96
370
   -2
100
AcDbTrace
 10
50
 20
140
 30
0
 11
49.58371534222716
 21
142.5
 31
0
 12
50.41628465777284
 22
142.5
 32
0
 13
50.41628465777284
 23
142.5
 33
0
  0
SOLID
  5
1BF
100
AcDbEntity
  8
011. рукоятка размеры
  6
ByBlock
 62
   96
370
   -2
100
AcDbTrace
 10
50
 20
155
 30
0
 11
50.41628465777284
 21
152.5
 31
0
 12
49.58371534222716
 22
152.5
 32
0
 13
49.58371534222716
 23
152.5
 33
0
  0
LINE
  5
1C0
100
AcDbEntity
  8
011. рукоятка размеры
  6
ByBlock
 62
    0
370
   -2
100
AcDbLine
 10
59.375
 20
140
 11
48.75
 21
140
  0
LINE
  5
1C1
100
AcDbEntity
  8
011. рукоятка размеры
  6
ByBlock
 62
    0
370
   -2
100
AcDbLine
 10
59.375
 20
155
 11
48.75
 21
155
  0
ENDBLK
  5
7E
330
7C
100
AcDbEntity
  8
0
100
AcDbBlockEnd
  0
BLOCK
  5
80
330
7F
100
AcDbEntity
  8
0
100
AcDbBlockBegin
  2
*D44
 70
    1
 10
0
 20
0
  3
*D44
  1

  0
LINE
  5
1C2
100
AcDbEntity
  8
011. рукоятка размеры
  6
ByBlock
 62
    0
370
   -2
100
AcDbLine
 10
125.5409490361228
 20
214.6788396127617
 11
159.3213569992365
 21
221.0451688171068
  0
LINE
  5
1C3
100
AcDbEntity
  8
011. рукоятка размеры
  6
ByBlock
 62
    0
370
   -2
100
AcDbLine
 10
175
 20
223.375
 11
175
 21
205.5453494659147
  0
ARC
  5
1C4
100
AcDbEntity
  8
011. рукоятка размеры
  6
ByBlock
 62
   96
370
   -2
100
AcDbCircle
 10
175
 20
224
 40
17.20465053408527
100
AcDbArc
 50
190.6729023339687
 51
270
  0
SOLID
  5
1C5
100
AcDbEntity
  8
011. рукоятка размеры
  6
ByBlock
 62
   96
370
   -2
100
AcDbTrace
 10
158.0929813786559
 20
220.8136664742178
 30
0
 11
159.1355096591137
 21
218.5035955444101
 31
0
 12
158.330694896393
 22
218.2904175368789
 32
0
 13
158.330694896393
 23
218.2904175368789
 33
0
  0
SOLID
  5
1C6
100
AcDbEntity
  8
011. рукоятка размеры
  6
ByBlock
 62
   96
370
   -2
100
AcDbTrace
 10
175
 20
206.7953494659147
 30
0
 11
172.4763770275394
 21
206.5616402252624
 31
0
 12
172.5368139588465
 22
207.3920130587067
 32
0
 13
172.5368139588465
 23
207.3920130587067
 33
0
  0
MTEXT
  5
1C7
100
AcDbEntity
  8
011. рукоятка размеры
  6
CONTINUOUS
 62
    0
370
   -2
100
AcDbMText
 10
164.6569247969243
 20
211.5255663745664
 30
0
 40
2.5
 41
9.444444444444756
 71
    8
 72
    1
  1
79.33%%D
  7
standard
210
0
220
0
230
1
 50
-39.66354883301561
 73
    2
 44
1
  0
ENDBLK
  5
81
330
7F
100
AcDbEntity
  8
0
100
AcDbBlockEnd
  0
BLOCK
  5
83
330
82
100
AcDbEntity
  8
0
100
AcDbBlockBegin
  2
*D43
 70
    1
 10
0
 20
0
  3
*D43
  1

  0
LINE
  5
1C8
100
AcDbEntity
  8
011. рукоятка размеры
  6
ByBlock
 62
   96
370
   -2
100
AcDbLine
 10
185
 20
264
 11
185
 21
224
  0
MTEXT
  5
1C9
100
AcDbEntity
  8
011. рукоятка размеры
  6
CONTINUOUS
 62
    0
370
   -2
100
AcDbMText
 10
182.75
 20
244
 30
0
 40
2.5
 41
6.111111111111112
 71
    5
 72
    1
  1
40.0
  7
standard
210
0
220
0
230
1
 50
90
 73
    2
 44
1
  0
SOLID
  5
1CA
100
AcDbEntity
  8
011. рукоятка размеры
  6
ByBlock
 62
   96
370
   -2
100
AcDbTrace
 10
185
 20
264
 30
0
 11
185.4162846577728
 21
261.5
 31
0
 12
184.5837153422272
 22
261.5
 32
0
 13
184.5837153422272
 23
261.5
 33
0
  0
SOLID
  5
1CB
100
AcDbEntity
  8
011. рукоятка размеры
  6
ByBlock
 62
   96
370
   -2
100
AcDbTrace
 10
185
 20
224
 30
0
 11
184.5837153422272
 21
226.5
 31
0
 12
185.4162846577728
 22
226.5
 32
0
 13
185.4162846577728
 23
226.5
 33
0
  0
LINE
  5
1CC
100
AcDbEntity
  8
011. рукоятка размеры
  6
ByBlock
 62
    0
370
   -2
100
AcDbLine
 10
175.625
 20
264
 11
186.25
 21
264
  0
LINE
  5
1CD
100
AcDbEntity
  8
011. рукоятка размеры
  6
ByBlock
 62
    0
370
   -2
100
AcDbLine
 10
175.625
 20
224
 11
186.25
 21
224
  0
ENDBLK
  5
84
330
82
100
AcDbEntity
  8
0
100
AcDbBlockEnd
  0
BLOCK
  5
86
330
85
100
AcDbEntity
  8
0
100
AcDbBlockBegin
  2
*D42
 70
    1
 10
0
 20
0
  3
*D42
  1

  0
LINE
  5
1CE
100
AcDbEntity
  8
011. рукоятка размеры
  6
ByBlock
 62
   96
370
   -2
100
AcDbLine
 10
55
 20
270
 11
65
 21
270
  0
MTEXT
  5
1CF
100
AcDbEntity
  8
011. рукоятка размеры
  6
CONTINUOUS
 62
    0
370
   -2
100
AcDbMText
 10
60
 20
272.25
 30
0
 40
2.5
 41
5.277777777777779
 71
    5
 72
    1
  1
10.0
  7
standard
210
0
220
0
230
1
 50
0
 73
    2
 44
1
  0
SOLID
  5
1D0
100
AcDbEntity
  8
011. рукоятка размеры
  6
ByBlock
 62
   96
370
   -2
100
AcDbTrace
 10
55
 20
270
 30
0
 11
57.5
 21
270.4162846577728
 31
0
 12
57.5
 22
269.5837153422272
 32
0
 13
57.5
 23
269.5837153422272
 33
0
  0
SOLID
  5
1D1
100
AcDbEntity
  8
011. рукоятка размеры
  6
ByBlock
 62
   96
370
   -2
100
AcDbTrace
 10
65
 20
270
 30
0
 11
62.5
 21
269.5837153422272
 31
0
 12
62.5
 22
270.4162846577728
 32
0
 13
62.5
 23
270.4162846577728
 33
0
  0
LINE
  5
1D2
100
AcDbEntity
  8
011. рукоятка размеры
  6
ByBlock
 62
    0
370
   -2
100
AcDbLine
 10
55
 20
260.625
 11
55
 21
271.25
  0
LINE
  5
1D3
100
AcDbEntity
  8
011. рукоятка размеры
  6
ByBlock
 62
    0
370
   -2
100
AcDbLine
 10
65
 20
260.625
 11
65
 21
271.25
  0
ENDBLK
  5
87
330
85
100
AcDbEntity
  8
0
100
AcDbBlockEnd
  0
BLOCK
  5
89
330
88
100
AcDbEntity
  8
0
100
AcDbBlockBegin
  2
*D30
 70
    1
 10
0
 20
0
  3
*D30
  1

  0
LINE
  5
1D4
100
AcDbEntity
  8
02. дуло
  6
ByBlock
 62
   96
370
   -2
100
AcDbLine
 10
100
 20
65
 11
100
 21
105
  0
MTEXT
  5
1D5
100
AcDbEntity
  8
02. дуло
  6
CONTINUOUS
 62
    0
370
   -2
100
AcDbMText
 10
97.75
 20
85
 30
0
 40
2.5
 41
6.111111111111112
 71
    5
 72
    1
  1
40.0
  7
standard
210
0
220
0
230
1
 50
90
 73
    2
 44
1
  0
SOLID
  5
1D6
100
AcDbEntity
  8
02. дуло
  6
ByBlock
 62
   96
370
   -2
100
AcDbTrace
 10
100
 20
65
 30
0
 11
99.58371534222717
 21
67.5
 31
0
 12
100.4162846577728
 22
67.5
 32
0
 13
100.4162846577728
 23
67.5
 33
0
  0
SOLID
  5
1D7
100
AcDbEntity
  8
02. дуло
  6
ByBlock
 62
   96
370
   -2
100
AcDbTrace
 10
100
 20
105
 30
0
 11
100.4162846577728
 21
102.5
 31
0
 12
99.58371534222717
 22
102.5
 32
0
 13
99.58371534222717
 23
102.5
 33
0
  0
LINE
  5
1D8
100
AcDbEntity
  8
02. дуло
  6
ByBlock
 62
    0
370
   -2
100
AcDbLine
 10
90.625
 20
65
 11
101.25
 21
65
  0
LINE
  5
1D9
100
AcDbEntity
  8
02. дуло
  6
ByBlock
 62
    0
370
   -2
100
AcDbLine
 10
75.625
 20
105
 11
101.25
 21
105
  0
ENDBLK
  5
8A
330
88
100
AcDbEntity
  8
0
100
AcDbBlockEnd
  0
BLOCK
  5
8C
330
8B
100
AcDbEntity
  8
0
100
AcDbBlockBegin
  2
*D14
 70
    1
 10
0
 20
0
  3
*D14
  1

  0
LINE
  5
1DA
100
AcDbEntity
  8
02. дуло
  6
ByBlock
 62
   96
370
   -2
100
AcDbLine
 10
60
 20
272
 11
90
 21
272
  0
MTEXT
  5
1DB
100
AcDbEntity
  8
02. дуло
  6
CONTINUOUS
 62
    0
370
   -2
100
AcDbMText
 10
75
 20
274.25
 30
0
 40
2.5
 41
5.833333333333488
 71
    5
 72
    1
  1
30.0
  7
standard
210
0
220
0
230
1
 50
0
 73
    2
 44
1
  0
SOLID
  5
1DC
100
AcDbEntity
  8
02. дуло
  6
ByBlock
 62
   96
370
   -2
100
AcDbTrace
 10
60
 20
272
 30
0
 11
62.5
 21
272.4162846577728
 31
0
 12
62.5
 22
271.5837153422272
 32
0
 13
62.5
 23
271.5837153422272
 33
0
  0
SOLID
  5
1DD
100
AcDbEntity
  8
02. дуло
  6
ByBlock
 62
   96
370
   -2
100
AcDbTrace
 10
90
 20
272
 30
0
 11
87.5
 21
271.5837153422272
 31
0
 12
87.5
 22
272.4162846577728
 32
0
 13
87.5
 23
272.4162846577728
 33
0
  0
LINE
  5
1DE
100
AcDbEntity
  8
02. дуло
  6
ByBlock
 62
    0
370
   -2
100
AcDbLine
 10
60
 20
267.625
 11
60
 21
273.25
  0
LINE
  5
1DF
100
AcDbEntity
  8
02. дуло
  6
ByBlock
 62
    0
370
   -2
100
AcDbLine
 10
90
 20
267.625
 11
90
 21
273.25
  0
ENDBLK
  5
8D
330
8B
100
AcDbEntity
  8
0
100
AcDbBlockEnd
  0
BLOCK
  5
8F
330
8E
100
AcDbEntity
  8
0
100
AcDbBlockBegin
  2
*D48
 70
    1
 10
0
 20
0
  3
*D48
  1

  0
LINE
  5
1E0
100
AcDbEntity
  8
013. рукоятка канал размеры
  6
ByBlock
 62
   96
370
   -2
100
AcDbLine
 10
102.9998611410157
 20
193
 11
95
 21
193
  0
MTEXT
  5
1E1
100
AcDbEntity
  8
013. рукоятка канал размеры
  6
CONTINUOUS
 62
    0
370
   -2
100
AcDbMText
 10
98.99993057050784
 20
195.25
 30
0
 40
2.5
 41
3.888888888888889
 71
    5
 72
    1
  1
8.0
  7
standard
210
0
220
0
230
1
 50
0
 73
    2
 44
1
  0
SOLID
  5
1E2
100
AcDbEntity
  8
013. рукоятка канал размеры
  6
ByBlock
 62
   96
370
   -2
100
AcDbTrace
 10
102.9998611410157
 20
193
 30
0
 11
100.4998611410157
 21
192.5837153422272
 31
0
 12
100.4998611410157
 22
193.4162846577728
 32
0
 13
100.4998611410157
 23
193.4162846577728
 33
0
  0
SOLID
  5
1E3
100
AcDbEntity
  8
013. рукоятка канал размеры
  6
ByBlock
 62
   96
370
   -2
100
AcDbTrace
 10
95
 20
193
 30
0
 11
97.5
 21
193.4162846577728
 31
0
 12
97.5
 22
192.5837153422272
 32
0
 13
97.5
 23
192.5837153422272
 33
0
  0
LINE
  5
1E4
100
AcDbEntity
  8
013. рукоятка канал размеры
  6
ByBlock
 62
    0
370
   -2
100
AcDbLine
 10
102.9998611410157
 20
209.8049306256362
 11
102.9998611410157
 21
191.75
  0
LINE
  5
1E5
100
AcDbEntity
  8
013. рукоятка канал размеры
  6
ByBlock
 62
    0
370
   -2
100
AcDbLine
 10
95
 20
201.375
 11
95
 21
191.75
  0
ENDBLK
  5
90
330
8E
100
AcDbEntity
  8
0
100
AcDbBlockEnd
  0
BLOCK
  5
92
330
91
100
AcDbEntity
  8
0
100
AcDbBlockBegin
  2
*D90
 70
    1
 10
0
 20
0
  3
*D90
  1

  0
LINE
  5
1E6
100
AcDbEntity
  8
03. сборочный чертеж
  6
ByBlock
 62
   96
370
   -2
100
AcDbLine
 10
75
 20
97.00000000000003
 11
75
 21
114
  0
MTEXT
  5
1E7
100
AcDbEntity
  8
03. сборочный чертеж
  6
CONTINUOUS
 62
    0
370
   -2
100
AcDbMText
 10
72.75
 20
105.5
 30
0
 40
2.5
 41
5.277777777777779
 71
    5
 72
    1
  1
17.0
  7
standard
210
0
220
0
230
1
 50
90
 73
    2
 44
1
  0
SOLID
  5
1E8
100
AcDbEntity
  8
03. сборочный чертеж
  6
ByBlock
 62
   96
370
   -2
100
AcDbTrace
 10
75
 20
97.00000000000003
 30
0
 11
74.58371534222717
 21
99.50000000000003
 31
0
 12
75.41628465777283
 22
99.50000000000003
 32
0
 13
75.41628465777283
 23
99.50000000000003
 33
0
  0
SOLID
  5
1E9
100
AcDbEntity
  8
03. сборочный чертеж
  6
ByBlock
 62
   96
370
   -2
100
AcDbTrace
 10
75
 20
114
 30
0
 11
75.41628465777283
 21
111.5
 31
0
 12
74.58371534222717
 22
111.5
 32
0
 13
74.58371534222717
 23
111.5
 33
0
  0
LINE
  5
1EA
100
AcDbEntity
  8
03. сборочный чертеж
  6
ByBlock
 62
    0
370
   -2
100
AcDbLine
 10
60.625
 20
97.00000000000003
 11
76.25
 21
97.00000000000003
  0
LINE
  5
1EB
100
AcDbEntity
  8
03. сборочный чертеж
  6
ByBlock
 62
    0
370
   -2
100
AcDbLine
 10
75.625
 20
114
 11
76.25
 21
114
  0
ENDBLK
  5
93
330
91
100
AcDbEntity
  8
0
100
AcDbBlockEnd
  0
BLOCK
  5
95
330
94
100
AcDbEntity
  8
0
100
AcDbBlockBegin
  2
*D15
 70
    1
 10
0
 20
0
  3
*D15
  1

  0
LINE
  5
1EC
100
AcDbEntity
  8
02. дуло
  6
ByBlock
 62
   96
370
   -2
100
AcDbLine
 10
59
 20
280
 11
91
 21
280
  0
MTEXT
  5
1ED
100
AcDbEntity
  8
02. дуло
  6
CONTINUOUS
 62
    0
370
   -2
100
AcDbMText
 10
75
 20
282.25
 30
0
 40
2.5
 41
5.833333333333488
 71
    5
 72
    1
  1
32.0
  7
standard
210
0
220
0
230
1
 50
0
 73
    2
 44
1
  0
SOLID
  5
1EE
100
AcDbEntity
  8
02. дуло
  6
ByBlock
 62
   96
370
   -2
100
AcDbTrace
 10
59
 20
280
 30
0
 11
61.5
 21
280.4162846577728
 31
0
 12
61.5
 22
279.5837153422272
 32
0
 13
61.5
 23
279.5837153422272
 33
0
  0
SOLID
  5
1EF
100
AcDbEntity
  8
02. дуло
  6
ByBlock
 62
   96
370
   -2
100
AcDbTrace
 10
91
 20
280
 30
0
 11
88.5
 21
279.5837153422272
 31
0
 12
88.5
 22
280.4162846577728
 32
0
 13
88.5
 23
280.4162846577728
 33
0
  0
LINE
  5
1F0
100
AcDbEntity
  8
02. дуло
  6
ByBlock
 62
    0
370
   -2
100
AcDbLine
 10
59
 20
267.625
 11
59
 21
281.25
  0
LINE
  5
1F1
100
AcDbEntity
  8
02. дуло
  6
ByBlock
 62
    0
370
   -2
100
AcDbLine
 10
91
 20
267.625
 11
91
 21
281.25
  0
ENDBLK
  5
96
330
94
100
AcDbEntity
  8
0
100
AcDbBlockEnd
  0
BLOCK
  5
98
330
97
100
AcDbEntity
  8
0
100
AcDbBlockBegin
  2
*D29
 70
    1
 10
0
 20
0
  3
*D29
  1

  0
LINE
  5
1F2
100
AcDbEntity
  8
02. дуло
  6
CONTINUOUS
 62
    7
370
    0
100
AcDbLine
 10
108
 20
103
 11
108
 21
96
  0
SOLID
  5
1F3
100
AcDbEntity
  8
02. дуло
  6
CONTINUOUS
 62
    7
370
    0
100
AcDbTrace
 10
108
 20
103
 30
0
 11
108.4162846577728
 21
100.5
 31
0
 12
107.5837153422272
 22
100.5
 32
0
 13
107.5837153422272
 23
100.5
 33
0
  0
ENDBLK
  5
99
330
97
100
AcDbEntity
  8
0
100
AcDbBlockEnd
  0
BLOCK
  5
9B
330
9A
100
AcDbEntity
  8
0
100
AcDbBlockBegin
  2
*D27
 70
    1
 10
0
 20
0
  3
*D27
  1

  0
LINE
  5
1F4
100
AcDbEntity
  8
02. дуло
  6
CONTINUOUS
 62
    7
370
    0
100
AcDbLine
 10
53
 20
122
 11
53
 21
115
  0
SOLID
  5
1F5
100
AcDbEntity
  8
02. дуло
  6
CONTINUOUS
 62
    7
370
    0
100
AcDbTrace
 10
53
 20
122
 30
0
 11
53.41628465777284
 21
119.5
 31
0
 12
52.58371534222716
 22
119.5
 32
0
 13
52.58371534222716
 23
119.5
 33
0
  0
ENDBLK
  5
9C
330
9A
100
AcDbEntity
  8
0
100
AcDbBlockEnd
  0
BLOCK
  5
9E
330
9D
100
AcDbEntity
  8
0
100
AcDbBlockBegin
  2
*D13
 70
    1
 10
0
 20
0
  3
*D13
  1

  0
LINE
  5
1F6
100
AcDbEntity
  8
02. дуло
  6
ByBlock
 62
   96
370
   -2
100
AcDbLine
 10
100
 20
267
 11
100
 21
124
  0
MTEXT
  5
1F7
100
AcDbEntity
  8
02. дуло
  6
CONTINUOUS
 62
    0
370
   -2
100
AcDbMText
 10
97.75
 20
195.5
 30
0
 40
2.5
 41
7.222222222222222
 71
    5
 72
    1
  1
170.0
  7
standard
210
0
220
0
230
1
 50
90
 73
    2
 44
1
  0
SOLID
  5
1F8
100
AcDbEntity
  8
02. дуло
  6
ByBlock
 62
   96
370
   -2
100
AcDbTrace
 10
100
 20
267
 30
0
 11
100.4162846577728
 21
264.5
 31
0
 12
99.58371534222717
 22
264.5
 32
0
 13
99.58371534222717
 23
264.5
 33
0
  0
SOLID
  5
1F9
100
AcDbEntity
  8
02. дуло
  6
ByBlock
 62
   96
370
   -2
100
AcDbTrace
 10
100
 20
124
 30
0
 11
99.58371534222717
 21
126.5
 31
0
 12
100.4162846577728
 22
126.5
 32
0
 13
100.4162846577728
 23
126.5
 33
0
  0
LINE
  5
1FA
100
AcDbEntity
  8
02. дуло
  6
ByBlock
 62
    0
370
   -2
100
AcDbLine
 10
91.625
 20
267
 11
101.25
 21
267
  0
LINE
  5
1FB
100
AcDbEntity
  8
02. дуло
  6
ByBlock
 62
    0
370
   -2
100
AcDbLine
 10
87.625
 20
124
 11
101.25
 21
124
  0
ENDBLK
  5
9F
330
9D
100
AcDbEntity
  8
0
100
AcDbBlockEnd
  0
BLOCK
  5
A1
330
A0
100
AcDbEntity
  8
0
100
AcDbBlockBegin
  2
*D26
 70
    1
 10
0
 20
0
  3
*D26
  1

  0
LINE
  5
1FC
100
AcDbEntity
  8
02. дуло
  6
CONTINUOUS
 62
    7
370
    0
100
AcDbLine
 10
53
 20
103
 11
53
 21
96
  0
SOLID
  5
1FD
100
AcDbEntity
  8
02. дуло
  6
CONTINUOUS
 62
    7
370
    0
100
AcDbTrace
 10
53
 20
103
 30
0
 11
53.41628465777284
 21
100.5
 31
0
 12
52.58371534222716
 22
100.5
 32
0
 13
52.58371534222716
 23
100.5
 33
0
  0
ENDBLK
  5
A2
330
A0
100
AcDbEntity
  8
0
100
AcDbBlockEnd
  0
BLOCK
  5
A4
330
A3
100
AcDbEntity
  8
0
100
AcDbBlockBegin
  2
*D25
 70
    1
 10
0
 20
0
  3
*D25
  1

  0
LINE
  5
1FE
100
AcDbEntity
  8
02. дуло
  6
ByBlock
 62
   96
370
   -2
100
AcDbLine
 10
127
 20
112.5000543997174
 11
127
 21
97.4998181414983
  0
MTEXT
  5
1FF
100
AcDbEntity
  8
02. дуло
  6
CONTINUOUS
 62
    0
370
   -2
100
AcDbMText
 10
124.75
 20
104.9999362706078
 30
0
 40
2.5
 41
3.888888888889044
 71
    5
 72
    1
  1
5.0
  7
standard
210
0
220
0
230
1
 50
90
 73
    2
 44
1
  0
SOLID
  5
200
100
AcDbEntity
  8
02. дуло
  6
ByBlock
 62
   96
370
   -2
100
AcDbTrace
 10
127
 20
107.5000543997174
 30
0
 11
126.5837153422272
 21
110.0000543997174
 31
0
 12
127.4162846577728
 22
110.0000543997174
 32
0
 13
127.4162846577728
 23
110.0000543997174
 33
0
  0
SOLID
  5
201
100
AcDbEntity
  8
02. дуло
  6
ByBlock
 62
   96
370
   -2
100
AcDbTrace
 10
127
 20
102.4998181414983
 30
0
 11
127.4162846577728
 21
99.9998181414983
 31
0
 12
126.5837153422272
 22
99.9998181414983
 32
0
 13
126.5837153422272
 23
99.9998181414983
 33
0
  0
LINE
  5
202
100
AcDbEntity
  8
02. дуло
  6
ByBlock
 62
    0
370
   -2
100
AcDbLine
 10
134.4206388119889
 20
107.5000543997174
 11
125.75
 21
107.5000543997174
  0
LINE
  5
203
100
AcDbEntity
  8
02. дуло
  6
ByBlock
 62
    0
370
   -2
100
AcDbLine
 10
134.5823748415362
 20
102.4998181414983
 11
125.75
 21
102.4998181414983
  0
ENDBLK
  5
A5
330
A3
100
AcDbEntity
  8
0
100
AcDbBlockEnd
  0
BLOCK
  5
A7
330
A6
100
AcDbEntity
  8
0
100
AcDbBlockBegin
  2
*D76
 70
    1
 10
0
 20
0
  3
*D76
  1

  0
LINE
  5
204
100
AcDbEntity
  8
011. рукоятка размеры
  6
ByBlock
 62
   96
370
   -2
100
AcDbLine
 10
48.96490150924183
 20
221.5859606037033
 11
61.03509849075822
 21
226.4140393963026
  0
MTEXT
  5
205
100
AcDbEntity
  8
011. рукоятка размеры
  6
CONTINUOUS
 62
    0
370
   -2
100
AcDbMText
 10
58.29093404880921
 20
227.7396977827347
 30
0
 40
2.5
 41
3.888888888889044
 71
    5
 72
    1
  1
3.0
  7
standard
210
0
220
0
230
1
 50
21.80140948632243
 73
    2
 44
1
  0
SOLID
  5
206
100
AcDbEntity
  8
011. рукоятка размеры
  6
ByBlock
 62
   96
370
   -2
100
AcDbTrace
 10
53.60728496366908
 20
223.4429139854714
 30
0
 11
51.44069747706135
 21
222.127926693072
 31
0
 12
51.13148899584957
 22
222.9009478961026
 32
0
 13
51.13148899584957
 23
222.9009478961026
 33
0
  0
SOLID
  5
207
100
AcDbEntity
  8
011. рукоятка размеры
  6
ByBlock
 62
   96
370
   -2
100
AcDbTrace
 10
56.39271503633097
 20
224.5570860145345
 30
0
 11
58.5593025229387
 21
225.8720733069339
 31
0
 12
58.86851100415048
 22
225.0990521039033
 32
0
 13
58.86851100415048
 23
225.0990521039033
 33
0
  0
ENDBLK
  5
A8
330
A6
100
AcDbEntity
  8
0
100
AcDbBlockEnd
  0
BLOCK
  5
AA
330
A9
100
AcDbEntity
  8
0
100
AcDbBlockBegin
  2
*D18
 70
    1
 10
0
 20
0
  3
*D18
  1

  0
LINE
  5
208
100
AcDbEntity
  8
02. дуло
  6
ByBlock
 62
   96
370
   -2
100
AcDbLine
 10
83
 20
209
 11
75
 21
209
  0
MTEXT
  5
209
100
AcDbEntity
  8
02. дуло
  6
CONTINUOUS
 62
    0
370
   -2
100
AcDbMText
 10
79
 20
211.25
 30
0
 40
2.5
 41
3.888888888888889
 71
    5
 72
    1
  1
8.0
  7
standard
210
0
220
0
230
1
 50
0
 73
    2
 44
1
  0
SOLID
  5
20A
100
AcDbEntity
  8
02. дуло
  6
ByBlock
 62
   96
370
   -2
100
AcDbTrace
 10
83
 20
209
 30
0
 11
80.5
 21
208.5837153422272
 31
0
 12
80.5
 22
209.4162846577728
 32
0
 13
80.5
 23
209.4162846577728
 33
0
  0
SOLID
  5
20B
100
AcDbEntity
  8
02. дуло
  6
ByBlock
 62
   96
370
   -2
100
AcDbTrace
 10
75
 20
209
 30
0
 11
77.5
 21
209.4162846577728
 31
0
 12
77.5
 22
208.5837153422272
 32
0
 13
77.5
 23
208.5837153422272
 33
0
  0
LINE
  5
20C
100
AcDbEntity
  8
02. дуло
  6
ByBlock
 62
    0
370
   -2
100
AcDbLine
 10
83
 20
204.625
 11
83
 21
210.25
  0
LINE
  5
20D
100
AcDbEntity
  8
02. дуло
  6
ByBlock
 62
    0
370
   -2
100
AcDbLine
 10
75
 20
209.375
 11
75
 21
207.75
  0
ENDBLK
  5
AB
330
A9
100
AcDbEntity
  8
0
100
AcDbBlockEnd
  0
BLOCK
  5
AD
330
AC
100
AcDbEntity
  8
0
100
AcDbBlockBegin
  2
*D69
 70
    1
 10
0
 20
0
  3
*D69
  1

  0
LINE
  5
20E
100
AcDbEntity
  8
011. рукоятка размеры
  6
ByBlock
 62
   96
370
   -2
100
AcDbLine
 10
50
 20
248
 11
50
 21
236
  0
MTEXT
  5
20F
100
AcDbEntity
  8
011. рукоятка размеры
  6
CONTINUOUS
 62
    0
370
   -2
100
AcDbMText
 10
47.75
 20
242
 30
0
 40
2.5
 41
5.277777777777779
 71
    5
 72
    1
  1
12.0
  7
standard
210
0
220
0
230
1
 50
90
 73
    2
 44
1
  0
SOLID
  5
210
100
AcDbEntity
  8
011. рукоятка размеры
  6
ByBlock
 62
   96
370
   -2
100
AcDbTrace
 10
50
 20
248
 30
0
 11
50.41628465777284
 21
245.5
 31
0
 12
49.58371534222716
 22
245.5
 32
0
 13
49.58371534222716
 23
245.5
 33
0
  0
SOLID
  5
211
100
AcDbEntity
  8
011. рукоятка размеры
  6
ByBlock
 62
   96
370
   -2
100
AcDbTrace
 10
50
 20
236
 30
0
 11
49.58371534222716
 21
238.5
 31
0
 12
50.41628465777284
 22
238.5
 32
0
 13
50.41628465777284
 23
238.5
 33
0
  0
LINE
  5
212
100
AcDbEntity
  8
011. рукоятка размеры
  6
ByBlock
 62
    0
370
   -2
100
AcDbLine
 10
54.375
 20
248
 11
48.75
 21
248
  0
LINE
  5
213
100
AcDbEntity
  8
011. рукоятка размеры
  6
ByBlock
 62
    0
370
   -2
100
AcDbLine
 10
54.375
 20
236
 11
48.75
 21
236
  0
ENDBLK
  5
AE
330
AC
100
AcDbEntity
  8
0
100
AcDbBlockEnd
  0
BLOCK
  5
B0
330
AF
100
AcDbEntity
  8
0
100
AcDbBlockBegin
  2
*D83
 70
    1
 10
0
 20
0
  3
*D83
  1

  0
LINE
  5
214
100
AcDbEntity
  8
011. рукоятка размеры
  6
ByBlock
 62
   96
370
   -2
100
AcDbLine
 10
79.39999999999999
 20
188.2
 11
86.60000000000001
 21
197.8
  0
MTEXT
  5
215
100
AcDbEntity
  8
011. рукоятка размеры
  6
CONTINUOUS
 62
    0
370
   -2
100
AcDbMText
 10
81.2
 20
194.35
 30
0
 40
2.5
 41
5.277777777777779
 71
    5
 72
    1
  1
12.0
  7
standard
210
0
220
0
230
1
 50
53.13010235415598
 73
    2
 44
1
  0
SOLID
  5
216
100
AcDbEntity
  8
011. рукоятка размеры
  6
ByBlock
 62
   96
370
   -2
100
AcDbTrace
 10
79.39999999999999
 20
188.2
 30
0
 11
80.56697227378172
 21
190.4497707946637
 31
0
 12
81.23302772621827
 22
189.9502292053363
 32
0
 13
81.23302772621827
 23
189.9502292053363
 33
0
  0
SOLID
  5
217
100
AcDbEntity
  8
011. рукоятка размеры
  6
ByBlock
 62
   96
370
   -2
100
AcDbTrace
 10
86.60000000000001
 20
197.8
 30
0
 11
85.43302772621828
 21
195.5502292053363
 31
0
 12
84.76697227378173
 22
196.0497707946637
 32
0
 13
84.76697227378173
 23
196.0497707946637
 33
0
  0
ENDBLK
  5
B1
330
AF
100
AcDbEntity
  8
0
100
AcDbBlockEnd
  0
BLOCK
  5
B3
330
B2
100
AcDbEntity
  8
0
100
AcDbBlockBegin
  2
*D39
 70
    1
 10
0
 20
0
  3
*D39
  1

  0
LINE
  5
218
100
AcDbEntity
  8
02. дуло
  6
CONTINUOUS
 62
    7
370
    0
100
AcDbLine
 10
53
 20
202
 11
53
 21
195
  0
SOLID
  5
219
100
AcDbEntity
  8
02. дуло
  6
CONTINUOUS
 62
    7
370
    0
100
AcDbTrace
 10
53
 20
202
 30
0
 11
53.41628465777284
 21
199.5
 31
0
 12
52.58371534222716
 22
199.5
 32
0
 13
52.58371534222716
 23
199.5
 33
0
  0
ENDBLK
  5
B4
330
B2
100
AcDbEntity
  8
0
100
AcDbBlockEnd
  0
BLOCK
  5
B6
330
B5
100
AcDbEntity
  8
0
100
AcDbBlockBegin
  2
*D77
 70
    1
 10
0
 20
0
  3
*D77
  1

  0
LINE
  5
21A
100
AcDbEntity
  8
011. рукоятка размеры
  6
ByBlock
 62
   96
370
   -2
100
AcDbLine
 10
48.96490150924588
 20
209.5859606036982
 11
61.03509849075415
 21
214.4140393963018
  0
MTEXT
  5
21B
100
AcDbEntity
  8
011. рукоятка размеры
  6
CONTINUOUS
 62
    0
370
   -2
100
AcDbMText
 10
58.29093404880442
 20
215.7396977827324
 30
0
 40
2.5
 41
3.888888888889044
 71
    5
 72
    1
  1
3.0
  7
standard
210
0
220
0
230
1
 50
21.80140948635322
 73
    2
 44
1
  0
SOLID
  5
21C
100
AcDbEntity
  8
011. рукоятка размеры
  6
ByBlock
 62
   96
370
   -2
100
AcDbTrace
 10
53.60728496367213
 20
211.4429139854688
 30
0
 11
51.44069747706511
 21
210.1279266930683
 31
0
 12
51.13148899585291
 22
210.9009478960987
 32
0
 13
51.13148899585291
 23
210.9009478960987
 33
0
  0
SOLID
  5
21D
100
AcDbEntity
  8
011. рукоятка размеры
  6
ByBlock
 62
   96
370
   -2
100
AcDbTrace
 10
56.3927150363279
 20
212.5570860145312
 30
0
 11
58.55930252293492
 21
213.8720733069317
 31
0
 12
58.86851100414712
 22
213.0990521039013
 32
0
 13
58.86851100414712
 23
213.0990521039013
 33
0
  0
ENDBLK
  5
B7
330
B5
100
AcDbEntity
  8
0
100
AcDbBlockEnd
  0
BLOCK
  5
B9
330
B8
100
AcDbEntity
  8
0
100
AcDbBlockBegin
  2
*D56
 70
    1
 10
0
 20
0
  3
*D56
  1

  0
LINE
  5
21E
100
AcDbEntity
  8
011. рукоятка размеры
  6
ByBlock
 62
   96
370
   -2
100
AcDbLine
 10
50
 20
125
 11
50
 21
140
  0
MTEXT
  5
21F
100
AcDbEntity
  8
011. рукоятка размеры
  6
CONTINUOUS
 62
    0
370
   -2
100
AcDbMText
 10
47.75
 20
132.5
 30
0
 40
2.5
 41
5.277777777777933
 71
    5
 72
    1
  1
15.0
  7
standard
210
0
220
0
230
1
 50
90
 73
    2
 44
1
  0
SOLID
  5
220
100
AcDbEntity
  8
011. рукоятка размеры
  6
ByBlock
 62
   96
370
   -2
100
AcDbTrace
 10
50
 20
125
 30
0
 11
49.58371534222716
 21
127.5
 31
0
 12
50.41628465777284
 22
127.5
 32
0
 13
50.41628465777284
 23
127.5
 33
0
  0
SOLID
  5
221
100
AcDbEntity
  8
011. рукоятка размеры
  6
ByBlock
 62
   96
370
   -2
100
AcDbTrace
 10
50
 20
140
 30
0
 11
50.41628465777284
 21
137.5
 31
0
 12
49.58371534222716
 22
137.5
 32
0
 13
49.58371534222716
 23
137.5
 33
0
  0
LINE
  5
222
100
AcDbEntity
  8
011. рукоятка размеры
  6
ByBlock
 62
    0
370
   -2
100
AcDbLine
 10
59.375
 20
125
 11
48.75
 21
125
  0
LINE
  5
223
100
AcDbEntity
  8
011. рукоятка размеры
  6
ByBlock
 62
    0
370
   -2
100
AcDbLine
 10
59.375
 20
140
 11
48.75
 21
140
  0
ENDBLK
  5
BA
330
B8
100
AcDbEntity
  8
0
100
AcDbBlockEnd
  0
BLOCK
  5
BC
330
BB
100
AcDbEntity
  8
0
100
AcDbBlockBegin
  2
*D20
 70
    1
 10
0
 20
0
  3
*D20
  1

  0
LINE
  5
224
100
AcDbEntity
  8
02. дуло
  6
ByBlock
 62
   96
370
   -2
100
AcDbLine
 10
70.75735931288085
 20
198.2426406871195
 11
79.24264068711915
 21
189.7573593128805
  0
MTEXT
  5
225
100
AcDbEntity
  8
02. дуло
  6
CONTINUOUS
 62
    0
370
   -2
100
AcDbMText
 10
79.38013367235
 20
192.8018468429892
 30
0
 40
2.5
 41
3.888888888888889
 71
    5
 72
    1
  1
2.0
  7
standard
210
0
220
0
230
1
 50
314.9999999999977
 73
    2
 44
1
  0
SOLID
  5
226
100
AcDbEntity
  8
02. дуло
  6
ByBlock
 62
   96
370
   -2
100
AcDbTrace
 10
74.29289321881345
 20
194.7071067811866
 30
0
 11
72.23076856143204
 21
196.180516029738
 31
0
 12
72.81948397026225
 22
196.7692314385681
 32
0
 13
72.81948397026225
 23
196.7692314385681
 33
0
  0
SOLID
  5
227
100
AcDbEntity
  8
02. дуло
  6
ByBlock
 62
   96
370
   -2
100
AcDbTrace
 10
75.70710678118655
 20
193.2928932188134
 30
0
 11
77.76923143856796
 21
191.819483970262
 31
0
 12
77.18051602973775
 22
191.2307685614319
 32
0
 13
77.18051602973775
 23
191.2307685614319
 33
0
  0
ENDBLK
  5
BD
330
BB
100
AcDbEntity
  8
0
100
AcDbBlockEnd
  0
BLOCK
  5
BF
330
BE
100
AcDbEntity
  8
0
100
AcDbBlockBegin
  2
*D47
 70
    1
 10
0
 20
0
  3
*D47
  1

  0
LINE
  5
228
100
AcDbEntity
  8
013. рукоятка канал размеры
  6
ByBlock
 62
   96
370
   -2
100
AcDbLine
 10
124.9267612258325
 20
193
 11
115.7748515938005
 21
193
  0
MTEXT
  5
229
100
AcDbEntity
  8
013. рукоятка канал размеры
  6
CONTINUOUS
 62
    0
370
   -2
100
AcDbMText
 10
120.3508064098165
 20
195.25
 30
0
 40
2.5
 41
3.888888888889044
 71
    5
 72
    1
  1
9.2
  7
standard
210
0
220
0
230
1
 50
0
 73
    2
 44
1
  0
SOLID
  5
22A
100
AcDbEntity
  8
013. рукоятка канал размеры
  6
ByBlock
 62
   96
370
   -2
100
AcDbTrace
 10
124.9267612258325
 20
193
 30
0
 11
122.4267612258325
 21
192.5837153422272
 31
0
 12
122.4267612258325
 22
193.4162846577728
 32
0
 13
122.4267612258325
 23
193.4162846577728
 33
0
  0
SOLID
  5
22B
100
AcDbEntity
  8
013. рукоятка канал размеры
  6
ByBlock
 62
   96
370
   -2
100
AcDbTrace
 10
115.7748515938005
 20
193
 30
0
 11
118.2748515938005
 21
193.4162846577728
 31
0
 12
118.2748515938005
 22
192.5837153422272
 32
0
 13
118.2748515938005
 23
192.5837153422272
 33
0
  0
LINE
  5
22C
100
AcDbEntity
  8
013. рукоятка канал размеры
  6
ByBlock
 62
    0
370
   -2
100
AcDbLine
 10
124.9267612258325
 20
213.9380884413172
 11
124.9267612258325
 21
191.75
  0
LINE
  5
22D
100
AcDbEntity
  8
013. рукоятка канал размеры
  6
ByBlock
 62
    0
370
   -2
100
AcDbLine
 10
115.7748515938005
 20
212.2132996338654
 11
115.7748515938005
 21
191.75
  0
ENDBLK
  5
C0
330
BE
100
AcDbEntity
  8
0
100
AcDbBlockEnd
  0
BLOCK
  5
C2
330
C1
100
AcDbEntity
  8
0
100
AcDbBlockBegin
  2
*D31
 70
    1
 10
0
 20
0
  3
*D31
  1

  0
LINE
  5
22E
100
AcDbEntity
  8
014. рукоятка вид сверху
  6
ByBlock
 62
   96
370
   -2
100
AcDbLine
 10
142
 20
202
 11
158
 21
202
  0
MTEXT
  5
22F
100
AcDbEntity
  8
014. рукоятка вид сверху
  6
CONTINUOUS
 62
    0
370
   -2
100
AcDbMText
 10
150
 20
204.25
 30
0
 40
2.5
 41
3.888888888889044
 71
    5
 72
    1
  1
6.0
  7
standard
210
0
220
0
230
1
 50
0
 73
    2
 44
1
  0
SOLID
  5
230
100
AcDbEntity
  8
014. рукоятка вид сверху
  6
ByBlock
 62
   96
370
   -2
100
AcDbTrace
 10
147
 20
202
 30
0
 11
144.5
 21
201.5837153422272
 31
0
 12
144.5
 22
202.4162846577728
 32
0
 13
144.5
 23
202.4162846577728
 33
0
  0
SOLID
  5
231
100
AcDbEntity
  8
014. рукоятка вид сверху
  6
ByBlock
 62
   96
370
   -2
100
AcDbTrace
 10
153
 20
202
 30
0
 11
155.5
 21
202.4162846577728
 31
0
 12
155.5
 22
201.5837153422272
 32
0
 13
155.5
 23
201.5837153422272
 33
0
  0
LINE
  5
232
100
AcDbEntity
  8
014. рукоятка вид сверху
  6
ByBlock
 62
    0
370
   -2
100
AcDbLine
 10
147
 20
199.625
 11
147
 21
203.25
  0
LINE
  5
233
100
AcDbEntity
  8
014. рукоятка вид сверху
  6
ByBlock
 62
    0
370
   -2
100
AcDbLine
 10
153
 20
199.625
 11
153
 21
203.25
  0
ENDBLK
  5
C3
330
C1
100
AcDbEntity
  8
0
100
AcDbBlockEnd
  0
BLOCK
  5
C5
330
C4
100
AcDbEntity
  8
0
100
AcDbBlockBegin
  2
*D73
 70
    1
 10
0
 20
0
  3
*D73
  1

  0
LINE
  5
234
100
AcDbEntity
  8
011. рукоятка размеры
  6
ByBlock
 62
   96
370
   -2
100
AcDbLine
 10
40.00000000000001
 20
260
 11
40
 21
200
  0
MTEXT
  5
235
100
AcDbEntity
  8
011. рукоятка размеры
  6
CONTINUOUS
 62
    0
370
   -2
100
AcDbMText
 10
37.75
 20
230
 30
0
 40
2.5
 41
5.833333333333488
 71
    5
 72
    1
  1
60.0
  7
standard
210
0
220
0
230
1
 50
90
 73
    2
 44
1
  0
SOLID
  5
236
100
AcDbEntity
  8
011. рукоятка размеры
  6
ByBlock
 62
   96
370
   -2
100
AcDbTrace
 10
40.00000000000001
 20
260
 30
0
 11
40.41628465777285
 21
257.5
 31
0
 12
39.58371534222717
 22
257.5
 32
0
 13
39.58371534222717
 23
257.5
 33
0
  0
SOLID
  5
237
100
AcDbEntity
  8
011. рукоятка размеры
  6
ByBlock
 62
   96
370
   -2
100
AcDbTrace
 10
40
 20
200
 30
0
 11
39.58371534222716
 21
202.5
 31
0
 12
40.41628465777284
 22
202.5
 32
0
 13
40.41628465777284
 23
202.5
 33
0
  0
LINE
  5
238
100
AcDbEntity
  8
011. рукоятка размеры
  6
ByBlock
 62
    0
370
   -2
100
AcDbLine
 10
54.37500000000001
 20
260
 11
38.75000000000001
 21
260
  0
LINE
  5
239
100
AcDbEntity
  8
011. рукоятка размеры
  6
ByBlock
 62
    0
370
   -2
100
AcDbLine
 10
54.375
 20
200
 11
38.75
 21
200
  0
ENDBLK
  5
C6
330
C4
100
AcDbEntity
  8
0
100
AcDbBlockEnd
  0
BLOCK
  5
C8
330
C7
100
AcDbEntity
  8
0
100
AcDbBlockBegin
  2
*D2
 70
    1
 10
0
 20
0
  3
*D2
  1

  0
LINE
  5
23A
100
AcDbEntity
  8
02. дуло
  6
ByBlock
 62
   96
370
   -2
100
AcDbLine
 10
40.00000000000001
 20
267
 11
40
 21
65
  0
MTEXT
  5
23B
100
AcDbEntity
  8
02. дуло
  6
CONTINUOUS
 62
    0
370
   -2
100
AcDbMText
 10
37.75000000000001
 20
166
 30
0
 40
2.5
 41
7.777777777777933
 71
    5
 72
    1
  1
300.0
  7
standard
210
0
220
0
230
1
 50
90
 73
    2
 44
1
  0
SOLID
  5
23C
100
AcDbEntity
  8
02. дуло
  6
ByBlock
 62
   96
370
   -2
100
AcDbTrace
 10
40.00000000000001
 20
267
 30
0
 11
40.41628465777286
 21
264.5
 31
0
 12
39.58371534222717
 22
264.5
 32
0
 13
39.58371534222717
 23
264.5
 33
0
  0
SOLID
  5
23D
100
AcDbEntity
  8
02. дуло
  6
ByBlock
 62
   96
370
   -2
100
AcDbTrace
 10
40
 20
65
 30
0
 11
39.58371534222716
 21
67.5
 31
0
 12
40.41628465777284
 22
67.5
 32
0
 13
40.41628465777284
 23
67.5
 33
0
  0
LINE
  5
23E
100
AcDbEntity
  8
02. дуло
  6
ByBlock
 62
    0
370
   -2
100
AcDbLine
 10
59.375
 20
267
 11
38.75000000000001
 21
267
  0
LINE
  5
23F
100
AcDbEntity
  8
02. дуло
  6
ByBlock
 62
    0
370
   -2
100
AcDbLine
 10
59.375
 20
65
 11
38.75
 21
65
  0
ENDBLK
  5
C9
330
C7
100
AcDbEntity
  8
0
100
AcDbBlockEnd
  0
BLOCK
  5
CB
330
CA
100
AcDbEntity
  8
0
100
AcDbBlockBegin
  2
*D37
 70
    1
 10
0
 20
0
  3
*D37
  1

  0
LINE
  5
240
100
AcDbEntity
  8
02. дуло
  6
CONTINUOUS
 62
    7
370
    0
100
AcDbLine
 10
53
 20
192
 11
53
 21
185
  0
SOLID
  5
241
100
AcDbEntity
  8
02. дуло
  6
CONTINUOUS
 62
    7
370
    0
100
AcDbTrace
 10
53
 20
192
 30
0
 11
53.41628465777284
 21
189.5
 31
0
 12
52.58371534222716
 22
189.5
 32
0
 13
52.58371534222716
 23
189.5
 33
0
  0
ENDBLK
  5
CC
330
CA
100
AcDbEntity
  8
0
100
AcDbBlockEnd
  0
BLOCK
  5
CE
330
CD
100
AcDbEntity
  8
0
100
AcDbBlockBegin
  2
*D64
 70
    1
 10
0
 20
0
  3
*D64
  1

  0
LINE
  5
242
100
AcDbEntity
  8
011. рукоятка размеры
  6
ByBlock
 62
   96
370
   -2
100
AcDbLine
 10
54.30790021169702
 20
153.1026334038986
 11
65.69209978830297
 21
156.8973665961014
  0
MTEXT
  5
243
100
AcDbEntity
  8
011. рукоятка размеры
  6
CONTINUOUS
 62
    0
370
   -2
100
AcDbMText
 10
63.03051609099449
 20
158.3818802754581
 30
0
 40
2.5
 41
3.888888888888889
 71
    5
 72
    1
  1
2.0
  7
standard
210
0
220
0
230
1
 50
18.43494882292587
 73
    2
 44
1
  0
SOLID
  5
244
100
AcDbEntity
  8
011. рукоятка размеры
  6
ByBlock
 62
   96
370
   -2
100
AcDbTrace
 10
59.05131670194949
 20
154.6837722339831
 30
0
 11
56.81124922417787
 21
153.4982805168771
 31
0
 12
56.54796768946864
 22
154.2881251210046
 32
0
 13
56.54796768946864
 23
154.2881251210046
 33
0
  0
SOLID
  5
245
100
AcDbEntity
  8
011. рукоятка размеры
  6
ByBlock
 62
   96
370
   -2
100
AcDbTrace
 10
60.94868329805051
 20
155.3162277660169
 30
0
 11
63.18875077582213
 21
156.5017194831229
 31
0
 12
63.45203231053136
 22
155.7118748789954
 32
0
 13
63.45203231053136
 23
155.7118748789954
 33
0
  0
ENDBLK
  5
CF
330
CD
100
AcDbEntity
  8
0
100
AcDbBlockEnd
  0
BLOCK
  5
D1
330
D0
100
AcDbEntity
  8
0
100
AcDbBlockBegin
  2
*D16
 70
    1
 10
0
 20
0
  3
*D16
  1

  0
LINE
  5
246
100
AcDbEntity
  8
02. дуло
  6
ByBlock
 62
   96
370
   -2
100
AcDbLine
 10
65
 20
144
 11
85
 21
144
  0
MTEXT
  5
247
100
AcDbEntity
  8
02. дуло
  6
CONTINUOUS
 62
    0
370
   -2
100
AcDbMText
 10
75
 20
146.25
 30
0
 40
2.5
 41
5.833333333333334
 71
    5
 72
    1
  1
20.0
  7
standard
210
0
220
0
230
1
 50
0
 73
    2
 44
1
  0
SOLID
  5
248
100
AcDbEntity
  8
02. дуло
  6
ByBlock
 62
   96
370
   -2
100
AcDbTrace
 10
65
 20
144
 30
0
 11
67.5
 21
144.4162846577728
 31
0
 12
67.5
 22
143.5837153422272
 32
0
 13
67.5
 23
143.5837153422272
 33
0
  0
SOLID
  5
249
100
AcDbEntity
  8
02. дуло
  6
ByBlock
 62
   96
370
   -2
100
AcDbTrace
 10
85
 20
144
 30
0
 11
82.5
 21
143.5837153422272
 31
0
 12
82.5
 22
144.4162846577728
 32
0
 13
82.5
 23
144.4162846577728
 33
0
  0
LINE
  5
24A
100
AcDbEntity
  8
02. дуло
  6
ByBlock
 62
    0
370
   -2
100
AcDbLine
 10
65
 20
150.375
 11
65
 21
142.75
  0
LINE
  5
24B
100
AcDbEntity
  8
02. дуло
  6
ByBlock
 62
    0
370
   -2
100
AcDbLine
 10
85
 20
150.375
 11
85
 21
142.75
  0
ENDBLK
  5
D2
330
D0
100
AcDbEntity
  8
0
100
AcDbBlockEnd
  0
BLOCK
  5
D4
330
D3
100
AcDbEntity
  8
0
100
AcDbBlockBegin
  2
*D23
 70
    1
 10
0
 20
0
  3
*D23
  1

  0
LINE
  5
24C
100
AcDbEntity
  8
02. дуло
  6
ByBlock
 62
   96
370
   -2
100
AcDbLine
 10
175
 20
112.5000008975618
 11
175
 21
97.4940397540789
  0
MTEXT
  5
24D
100
AcDbEntity
  8
02. дуло
  6
CONTINUOUS
 62
    0
370
   -2
100
AcDbMText
 10
172.75
 20
104.9970203258204
 30
0
 40
2.5
 41
3.888888888889044
 71
    5
 72
    1
  1
5.0
  7
standard
210
0
220
0
230
1
 50
90
 73
    2
 44
1
  0
SOLID
  5
24E
100
AcDbEntity
  8
02. дуло
  6
ByBlock
 62
   96
370
   -2
100
AcDbTrace
 10
175
 20
107.5000008975618
 30
0
 11
174.5837153422272
 21
110.0000008975618
 31
0
 12
175.4162846577728
 22
110.0000008975618
 32
0
 13
175.4162846577728
 23
110.0000008975618
 33
0
  0
SOLID
  5
24F
100
AcDbEntity
  8
02. дуло
  6
ByBlock
 62
   96
370
   -2
100
AcDbTrace
 10
175
 20
102.4940397540789
 30
0
 11
175.4162846577728
 21
99.9940397540789
 31
0
 12
174.5837153422272
 22
99.9940397540789
 32
0
 13
174.5837153422272
 23
99.9940397540789
 33
0
  0
LINE
  5
250
100
AcDbEntity
  8
02. дуло
  6
ByBlock
 62
    0
370
   -2
100
AcDbLine
 10
165.417655742516
 20
107.5000008975618
 11
176.25
 21
107.5000008975618
  0
LINE
  5
251
100
AcDbEntity
  8
02. дуло
  6
ByBlock
 62
    0
370
   -2
100
AcDbLine
 10
165.4166473609352
 20
102.4940397540789
 11
176.25
 21
102.4940397540789
  0
ENDBLK
  5
D5
330
D3
100
AcDbEntity
  8
0
100
AcDbBlockEnd
  0
BLOCK
  5
D7
330
D6
100
AcDbEntity
  8
0
100
AcDbBlockBegin
  2
*D80
 70
    1
 10
0
 20
0
  3
*D80
  1

  0
LINE
  5
252
100
AcDbEntity
  8
011. рукоятка размеры
  6
ByBlock
 62
   96
370
   -2
100
AcDbLine
 10
70.91434197711121
 20
229.8245581150636
 11
81.08565802288879
 21
242.1754418849364
  0
MTEXT
  5
253
100
AcDbEntity
  8
011. рукоятка размеры
  6
CONTINUOUS
 62
    0
370
   -2
100
AcDbMText
 10
74.26315696986164
 20
237.4303413189375
 30
0
 40
2.5
 41
5.277777777777933
 71
    5
 72
    1
  1
16.0
  7
standard
210
0
220
0
230
1
 50
50.52754015165617
 73
    2
 44
1
  0
SOLID
  5
254
100
AcDbEntity
  8
011. рукоятка размеры
  6
ByBlock
 62
   96
370
   -2
100
AcDbTrace
 10
70.91434197711121
 20
229.8245581150636
 30
0
 11
72.1822673953056
 21
232.0190188803072
 31
0
 12
72.8249528232223
 22
231.4897485279052
 32
0
 13
72.8249528232223
 23
231.4897485279052
 33
0
  0
SOLID
  5
255
100
AcDbEntity
  8
011. рукоятка размеры
  6
ByBlock
 62
   96
370
   -2
100
AcDbTrace
 10
81.08565802288879
 20
242.1754418849364
 30
0
 11
79.8177326046944
 21
239.9809811196928
 31
0
 12
79.1750471767777
 22
240.5102514720948
 32
0
 13
79.1750471767777
 23
240.5102514720948
 33
0
  0
ENDBLK
  5
D8
330
D6
100
AcDbEntity
  8
0
100
AcDbBlockEnd
  0
BLOCK
  5
DA
330
D9
100
AcDbEntity
  8
0
100
AcDbBlockBegin
  2
*D66
 70
    1
 10
0
 20
0
  3
*D66
  1

  0
LINE
  5
256
100
AcDbEntity
  8
011. рукоятка размеры
  6
ByBlock
 62
   96
370
   -2
100
AcDbLine
 10
54.30790021169685
 20
123.1026334038992
 11
65.69209978830314
 21
126.8973665961008
  0
MTEXT
  5
257
100
AcDbEntity
  8
011. рукоятка размеры
  6
CONTINUOUS
 62
    0
370
   -2
100
AcDbMText
 10
63.03051609099482
 20
128.3818802754577
 30
0
 40
2.5
 41
3.888888888888889
 71
    5
 72
    1
  1
2.0
  7
standard
210
0
220
0
230
1
 50
18.4349488229197
 73
    2
 44
1
  0
SOLID
  5
258
100
AcDbEntity
  8
011. рукоятка размеры
  6
ByBlock
 62
   96
370
   -2
100
AcDbTrace
 10
59.05131670194949
 20
124.6837722339832
 30
0
 11
56.81124922417774
 21
123.4982805168774
 31
0
 12
56.5479676894686
 22
124.288125121005
 32
0
 13
56.5479676894686
 23
124.288125121005
 33
0
  0
SOLID
  5
259
100
AcDbEntity
  8
011. рукоятка размеры
  6
ByBlock
 62
   96
370
   -2
100
AcDbTrace
 10
60.94868329805051
 20
125.3162277660168
 30
0
 11
63.18875077582226
 21
126.5017194831226
 31
0
 12
63.4520323105314
 22
125.711874878995
 32
0
 13
63.4520323105314
 23
125.711874878995
 33
0
  0
ENDBLK
  5
DB
330
D9
100
AcDbEntity
  8
0
100
AcDbBlockEnd
  0
BLOCK
  5
DD
330
DC
100
AcDbEntity
  8
0
100
AcDbBlockBegin
  2
*D81
 70
    1
 10
0
 20
0
  3
*D81
  1

  0
LINE
  5
25A
100
AcDbEntity
  8
011. рукоятка размеры
  6
ByBlock
 62
   96
370
   -2
100
AcDbLine
 10
71.93133264396633
 20
210.3038657015529
 11
80.06866735603367
 21
221.6961342984471
  0
MTEXT
  5
25B
100
AcDbEntity
  8
011. рукоятка размеры
  6
CONTINUOUS
 62
    0
370
   -2
100
AcDbMText
 10
74.16909968978484
 20
217.307785935868
 30
0
 40
2.5
 41
5.555555555555555
 71
    5
 72
    1
  1
14.0
  7
standard
210
0
220
0
230
1
 50
54.46232220802545
 73
    2
 44
1
  0
SOLID
  5
25C
100
AcDbEntity
  8
011. рукоятка размеры
  6
ByBlock
 62
   96
370
   -2
100
AcDbTrace
 10
71.93133264396633
 20
210.3038657015529
 30
0
 11
73.04568336868448
 21
212.5801599221266
 31
0
 12
73.72317288784367
 22
212.0962388370129
 32
0
 13
73.72317288784367
 23
212.0962388370129
 33
0
  0
SOLID
  5
25D
100
AcDbEntity
  8
011. рукоятка размеры
  6
ByBlock
 62
   96
370
   -2
100
AcDbTrace
 10
80.06866735603367
 20
221.6961342984471
 30
0
 11
78.95431663131552
 21
219.4198400778734
 31
0
 12
78.27682711215633
 22
219.9037611629871
 32
0
 13
78.27682711215633
 23
219.9037611629871
 33
0
  0
ENDBLK
  5
DE
330
DC
100
AcDbEntity
  8
0
100
AcDbBlockEnd
  0
BLOCK
  5
E0
330
DF
100
AcDbEntity
  8
0
100
AcDbBlockBegin
  2
*D51
 70
    1
 10
0
 20
0
  3
*D51
  1

  0
LINE
  5
25E
100
AcDbEntity
  8
011. рукоятка размеры
  6
ByBlock
 62
   96
370
   -2
100
AcDbLine
 10
55
 20
93
 11
95
 21
93
  0
MTEXT
  5
25F
100
AcDbEntity
  8
011. рукоятка размеры
  6
CONTINUOUS
 62
    0
370
   -2
100
AcDbMText
 10
75
 20
95.25
 30
0
 40
2.5
 41
6.111111111111112
 71
    5
 72
    1
  1
40.0
  7
standard
210
0
220
0
230
1
 50
0
 73
    2
 44
1
  0
SOLID
  5
260
100
AcDbEntity
  8
011. рукоятка размеры
  6
ByBlock
 62
   96
370
   -2
100
AcDbTrace
 10
55
 20
93
 30
0
 11
57.5
 21
93.41628465777283
 31
0
 12
57.5
 22
92.58371534222717
 32
0
 13
57.5
 23
92.58371534222717
 33
0
  0
SOLID
  5
261
100
AcDbEntity
  8
011. рукоятка размеры
  6
ByBlock
 62
   96
370
   -2
100
AcDbTrace
 10
95
 20
93
 30
0
 11
92.5
 21
92.58371534222717
 31
0
 12
92.5
 22
93.41628465777283
 32
0
 13
92.5
 23
93.41628465777283
 33
0
  0
LINE
  5
262
100
AcDbEntity
  8
011. рукоятка размеры
  6
ByBlock
 62
    0
370
   -2
100
AcDbLine
 10
55
 20
99.375
 11
55
 21
91.75
  0
LINE
  5
263
100
AcDbEntity
  8
011. рукоятка размеры
  6
ByBlock
 62
    0
370
   -2
100
AcDbLine
 10
95
 20
120.555339887499
 11
95
 21
91.75
  0
ENDBLK
  5
E1
330
DF
100
AcDbEntity
  8
0
100
AcDbBlockEnd
  0
BLOCK
  5
E3
330
E2
100
AcDbEntity
  8
0
100
AcDbBlockBegin
  2
*D84
 70
    1
 10
0
 20
0
  3
*D84
  1

  0
LINE
  5
264
100
AcDbEntity
  8
011. рукоятка размеры
  6
ByBlock
 62
   96
370
   -2
100
AcDbLine
 10
70.99999999999999
 20
201
 11
83.00000000000001
 21
201
  0
MTEXT
  5
265
100
AcDbEntity
  8
011. рукоятка размеры
  6
CONTINUOUS
 62
    0
370
   -2
100
AcDbMText
 10
80.94444444444446
 20
203.25
 30
0
 40
2.5
 41
3.888888888888889
 71
    5
 72
    1
  1
2.0
  7
standard
210
0
220
0
230
1
 50
0
 73
    2
 44
1
  0
SOLID
  5
266
100
AcDbEntity
  8
011. рукоятка размеры
  6
ByBlock
 62
   96
370
   -2
100
AcDbTrace
 10
75.99999999999999
 20
201
 30
0
 11
73.49999999999999
 21
200.5837153422272
 31
0
 12
73.49999999999999
 22
201.4162846577728
 32
0
 13
73.49999999999999
 23
201.4162846577728
 33
0
  0
SOLID
  5
267
100
AcDbEntity
  8
011. рукоятка размеры
  6
ByBlock
 62
   96
370
   -2
100
AcDbTrace
 10
78.00000000000001
 20
201
 30
0
 11
80.50000000000001
 21
201.4162846577728
 31
0
 12
80.50000000000001
 22
200.5837153422272
 32
0
 13
80.50000000000001
 23
200.5837153422272
 33
0
  0
ENDBLK
  5
E4
330
E2
100
AcDbEntity
  8
0
100
AcDbBlockEnd
  0
BLOCK
  5
E6
330
E5
100
AcDbEntity
  8
0
100
AcDbBlockBegin
  2
*D35
 70
    1
 10
0
 20
0
  3
*D35
  1

  0
LINE
  5
268
100
AcDbEntity
  8
02. дуло
  6
CONTINUOUS
 62
    7
370
    0
100
AcDbLine
 10
53
 20
182
 11
53
 21
175
  0
SOLID
  5
269
100
AcDbEntity
  8
02. дуло
  6
CONTINUOUS
 62
    7
370
    0
100
AcDbTrace
 10
53
 20
182
 30
0
 11
53.41628465777284
 21
179.5
 31
0
 12
52.58371534222716
 22
179.5
 32
0
 13
52.58371534222716
 23
179.5
 33
0
  0
ENDBLK
  5
E7
330
E5
100
AcDbEntity
  8
0
100
AcDbBlockEnd
  0
BLOCK
  5
E9
330
E8
100
AcDbEntity
  8
0
100
AcDbBlockBegin
  2
*D55
 70
    1
 10
0
 20
0
  3
*D55
  1

  0
LINE
  5
26A
100
AcDbEntity
  8
011. рукоятка размеры
  6
ByBlock
 62
   96
370
   -2
100
AcDbLine
 10
50
 20
110
 11
50
 21
125
  0
MTEXT
  5
26B
100
AcDbEntity
  8
011. рукоятка размеры
  6
CONTINUOUS
 62
    0
370
   -2
100
AcDbMText
 10
47.75
 20
117.5
 30
0
 40
2.5
 41
5.277777777777933
 71
    5
 72
    1
  1
15.0
  7
standard
210
0
220
0
230
1
 50
90
 73
    2
 44
1
  0
SOLID
  5
26C
100
AcDbEntity
  8
011. рукоятка размеры
  6
ByBlock
 62
   96
370
   -2
100
AcDbTrace
 10
50
 20
110
 30
0
 11
49.58371534222716
 21
112.5
 31
0
 12
50.41628465777284
 22
112.5
 32
0
 13
50.41628465777284
 23
112.5
 33
0
  0
SOLID
  5
26D
100
AcDbEntity
  8
011. рукоятка размеры
  6
ByBlock
 62
   96
370
   -2
100
AcDbTrace
 10
50
 20
125
 30
0
 11
50.41628465777284
 21
122.5
 31
0
 12
49.58371534222716
 22
122.5
 32
0
 13
49.58371534222716
 23
122.5
 33
0
  0
LINE
  5
26E
100
AcDbEntity
  8
011. рукоятка размеры
  6
ByBlock
 62
    0
370
   -2
100
AcDbLine
 10
59.375
 20
110
 11
48.75
 21
110
  0
LINE
  5
26F
100
AcDbEntity
  8
011. рукоятка размеры
  6
ByBlock
 62
    0
370
   -2
100
AcDbLine
 10
59.375
 20
125
 11
48.75
 21
125
  0
ENDBLK
  5
EA
330
E8
100
AcDbEntity
  8
0
100
AcDbBlockEnd
  0
BLOCK
  5
EC
330
EB
100
AcDbEntity
  8
0
100
AcDbBlockBegin
  2
*D17
 70
    1
 10
0
 20
0
  3
*D17
  1

  0
LINE
  5
270
100
AcDbEntity
  8
02. дуло
  6
ByBlock
 62
   96
370
   -2
100
AcDbLine
 10
67
 20
189
 11
75
 21
189
  0
MTEXT
  5
271
100
AcDbEntity
  8
02. дуло
  6
CONTINUOUS
 62
    0
370
   -2
100
AcDbMText
 10
71
 20
191.25
 30
0
 40
2.5
 41
3.888888888888889
 71
    5
 72
    1
  1
8.0
  7
standard
210
0
220
0
230
1
 50
0
 73
    2
 44
1
  0
SOLID
  5
272
100
AcDbEntity
  8
02. дуло
  6
ByBlock
 62
   96
370
   -2
100
AcDbTrace
 10
67
 20
189
 30
0
 11
69.5
 21
189.4162846577728
 31
0
 12
69.5
 22
188.5837153422272
 32
0
 13
69.5
 23
188.5837153422272
 33
0
  0
SOLID
  5
273
100
AcDbEntity
  8
02. дуло
  6
ByBlock
 62
   96
370
   -2
100
AcDbTrace
 10
75
 20
189
 30
0
 11
72.5
 21
188.5837153422272
 31
0
 12
72.5
 22
189.4162846577728
 32
0
 13
72.5
 23
189.4162846577728
 33
0
  0
LINE
  5
274
100
AcDbEntity
  8
02. дуло
  6
ByBlock
 62
    0
370
   -2
100
AcDbLine
 10
67
 20
184.625
 11
67
 21
190.25
  0
LINE
  5
275
100
AcDbEntity
  8
02. дуло
  6
ByBlock
 62
    0
370
   -2
100
AcDbLine
 10
75
 20
184.625
 11
75
 21
190.25
  0
ENDBLK
  5
ED
330
EB
100
AcDbEntity
  8
0
100
AcDbBlockEnd
  0
BLOCK
  5
EF
330
EE
100
AcDbEntity
  8
0
100
AcDbBlockBegin
  2
*D72
 70
    1
 10
0
 20
0
  3
*D72
  1

  0
LINE
  5
276
100
AcDbEntity
  8
011. рукоятка размеры
  6
ByBlock
 62
   96
370
   -2
100
AcDbLine
 10
50
 20
212
 11
50
 21
200
  0
MTEXT
  5
277
100
AcDbEntity
  8
011. рукоятка размеры
  6
CONTINUOUS
 62
    0
370
   -2
100
AcDbMText
 10
47.75
 20
206
 30
0
 40
2.5
 41
5.277777777777779
 71
    5
 72
    1
  1
12.0
  7
standard
210
0
220
0
230
1
 50
90
 73
    2
 44
1
  0
SOLID
  5
278
100
AcDbEntity
  8
011. рукоятка размеры
  6
ByBlock
 62
   96
370
   -2
100
AcDbTrace
 10
50
 20
212
 30
0
 11
50.41628465777284
 21
209.5
 31
0
 12
49.58371534222716
 22
209.5
 32
0
 13
49.58371534222716
 23
209.5
 33
0
  0
SOLID
  5
279
100
AcDbEntity
  8
011. рукоятка размеры
  6
ByBlock
 62
   96
370
   -2
100
AcDbTrace
 10
50
 20
200
 30
0
 11
49.58371534222716
 21
202.5
 31
0
 12
50.41628465777284
 22
202.5
 32
0
 13
50.41628465777284
 23
202.5
 33
0
  0
LINE
  5
27A
100
AcDbEntity
  8
011. рукоятка размеры
  6
ByBlock
 62
    0
370
   -2
100
AcDbLine
 10
54.375
 20
212
 11
48.75
 21
212
  0
LINE
  5
27B
100
AcDbEntity
  8
011. рукоятка размеры
  6
ByBlock
 62
    0
370
   -2
100
AcDbLine
 10
54.375
 20
200
 11
48.75
 21
200
  0
ENDBLK
  5
F0
330
EE
100
AcDbEntity
  8
0
100
AcDbBlockEnd
  0
BLOCK
  5
F2
330
F1
100
AcDbEntity
  8
0
100
AcDbBlockBegin
  2
*D62
 70
    1
 10
0
 20
0
  3
*D62
  1

  0
LINE
  5
27C
100
AcDbEntity
  8
011. рукоятка размеры
  6
ByBlock
 62
   96
370
   -2
100
AcDbLine
 10
84.30790021169703
 20
153.1026334038986
 11
95.69209978830295
 21
156.8973665961014
  0
MTEXT
  5
27D
100
AcDbEntity
  8
011. рукоятка размеры
  6
CONTINUOUS
 62
    0
370
   -2
100
AcDbMText
 10
93.03051609099447
 20
158.3818802754581
 30
0
 40
2.5
 41
3.888888888888889
 71
    5
 72
    1
  1
2.0
  7
standard
210
0
220
0
230
1
 50
18.434948822926
 73
    2
 44
1
  0
SOLID
  5
27E
100
AcDbEntity
  8
011. рукоятка размеры
  6
ByBlock
 62
   96
370
   -2
100
AcDbTrace
 10
89.05131670194949
 20
154.6837722339831
 30
0
 11
86.81124922417787
 21
153.4982805168771
 31
0
 12
86.54796768946865
 22
154.2881251210046
 32
0
 13
86.54796768946865
 23
154.2881251210046
 33
0
  0
SOLID
  5
27F
100
AcDbEntity
  8
011. рукоятка размеры
  6
ByBlock
 62
   96
370
   -2
100
AcDbTrace
 10
90.9486832980505
 20
155.3162277660169
 30
0
 11
93.18875077582211
 21
156.5017194831229
 31
0
 12
93.45203231053134
 22
155.7118748789954
 32
0
 13
93.45203231053134
 23
155.7118748789954
 33
0
  0
ENDBLK
  5
F3
330
F1
100
AcDbEntity
  8
0
100
AcDbBlockEnd
  0
BLOCK
  5
F5
330
F4
100
AcDbEntity
  8
0
100
AcDbBlockBegin
  2
*D1
 70
    1
 10
0
 20
0
  3
*D1
  1

  0
LINE
  5
280
100
AcDbEntity
  8
02. дуло
  6
ByBlock
 62
   96
370
   -2
100
AcDbLine
 10
69.69669914110092
 20
99.69669914110084
 11
80.30330085889908
 21
110.3033008588992
  0
MTEXT
  5
281
100
AcDbEntity
  8
02. дуло
  6
CONTINUOUS
 62
    0
370
   -2
100
AcDbMText
 10
73.40900974233026
 20
106.5909902576697
 30
0
 40
2.5
 41
3.888888888889044
 71
    5
 72
    1
  1
5.0
  7
standard
210
0
220
0
230
1
 50
45.00000000000046
 73
    2
 44
1
  0
SOLID
  5
282
100
AcDbEntity
  8
02. дуло
  6
ByBlock
 62
   96
370
   -2
100
AcDbTrace
 10
73.23223304703363
 20
103.2322330470336
 30
0
 11
71.75882379848238
 21
101.1701083896521
 31
0
 12
71.17010838965217
 22
101.7588237984823
 32
0
 13
71.17010838965217
 23
101.7588237984823
 33
0
  0
SOLID
  5
283
100
AcDbEntity
  8
02. дуло
  6
ByBlock
 62
   96
370
   -2
100
AcDbTrace
 10
76.76776695296637
 20
106.7677669529664
 30
0
 11
78.24117620151762
 21
108.8298916103479
 31
0
 12
78.82989161034783
 22
108.2411762015177
 32
0
 13
78.82989161034783
 23
108.2411762015177
 33
0
  0
ENDBLK
  5
F6
330
F4
100
AcDbEntity
  8
0
100
AcDbBlockEnd
  0
BLOCK
  5
F8
330
F7
100
AcDbEntity
  8
0
100
AcDbBlockBegin
  2
*D79
 70
    1
 10
0
 20
0
  3
*D79
  1

  0
LINE
  5
284
100
AcDbEntity
  8
013. рукоятка канал размеры
  6
ByBlock
 62
    0
370
   -2
100
AcDbLine
 10
100.9217567400897
 20
221.6160210821289
 11
100.0257474189866
 21
228.0472327515835
  0
LINE
  5
285
100
AcDbEntity
  8
013. рукоятка канал размеры
  6
ByBlock
 62
    0
370
   -2
100
AcDbLine
 10
113.8127567400898
 20
223.4120210821289
 11
112.9167474189867
 21
229.8432327515835
  0
LINE
  5
286
100
AcDbEntity
  8
013. рукоятка канал размеры
  6
ByBlock
 62
   96
370
   -2
100
AcDbLine
 10
100.1982339388072
 20
226.8091905873257
 11
113.0892339388073
 21
228.6051905873257
  0
MTEXT
  5
287
100
AcDbEntity
  8
013. рукоятка канал размеры
  6
CONTINUOUS
 62
    0
370
   -2
100
AcDbMText
 10
106.3332582031302
 20
229.9356664829898
 30
0
 40
2.5
 41
5.277777777777933
 71
    5
 72
    1
  1
13.0
  7
standard
210
0
220
0
230
1
 50
7.931507497209103
 73
    2
 44
1
  0
SOLID
  5
288
100
AcDbEntity
  8
013. рукоятка канал размеры
  6
ByBlock
 62
   96
370
   -2
100
AcDbTrace
 10
100.1982339388072
 20
226.8091905873257
 30
0
 11
102.6168754738237
 21
227.566465993892
 31
0
 12
102.731761060822
 22
226.7418612600417
 32
0
 13
102.731761060822
 23
226.7418612600417
 33
0
  0
SOLID
  5
289
100
AcDbEntity
  8
013. рукоятка канал размеры
  6
ByBlock
 62
   96
370
   -2
100
AcDbTrace
 10
113.0892339388073
 20
228.6051905873257
 30
0
 11
110.6705924037908
 21
227.8479151807594
 31
0
 12
110.5557068167925
 22
228.6725199146097
 32
0
 13
110.5557068167925
 23
228.6725199146097
 33
0
  0
ENDBLK
  5
F9
330
F7
100
AcDbEntity
  8
0
100
AcDbBlockEnd
  0
BLOCK
  5
FB
330
FA
100
AcDbEntity
  8
0
100
AcDbBlockBegin
  2
*D71
 70
    1
 10
0
 20
0
  3
*D71
  1

  0
LINE
  5
28A
100
AcDbEntity
  8
011. рукоятка размеры
  6
ByBlock
 62
   96
370
   -2
100
AcDbLine
 10
50
 20
224
 11
50
 21
212
  0
MTEXT
  5
28B
100
AcDbEntity
  8
011. рукоятка размеры
  6
CONTINUOUS
 62
    0
370
   -2
100
AcDbMText
 10
47.75
 20
218
 30
0
 40
2.5
 41
5.277777777777779
 71
    5
 72
    1
  1
12.0
  7
standard
210
0
220
0
230
1
 50
90
 73
    2
 44
1
  0
SOLID
  5
28C
100
AcDbEntity
  8
011. рукоятка размеры
  6
ByBlock
 62
   96
370
   -2
100
AcDbTrace
 10
50
 20
224
 30
0
 11
50.41628465777284
 21
221.5
 31
0
 12
49.58371534222716
 22
221.5
 32
0
 13
49.58371534222716
 23
221.5
 33
0
  0
SOLID
  5
28D
100
AcDbEntity
  8
011. рукоятка размеры
  6
ByBlock
 62
   96
370
   -2
100
AcDbTrace
 10
50
 20
212
 30
0
 11
49.58371534222716
 21
214.5
 31
0
 12
50.41628465777284
 22
214.5
 32
0
 13
50.41628465777284
 23
214.5
 33
0
  0
LINE
  5
28E
100
AcDbEntity
  8
011. рукоятка размеры
  6
ByBlock
 62
    0
370
   -2
100
AcDbLine
 10
54.375
 20
224
 11
48.75
 21
224
  0
LINE
  5
28F
100
AcDbEntity
  8
011. рукоятка размеры
  6
ByBlock
 62
    0
370
   -2
100
AcDbLine
 10
54.375
 20
212
 11
48.75
 21
212
  0
ENDBLK
  5
FC
330
FA
100
AcDbEntity
  8
0
100
AcDbBlockEnd
  0
BLOCK
  5
FE
330
FD
100
AcDbEntity
  8
0
100
AcDbBlockBegin
  2
*D57
 70
    1
 10
0
 20
0
  3
*D57
  1

  0
LINE
  5
290
100
AcDbEntity
  8
011. рукоятка размеры
  6
ByBlock
 62
   96
370
   -2
100
AcDbLine
 10
50
 20
100
 11
50
 21
110
  0
MTEXT
  5
291
100
AcDbEntity
  8
011. рукоятка размеры
  6
CONTINUOUS
 62
    0
370
   -2
100
AcDbMText
 10
47.75
 20
105
 30
0
 40
2.5
 41
5.277777777777779
 71
    5
 72
    1
  1
10.0
  7
standard
210
0
220
0
230
1
 50
90
 73
    2
 44
1
  0
SOLID
  5
292
100
AcDbEntity
  8
011. рукоятка размеры
  6
ByBlock
 62
   96
370
   -2
100
AcDbTrace
 10
50
 20
100
 30
0
 11
49.58371534222716
 21
102.5
 31
0
 12
50.41628465777284
 22
102.5
 32
0
 13
50.41628465777284
 23
102.5
 33
0
  0
SOLID
  5
293
100
AcDbEntity
  8
011. рукоятка размеры
  6
ByBlock
 62
   96
370
   -2
100
AcDbTrace
 10
50
 20
110
 30
0
 11
50.41628465777284
 21
107.5
 31
0
 12
49.58371534222716
 22
107.5
 32
0
 13
49.58371534222716
 23
107.5
 33
0
  0
LINE
  5
294
100
AcDbEntity
  8
011. рукоятка размеры
  6
ByBlock
 62
    0
370
   -2
100
AcDbLine
 10
54.375
 20
100
 11
48.75
 21
100
  0
LINE
  5
295
100
AcDbEntity
  8
011. рукоятка размеры
  6
ByBlock
 62
    0
370
   -2
100
AcDbLine
 10
59.375
 20
110
 11
48.75
 21
110
  0
ENDBLK
  5
FF
330
FD
100
AcDbEntity
  8
0
100
AcDbBlockEnd
  0
BLOCK
  5
101
330
100
100
AcDbEntity
  8
0
100
AcDbBlockBegin
  2
*D58
 70
    1
 10
0
 20
0
  3
*D58
  1

  0
LINE
  5
296
100
AcDbEntity
  8
011. рукоятка размеры
  6
ByBlock
 62
   96
370
   -2
100
AcDbLine
 10
30.00000000000001
 20
260
 11
30
 21
100
  0
MTEXT
  5
297
100
AcDbEntity
  8
011. рукоятка размеры
  6
CONTINUOUS
 62
    0
370
   -2
100
AcDbMText
 10
27.75000000000001
 20
180
 30
0
 40
2.5
 41
7.222222222222378
 71
    5
 72
    1
  1
160.0
  7
standard
210
0
220
0
230
1
 50
90
 73
    2
 44
1
  0
SOLID
  5
298
100
AcDbEntity
  8
011. рукоятка размеры
  6
ByBlock
 62
   96
370
   -2
100
AcDbTrace
 10
30.00000000000001
 20
260
 30
0
 11
30.41628465777285
 21
257.5
 31
0
 12
29.58371534222717
 22
257.5
 32
0
 13
29.58371534222717
 23
257.5
 33
0
  0
SOLID
  5
299
100
AcDbEntity
  8
011. рукоятка размеры
  6
ByBlock
 62
   96
370
   -2
100
AcDbTrace
 10
30
 20
100
 30
0
 11
29.58371534222716
 21
102.5
 31
0
 12
30.41628465777284
 22
102.5
 32
0
 13
30.41628465777284
 23
102.5
 33
0
  0
LINE
  5
29A
100
AcDbEntity
  8
011. рукоятка размеры
  6
ByBlock
 62
    0
370
   -2
100
AcDbLine
 10
54.375
 20
260
 11
28.75000000000001
 21
260
  0
LINE
  5
29B
100
AcDbEntity
  8
011. рукоятка размеры
  6
ByBlock
 62
    0
370
   -2
100
AcDbLine
 10
54.375
 20
100
 11
28.75
 21
100
  0
ENDBLK
  5
102
330
100
100
AcDbEntity
  8
0
100
AcDbBlockEnd
  0
BLOCK
  5
104
330
103
100
AcDbEntity
  8
0
100
AcDbBlockBegin
  2
*D28
 70
    1
 10
0
 20
0
  3
*D28
  1

  0
LINE
  5
29C
100
AcDbEntity
  8
02. дуло
  6
CONTINUOUS
 62
    7
370
    0
100
AcDbLine
 10
108
 20
122
 11
108
 21
115
  0
SOLID
  5
29D
100
AcDbEntity
  8
02. дуло
  6
CONTINUOUS
 62
    7
370
    0
100
AcDbTrace
 10
108
 20
122
 30
0
 11
108.4162846577728
 21
119.5
 31
0
 12
107.5837153422272
 22
119.5
 32
0
 13
107.5837153422272
 23
119.5
 33
0
  0
ENDBLK
  5
105
330
103
100
AcDbEntity
  8
0
100
AcDbBlockEnd
  0
BLOCK
  5
107
330
106
100
AcDbEntity
  8
0
100
AcDbBlockBegin
  2
*D4
 70
    1
 10
0
 20
0
  3
*D4
  1

  0
LINE
  5
29E
100
AcDbEntity
  8
014. рукоятка вид сверху
  6
ByBlock
 62
   96
370
   -2
100
AcDbLine
 10
143.6360389693211
 20
233.3639610306789
 11
156.3639610306789
 21
220.6360389693211
  0
MTEXT
  5
29F
100
AcDbEntity
  8
014. рукоятка вид сверху
  6
CONTINUOUS
 62
    0
370
   -2
100
AcDbMText
 10
151.5909902576697
 20
228.5909902576697
 30
0
 40
2.5
 41
5.277777777777779
 71
    5
 72
    1
  1
18.0
  7
standard
210
0
220
0
230
1
 50
315
 73
    2
 44
1
  0
SOLID
  5
2A0
100
AcDbEntity
  8
014. рукоятка вид сверху
  6
ByBlock
 62
   96
370
   -2
100
AcDbTrace
 10
143.6360389693211
 20
233.3639610306789
 30
0
 11
145.6981636267026
 21
231.8905517821276
 31
0
 12
145.1094482178724
 22
231.3018363732974
 32
0
 13
145.1094482178724
 23
231.3018363732974
 33
0
  0
SOLID
  5
2A1
100
AcDbEntity
  8
014. рукоятка вид сверху
  6
ByBlock
 62
   96
370
   -2
100
AcDbTrace
 10
156.3639610306789
 20
220.6360389693211
 30
0
 11
154.3018363732974
 21
222.1094482178724
 31
0
 12
154.8905517821276
 22
222.6981636267026
 32
0
 13
154.8905517821276
 23
222.6981636267026
 33
0
  0
ENDBLK
  5
108
330
106
100
AcDbEntity
  8
0
100
AcDbBlockEnd
  0
BLOCK
  5
10A
330
109
100
AcDbEntity
  8
0
100
AcDbBlockBegin
  2
*D19
 70
    1
 10
0
 20
0
  3
*D19
  1

  0
LINE
  5
2A2
100
AcDbEntity
  8
02. дуло
  6
ByBlock
 62
   96
370
   -2
100
AcDbLine
 10
62.75735931288085
 20
188.2426406871195
 11
71.24264068711915
 21
179.7573593128805
  0
MTEXT
  5
2A3
100
AcDbEntity
  8
02. дуло
  6
CONTINUOUS
 62
    0
370
   -2
100
AcDbMText
 10
71.38013367235
 20
182.8018468429892
 30
0
 40
2.5
 41
3.888888888888889
 71
    5
 72
    1
  1
2.0
  7
standard
210
0
220
0
230
1
 50
314.9999999999977
 73
    2
 44
1
  0
SOLID
  5
2A4
100
AcDbEntity
  8
02. дуло
  6
ByBlock
 62
   96
370
   -2
100
AcDbTrace
 10
66.29289321881345
 20
184.7071067811866
 30
0
 11
64.23076856143204
 21
186.180516029738
 31
0
 12
64.81948397026225
 22
186.7692314385681
 32
0
 13
64.81948397026225
 23
186.7692314385681
 33
0
  0
SOLID
  5
2A5
100
AcDbEntity
  8
02. дуло
  6
ByBlock
 62
   96
370
   -2
100
AcDbTrace
 10
67.70710678118655
 20
183.2928932188134
 30
0
 11
69.76923143856796
 21
181.819483970262
 31
0
 12
69.18051602973775
 22
181.2307685614319
 32
0
 13
69.18051602973775
 23
181.2307685614319
 33
0
  0
ENDBLK
  5
10B
330
109
100
AcDbEntity
  8
0
100
AcDbBlockEnd
  0
BLOCK
  5
10D
330
10C
100
AcDbEntity
  8
0
100
AcDbBlockBegin
  2
*D7
 70
    1
 10
0
 20
0
  3
*D7
  1

  0
LINE
  5
2A6
100
AcDbEntity
  8
02. дуло
  6
ByBlock
 62
   96
370
   -2
100
AcDbLine
 10
65
 20
184
 11
65
 21
174
  0
MTEXT
  5
2A7
100
AcDbEntity
  8
02. дуло
  6
CONTINUOUS
 62
    0
370
   -2
100
AcDbMText
 10
62.75
 20
179
 30
0
 40
2.5
 41
5.277777777777779
 71
    5
 72
    1
  1
10.0
  7
standard
210
0
220
0
230
1
 50
90
 73
    2
 44
1
  0
SOLID
  5
2A8
100
AcDbEntity
  8
02. дуло
  6
ByBlock
 62
   96
370
   -2
100
AcDbTrace
 10
65
 20
184
 30
0
 11
65.41628465777283
 21
181.5
 31
0
 12
64.58371534222717
 22
181.5
 32
0
 13
64.58371534222717
 23
181.5
 33
0
  0
SOLID
  5
2A9
100
AcDbEntity
  8
02. дуло
  6
ByBlock
 62
   96
370
   -2
100
AcDbTrace
 10
65
 20
174
 30
0
 11
64.58371534222717
 21
176.5
 31
0
 12
65.41628465777283
 22
176.5
 32
0
 13
65.41628465777283
 23
176.5
 33
0
  0
LINE
  5
2AA
100
AcDbEntity
  8
02. дуло
  6
ByBlock
 62
    0
370
   -2
100
AcDbLine
 10
66.375
 20
184
 11
63.75
 21
184
  0
LINE
  5
2AB
100
AcDbEntity
  8
02. дуло
  6
ByBlock
 62
    0
370
   -2
100
AcDbLine
 10
64.375
 20
174
 11
63.75
 21
174
  0
ENDBLK
  5
10E
330
10C
100
AcDbEntity
  8
0
100
AcDbBlockEnd
  0
BLOCK
  5
110
330
10F
100
AcDbEntity
  8
0
100
AcDbBlockBegin
  2
*D88
 70
    1
 10
0
 20
0
  3
*D88
  1

  0
LINE
  5
2AC
100
AcDbEntity
  8
021. дуло сборочный чертеж
  6
ByBlock
 62
   96
370
   -2
100
AcDbLine
 10
85.04522727852475
 20
268.0452272785247
 11
85.04522727852475
 21
248.0452272785247
  0
MTEXT
  5
2AD
100
AcDbEntity
  8
021. дуло сборочный чертеж
  6
CONTINUOUS
 62
    0
370
   -2
100
AcDbMText
 10
82.79522727852475
 20
258.0452272785247
 30
0
 40
2.5
 41
5.833333333333334
 71
    5
 72
    1
  1
20.0
  7
standard
210
0
220
0
230
1
 50
90
 73
    2
 44
1
  0
SOLID
  5
2AE
100
AcDbEntity
  8
021. дуло сборочный чертеж
  6
ByBlock
 62
   96
370
   -2
100
AcDbTrace
 10
85.04522727852475
 20
268.0452272785247
 30
0
 11
85.46151193629758
 21
265.5452272785247
 31
0
 12
84.62894262075191
 22
265.5452272785247
 32
0
 13
84.62894262075191
 23
265.5452272785247
 33
0
  0
SOLID
  5
2AF
100
AcDbEntity
  8
021. дуло сборочный чертеж
  6
ByBlock
 62
   96
370
   -2
100
AcDbTrace
 10
85.04522727852475
 20
248.0452272785247
 30
0
 11
84.62894262075191
 21
250.5452272785247
 31
0
 12
85.46151193629758
 22
250.5452272785247
 32
0
 13
85.46151193629758
 23
250.5452272785247
 33
0
  0
LINE
  5
2B0
100
AcDbEntity
  8
021. дуло сборочный чертеж
  6
ByBlock
 62
    0
370
   -2
100
AcDbLine
 10
75.67022727852475
 20
268.0452272785247
 11
86.29522727852475
 21
268.0452272785247
  0
LINE
  5
2B1
100
AcDbEntity
  8
021. дуло сборочный чертеж
  6
ByBlock
 62
    0
370
   -2
100
AcDbLine
 10
75.67022727852475
 20
248.0452272785247
 11
86.29522727852475
 21
248.0452272785247
  0
ENDBLK
  5
111
330
10F
100
AcDbEntity
  8
0
100
AcDbBlockEnd
  0
BLOCK
  5
113
330
112
100
AcDbEntity
  8
0
100
AcDbBlockBegin
  2
*D61
 70
    1
 10
0
 20
0
  3
*D61
  1

  0
LINE
  5
2B2
100
AcDbEntity
  8
011. рукоятка размеры
  6
ByBlock
 62
   96
370
   -2
100
AcDbLine
 10
39.99999999999999
 20
100
 11
40
 21
193
  0
MTEXT
  5
2B3
100
AcDbEntity
  8
011. рукоятка размеры
  6
CONTINUOUS
 62
    0
370
   -2
100
AcDbMText
 10
37.75
 20
146.5
 30
0
 40
2.5
 41
5.833333333333645
 71
    5
 72
    1
  1
93.0
  7
standard
210
0
220
0
230
1
 50
90
 73
    2
 44
1
  0
SOLID
  5
2B4
100
AcDbEntity
  8
011. рукоятка размеры
  6
ByBlock
 62
   96
370
   -2
100
AcDbTrace
 10
39.99999999999999
 20
100
 30
0
 11
39.58371534222715
 21
102.5
 31
0
 12
40.41628465777283
 22
102.5
 32
0
 13
40.41628465777283
 23
102.5
 33
0
  0
SOLID
  5
2B5
100
AcDbEntity
  8
011. рукоятка размеры
  6
ByBlock
 62
   96
370
   -2
100
AcDbTrace
 10
40
 20
193
 30
0
 11
40.41628465777284
 21
190.5
 31
0
 12
39.58371534222716
 22
190.5
 32
0
 13
39.58371534222716
 23
190.5
 33
0
  0
LINE
  5
2B6
100
AcDbEntity
  8
011. рукоятка размеры
  6
ByBlock
 62
    0
370
   -2
100
AcDbLine
 10
54.375
 20
100
 11
38.74999999999999
 21
100
  0
LINE
  5
2B7
100
AcDbEntity
  8
011. рукоятка размеры
  6
ByBlock
 62
    0
370
   -2
100
AcDbLine
 10
59.375
 20
193
 11
38.75
 21
193
  0
ENDBLK
  5
114
330
112
100
AcDbEntity
  8
0
100
AcDbBlockEnd
  0
BLOCK
  5
116
330
115
100
AcDbEntity
  8
0
100
AcDbBlockBegin
  2
*D24
 70
    1
 10
0
 20
0
  3
*D24
  1

  0
LINE
  5
2B8
100
AcDbEntity
  8
02. дуло
  6
ByBlock
 62
   96
370
   -2
100
AcDbLine
 10
142.4975644613757
 20
80
 11
157.4972619698126
 21
80
  0
MTEXT
  5
2B9
100
AcDbEntity
  8
02. дуло
  6
CONTINUOUS
 62
    0
370
   -2
100
AcDbMText
 10
149.9974132155942
 20
82.25
 30
0
 40
2.5
 41
3.888888888889044
 71
    5
 72
    1
  1
5.0
  7
standard
210
0
220
0
230
1
 50
0
 73
    2
 44
1
  0
SOLID
  5
2BA
100
AcDbEntity
  8
02. дуло
  6
ByBlock
 62
   96
370
   -2
100
AcDbTrace
 10
147.4975644613757
 20
80
 30
0
 11
144.9975644613757
 21
79.58371534222717
 31
0
 12
144.9975644613757
 22
80.41628465777283
 32
0
 13
144.9975644613757
 23
80.41628465777283
 33
0
  0
SOLID
  5
2BB
100
AcDbEntity
  8
02. дуло
  6
ByBlock
 62
   96
370
   -2
100
AcDbTrace
 10
152.4972619698126
 20
80
 30
0
 11
154.9972619698126
 21
80.41628465777283
 31
0
 12
154.9972619698126
 22
79.58371534222717
 32
0
 13
154.9972619698126
 23
79.58371534222717
 33
0
  0
LINE
  5
2BC
100
AcDbEntity
  8
02. дуло
  6
ByBlock
 62
    0
370
   -2
100
AcDbLine
 10
147.4975644613757
 20
89.58217500379541
 11
147.4975644613757
 21
78.75
  0
LINE
  5
2BD
100
AcDbEntity
  8
02. дуло
  6
ByBlock
 62
    0
370
   -2
100
AcDbLine
 10
152.4972619698126
 20
89.58127315580839
 11
152.4972619698126
 21
78.75
  0
ENDBLK
  5
117
330
115
100
AcDbEntity
  8
0
100
AcDbBlockEnd
  0
BLOCK
  5
119
330
118
100
AcDbEntity
  8
0
100
AcDbBlockBegin
  2
*D8
 70
    1
 10
0
 20
0
  3
*D8
  1

  0
LINE
  5
2BE
100
AcDbEntity
  8
02. дуло
  6
ByBlock
 62
   96
370
   -2
100
AcDbLine
 10
65
 20
194
 11
65
 21
184
  0
MTEXT
  5
2BF
100
AcDbEntity
  8
02. дуло
  6
CONTINUOUS
 62
    0
370
   -2
100
AcDbMText
 10
62.75
 20
189
 30
0
 40
2.5
 41
5.277777777777779
 71
    5
 72
    1
  1
10.0
  7
standard
210
0
220
0
230
1
 50
90
 73
    2
 44
1
  0
SOLID
  5
2C0
100
AcDbEntity
  8
02. дуло
  6
ByBlock
 62
   96
370
   -2
100
AcDbTrace
 10
65
 20
194
 30
0
 11
65.41628465777283
 21
191.5
 31
0
 12
64.58371534222717
 22
191.5
 32
0
 13
64.58371534222717
 23
191.5
 33
0
  0
SOLID
  5
2C1
100
AcDbEntity
  8
02. дуло
  6
ByBlock
 62
   96
370
   -2
100
AcDbTrace
 10
65
 20
184
 30
0
 11
64.58371534222717
 21
186.5
 31
0
 12
65.41628465777283
 22
186.5
 32
0
 13
65.41628465777283
 23
186.5
 33
0
  0
LINE
  5
2C2
100
AcDbEntity
  8
02. дуло
  6
ByBlock
 62
    0
370
   -2
100
AcDbLine
 10
74.375
 20
194
 11
63.75
 21
194
  0
LINE
  5
2C3
100
AcDbEntity
  8
02. дуло
  6
ByBlock
 62
    0
370
   -2
100
AcDbLine
 10
66.375
 20
184
 11
63.75
 21
184
  0
ENDBLK
  5
11A
330
118
100
AcDbEntity
  8
0
100
AcDbBlockEnd
  0
BLOCK
  5
11C
330
11B
100
AcDbEntity
  8
0
100
AcDbBlockBegin
  2
*D22
 70
    1
 10
0
 20
0
  3
*D22
  1

  0
LINE
  5
2C4
100
AcDbEntity
  8
02. дуло
  6
ByBlock
 62
   96
370
   -2
100
AcDbLine
 10
142.5004855906683
 20
127
 11
157.50018307766
 21
127
  0
MTEXT
  5
2C5
100
AcDbEntity
  8
02. дуло
  6
CONTINUOUS
 62
    0
370
   -2
100
AcDbMText
 10
150.0003343341642
 20
129.25
 30
0
 40
2.5
 41
3.888888888889044
 71
    5
 72
    1
  1
5.0
  7
standard
210
0
220
0
230
1
 50
0
 73
    2
 44
1
  0
SOLID
  5
2C6
100
AcDbEntity
  8
02. дуло
  6
ByBlock
 62
   96
370
   -2
100
AcDbTrace
 10
147.5004855906683
 20
127
 30
0
 11
145.0004855906683
 21
126.5837153422272
 31
0
 12
145.0004855906683
 22
127.4162846577728
 32
0
 13
145.0004855906683
 23
127.4162846577728
 33
0
  0
SOLID
  5
2C7
100
AcDbEntity
  8
02. дуло
  6
ByBlock
 62
   96
370
   -2
100
AcDbTrace
 10
152.50018307766
 20
127
 30
0
 11
155.00018307766
 21
127.4162846577728
 31
0
 12
155.00018307766
 22
126.5837153422272
 32
0
 13
155.00018307766
 23
126.5837153422272
 33
0
  0
LINE
  5
2C8
100
AcDbEntity
  8
02. дуло
  6
ByBlock
 62
    0
370
   -2
100
AcDbLine
 10
147.5004855906683
 20
120.4281724019776
 11
147.5004855906683
 21
128.25
  0
LINE
  5
2C9
100
AcDbEntity
  8
02. дуло
  6
ByBlock
 62
    0
370
   -2
100
AcDbLine
 10
152.50018307766
 20
120.4151951482811
 11
152.50018307766
 21
128.25
  0
ENDBLK
  5
11D
330
11B
100
AcDbEntity
  8
0
100
AcDbBlockEnd
  0
BLOCK
  5
11F
330
11E
100
AcDbEntity
  8
0
100
AcDbBlockBegin
  2
*D78
 70
    1
 10
0
 20
0
  3
*D78
  1

  0
LINE
  5
2CA
100
AcDbEntity
  8
011. рукоятка размеры
  6
ByBlock
 62
   96
370
   -2
100
AcDbLine
 10
48.96490150924588
 20
197.5859606036982
 11
61.03509849075415
 21
202.4140393963018
  0
MTEXT
  5
2CB
100
AcDbEntity
  8
011. рукоятка размеры
  6
CONTINUOUS
 62
    0
370
   -2
100
AcDbMText
 10
58.29093404880442
 20
203.7396977827324
 30
0
 40
2.5
 41
3.888888888889044
 71
    5
 72
    1
  1
3.0
  7
standard
210
0
220
0
230
1
 50
21.80140948635322
 73
    2
 44
1
  0
SOLID
  5
2CC
100
AcDbEntity
  8
011. рукоятка размеры
  6
ByBlock
 62
   96
370
   -2
100
AcDbTrace
 10
53.60728496367213
 20
199.4429139854688
 30
0
 11
51.44069747706511
 21
198.1279266930683
 31
0
 12
51.13148899585291
 22
198.9009478960987
 32
0
 13
51.13148899585291
 23
198.9009478960987
 33
0
  0
SOLID
  5
2CD
100
AcDbEntity
  8
011. рукоятка размеры
  6
ByBlock
 62
   96
370
   -2
100
AcDbTrace
 10
56.3927150363279
 20
200.5570860145312
 30
0
 11
58.55930252293492
 21
201.8720733069317
 31
0
 12
58.86851100414712
 22
201.0990521039013
 32
0
 13
58.86851100414712
 23
201.0990521039013
 33
0
  0
ENDBLK
  5
120
330
11E
100
AcDbEntity
  8
0
100
AcDbBlockEnd
  0
BLOCK
  5
122
330
121
100
AcDbEntity
  8
0
100
AcDbBlockBegin
  2
*D63
 70
    1
 10
0
 20
0
  3
*D63
  1

  0
LINE
  5
2CE
100
AcDbEntity
  8
011. рукоятка размеры
  6
ByBlock
 62
   96
370
   -2
100
AcDbLine
 10
84.23085631415508
 20
123.3516732326156
 11
95.7691436858449
 21
126.6483267673844
  0
MTEXT
  5
2CF
100
AcDbEntity
  8
011. рукоятка размеры
  6
CONTINUOUS
 62
    0
370
   -2
100
AcDbMText
 10
93.17455525570296
 20
128.2470511088982
 30
0
 40
2.5
 41
3.888888888888889
 71
    5
 72
    1
  1
2.0
  7
standard
210
0
220
0
230
1
 50
15.94539590092386
 73
    2
 44
1
  0
SOLID
  5
2D0
100
AcDbEntity
  8
011. рукоятка размеры
  6
ByBlock
 62
   96
370
   -2
100
AcDbTrace
 10
89.03847605235917
 20
124.7252788721026
 30
0
 11
86.74902837396687
 21
123.6382083848751
 31
0
 12
86.5203039925474
 22
124.4387437198432
 32
0
 13
86.5203039925474
 23
124.4387437198432
 33
0
  0
SOLID
  5
2D1
100
AcDbEntity
  8
011. рукоятка размеры
  6
ByBlock
 62
   96
370
   -2
100
AcDbTrace
 10
90.9615239476408
 20
125.2747211278974
 30
0
 11
93.25097162603311
 21
126.3617916151249
 31
0
 12
93.47969600745257
 22
125.5612562801568
 32
0
 13
93.47969600745257
 23
125.5612562801568
 33
0
  0
ENDBLK
  5
123
330
121
100
AcDbEntity
  8
0
100
AcDbBlockEnd
  0
BLOCK
  5
125
330
124
100
AcDbEntity
  8
0
100
AcDbBlockBegin
  2
*D21
 70
    1
 10
0
 20
0
  3
*D21
  1

  0
LINE
  5
2D2
100
AcDbEntity
  8
02. дуло
  6
ByBlock
 62
   96
370
   -2
100
AcDbLine
 10
78.75735931288085
 20
208.2426406871195
 11
87.24264068711915
 21
199.7573593128805
  0
MTEXT
  5
2D3
100
AcDbEntity
  8
02. дуло
  6
CONTINUOUS
 62
    0
370
   -2
100
AcDbMText
 10
87.38013367235
 20
202.8018468429892
 30
0
 40
2.5
 41
3.888888888888889
 71
    5
 72
    1
  1
2.0
  7
standard
210
0
220
0
230
1
 50
314.9999999999977
 73
    2
 44
1
  0
SOLID
  5
2D4
100
AcDbEntity
  8
02. дуло
  6
ByBlock
 62
   96
370
   -2
100
AcDbTrace
 10
82.29289321881345
 20
204.7071067811866
 30
0
 11
80.23076856143204
 21
206.180516029738
 31
0
 12
80.81948397026225
 22
206.7692314385681
 32
0
 13
80.81948397026225
 23
206.7692314385681
 33
0
  0
SOLID
  5
2D5
100
AcDbEntity
  8
02. дуло
  6
ByBlock
 62
   96
370
   -2
100
AcDbTrace
 10
83.70710678118655
 20
203.2928932188134
 30
0
 11
85.76923143856796
 21
201.819483970262
 31
0
 12
85.18051602973775
 22
201.2307685614319
 32
0
 13
85.18051602973775
 23
201.2307685614319
 33
0
  0
ENDBLK
  5
126
330
124
100
AcDbEntity
  8
0
100
AcDbBlockEnd
  0
BLOCK
  5
128
330
127
100
AcDbEntity
  8
0
100
AcDbBlockBegin
  2
*D50
 70
    1
 10
0
 20
0
  3
*D50
  1

  0
LINE
  5
2D6
100
AcDbEntity
  8
011. рукоятка размеры
  6
ByBlock
 62
   96
370
   -2
100
AcDbLine
 10
175
 20
173
 11
95
 21
173
  0
MTEXT
  5
2D7
100
AcDbEntity
  8
011. рукоятка размеры
  6
CONTINUOUS
 62
    0
370
   -2
100
AcDbMText
 10
135
 20
175.25
 30
0
 40
2.5
 41
5.833333333333334
 71
    5
 72
    1
  1
80.0
  7
standard
210
0
220
0
230
1
 50
0
 73
    2
 44
1
  0
SOLID
  5
2D8
100
AcDbEntity
  8
011. рукоятка размеры
  6
ByBlock
 62
   96
370
   -2
100
AcDbTrace
 10
175
 20
173
 30
0
 11
172.5
 21
172.5837153422272
 31
0
 12
172.5
 22
173.4162846577728
 32
0
 13
172.5
 23
173.4162846577728
 33
0
  0
SOLID
  5
2D9
100
AcDbEntity
  8
011. рукоятка размеры
  6
ByBlock
 62
   96
370
   -2
100
AcDbTrace
 10
95
 20
173
 30
0
 11
97.5
 21
173.4162846577728
 31
0
 12
97.5
 22
172.5837153422272
 32
0
 13
97.5
 23
172.5837153422272
 33
0
  0
LINE
  5
2DA
100
AcDbEntity
  8
011. рукоятка размеры
  6
ByBlock
 62
    0
370
   -2
100
AcDbLine
 10
175
 20
223.375
 11
175
 21
171.75
  0
LINE
  5
2DB
100
AcDbEntity
  8
011. рукоятка размеры
  6
ByBlock
 62
    0
370
   -2
100
AcDbLine
 10
95
 20
172.9236707548967
 11
95
 21
174.25
  0
ENDBLK
  5
129
330
127
100
AcDbEntity
  8
0
100
AcDbBlockEnd
  0
BLOCK
  5
12B
330
12A
100
AcDbEntity
  8
0
100
AcDbBlockBegin
  2
*D53
 70
    1
 10
0
 20
0
  3
*D53
  1

  0
LINE
  5
2DC
100
AcDbEntity
  8
011. рукоятка размеры
  6
ByBlock
 62
   96
370
   -2
100
AcDbLine
 10
50
 20
163
 11
65
 21
163
  0
MTEXT
  5
2DD
100
AcDbEntity
  8
011. рукоятка размеры
  6
CONTINUOUS
 62
    0
370
   -2
100
AcDbMText
 10
57.5
 20
165.25
 30
0
 40
2.5
 41
3.888888888889044
 71
    5
 72
    1
  1
5.0
  7
standard
210
0
220
0
230
1
 50
0
 73
    2
 44
1
  0
SOLID
  5
2DE
100
AcDbEntity
  8
011. рукоятка размеры
  6
ByBlock
 62
   96
370
   -2
100
AcDbTrace
 10
55
 20
163
 30
0
 11
52.5
 21
162.5837153422272
 31
0
 12
52.5
 22
163.4162846577728
 32
0
 13
52.5
 23
163.4162846577728
 33
0
  0
SOLID
  5
2DF
100
AcDbEntity
  8
011. рукоятка размеры
  6
ByBlock
 62
   96
370
   -2
100
AcDbTrace
 10
60
 20
163
 30
0
 11
62.5
 21
163.4162846577728
 31
0
 12
62.5
 22
162.5837153422272
 32
0
 13
62.5
 23
162.5837153422272
 33
0
  0
LINE
  5
2E0
100
AcDbEntity
  8
011. рукоятка размеры
  6
ByBlock
 62
    0
370
   -2
100
AcDbLine
 10
55
 20
100.625
 11
55
 21
164.25
  0
LINE
  5
2E1
100
AcDbEntity
  8
011. рукоятка размеры
  6
ByBlock
 62
    0
370
   -2
100
AcDbLine
 10
60
 20
155.625
 11
60
 21
164.25
  0
ENDBLK
  5
12C
330
12A
100
AcDbEntity
  8
0
100
AcDbBlockEnd
  0
BLOCK
  5
12E
330
12D
100
AcDbEntity
  8
0
100
AcDbBlockBegin
  2
*D46
 70
    1
 10
0
 20
0
  3
*D46
  1

  0
SOLID
  5
2E2
100
AcDbEntity
  8
011. рукоятка размеры
  6
ByBlock
 62
   96
370
   -2
100
AcDbTrace
 10
93.3624513073068
 20
115.6967420188237
 30
0
 11
95.68133623989065
 21
114.67396854159
 31
0
 12
95.22479202837636
 22
113.9777365054692
 32
0
 13
95.22479202837636
 23
113.9777365054692
 33
0
  0
LINE
  5
2E3
100
AcDbEntity
  8
011. рукоятка размеры
  6
ByBlock
 62
   96
370
   -2
100
AcDbLine
 10
85
 20
121.1803
 11
101.9571929287055
 21
110.0608629826147
  0
MTEXT
  5
2E4
100
AcDbEntity
  8
011. рукоятка размеры
  6
CONTINUOUS
 62
    0
370
   -2
100
AcDbMText
 10
98.8936226637708
 20
114.7603540448632
 30
0
 40
2.5
 41
5.277777777777779
 71
    5
 72
    1
  1
10.0
  7
standard
210
0
220
0
230
1
 50
326.7457131844332
 73
    2
 44
1
  0
ENDBLK
  5
12F
330
12D
100
AcDbEntity
  8
0
100
AcDbBlockEnd
  0
BLOCK
  5
131
330
130
100
AcDbEntity
  8
0
100
AcDbBlockBegin
  2
*D36
 70
    1
 10
0
 20
0
  3
*D36
  1

  0
LINE
  5
2E5
100
AcDbEntity
  8
02. дуло
  6
CONTINUOUS
 62
    7
370
    0
100
AcDbLine
 10
108
 20
182
 11
108
 21
175
  0
SOLID
  5
2E6
100
AcDbEntity
  8
02. дуло
  6
CONTINUOUS
 62
    7
370
    0
100
AcDbTrace
 10
108
 20
182
 30
0
 11
108.4162846577728
 21
179.5
 31
0
 12
107.5837153422272
 22
179.5
 32
0
 13
107.5837153422272
 23
179.5
 33
0
  0
ENDBLK
  5
132
330
130
100
AcDbEntity
  8
0
100
AcDbBlockEnd
  0
BLOCK
  5
134
330
133
100
AcDbEntity
  8
0
100
AcDbBlockBegin
  2
*D6
 70
    1
 10
0
 20
0
  3
*D6
  1

  0
LINE
  5
2E7
100
AcDbEntity
  8
014. рукоятка вид сверху
  6
ByBlock
 62
   96
370
   -2
100
AcDbLine
 10
60
 20
87
 11
60
 21
107.3
  0
MTEXT
  5
2E8
100
AcDbEntity
  8
014. рукоятка вид сверху
  6
CONTINUOUS
 62
    0
370
   -2
100
AcDbMText
 10
57.75
 20
97.15000000000001
 30
0
 40
2.5
 41
5.833333333333488
 71
    5
 72
    1
  1
20.3
  7
standard
210
0
220
0
230
1
 50
90
 73
    2
 44
1
  0
SOLID
  5
2E9
100
AcDbEntity
  8
014. рукоятка вид сверху
  6
ByBlock
 62
   96
370
   -2
100
AcDbTrace
 10
60
 20
87
 30
0
 11
59.58371534222716
 21
89.5
 31
0
 12
60.41628465777284
 22
89.5
 32
0
 13
60.41628465777284
 23
89.5
 33
0
  0
SOLID
  5
2EA
100
AcDbEntity
  8
014. рукоятка вид сверху
  6
ByBlock
 62
   96
370
   -2
100
AcDbTrace
 10
60
 20
107.3
 30
0
 11
60.41628465777284
 21
104.8
 31
0
 12
59.58371534222716
 22
104.8
 32
0
 13
59.58371534222716
 23
104.8
 33
0
  0
LINE
  5
2EB
100
AcDbEntity
  8
014. рукоятка вид сверху
  6
ByBlock
 62
    0
370
   -2
100
AcDbLine
 10
64.375
 20
87
 11
58.75
 21
87
  0
LINE
  5
2EC
100
AcDbEntity
  8
014. рукоятка вид сверху
  6
ByBlock
 62
    0
370
   -2
100
AcDbLine
 10
65.375
 20
107.3
 11
58.75
 21
107.3
  0
ENDBLK
  5
135
330
133
100
AcDbEntity
  8
0
100
AcDbBlockEnd
  0
BLOCK
  5
137
330
136
100
AcDbEntity
  8
0
100
AcDbBlockBegin
  2
*D70
 70
    1
 10
0
 20
0
  3
*D70
  1

  0
LINE
  5
2ED
100
AcDbEntity
  8
011. рукоятка размеры
  6
ByBlock
 62
   96
370
   -2
100
AcDbLine
 10
50
 20
236
 11
50
 21
224
  0
MTEXT
  5
2EE
100
AcDbEntity
  8
011. рукоятка размеры
  6
CONTINUOUS
 62
    0
370
   -2
100
AcDbMText
 10
47.75
 20
230
 30
0
 40
2.5
 41
5.277777777777779
 71
    5
 72
    1
  1
12.0
  7
standard
210
0
220
0
230
1
 50
90
 73
    2
 44
1
  0
SOLID
  5
2EF
100
AcDbEntity
  8
011. рукоятка размеры
  6
ByBlock
 62
   96
370
   -2
100
AcDbTrace
 10
50
 20
236
 30
0
 11
50.41628465777284
 21
233.5
 31
0
 12
49.58371534222716
 22
233.5
 32
0
 13
49.58371534222716
 23
233.5
 33
0
  0
SOLID
  5
2F0
100
AcDbEntity
  8
011. рукоятка размеры
  6
ByBlock
 62
   96
370
   -2
100
AcDbTrace
 10
50
 20
224
 30
0
 11
49.58371534222716
 21
226.5
 31
0
 12
50.41628465777284
 22
226.5
 32
0
 13
50.41628465777284
 23
226.5
 33
0
  0
LINE
  5
2F1
100
AcDbEntity
  8
011. рукоятка размеры
  6
ByBlock
 62
    0
370
   -2
100
AcDbLine
 10
54.375
 20
236
 11
48.75
 21
236
  0
LINE
  5
2F2
100
AcDbEntity
  8
011. рукоятка размеры
  6
ByBlock
 62
    0
370
   -2
100
AcDbLine
 10
54.375
 20
224
 11
48.75
 21
224
  0
ENDBLK
  5
138
330
136
100
AcDbEntity
  8
0
100
AcDbBlockEnd
  0
BLOCK
  5
13A
330
139
100
AcDbEntity
  8
0
100
AcDbBlockBegin
  2
*D67
 70
    1
 10
0
 20
0
  3
*D67
  1

  0
LINE
  5
2F3
100
AcDbEntity
  8
011. рукоятка размеры
  6
ByBlock
 62
   96
370
   -2
100
AcDbLine
 10
54.30790021169685
 20
108.1026334038992
 11
65.69209978830314
 21
111.8973665961008
  0
MTEXT
  5
2F4
100
AcDbEntity
  8
011. рукоятка размеры
  6
CONTINUOUS
 62
    0
370
   -2
100
AcDbMText
 10
63.03051609099482
 20
113.3818802754577
 30
0
 40
2.5
 41
3.888888888888889
 71
    5
 72
    1
  1
2.0
  7
standard
210
0
220
0
230
1
 50
18.4349488229197
 73
    2
 44
1
  0
SOLID
  5
2F5
100
AcDbEntity
  8
011. рукоятка размеры
  6
ByBlock
 62
   96
370
   -2
100
AcDbTrace
 10
59.05131670194949
 20
109.6837722339832
 30
0
 11
56.81124922417774
 21
108.4982805168774
 31
0
 12
56.5479676894686
 22
109.288125121005
 32
0
 13
56.5479676894686
 23
109.288125121005
 33
0
  0
SOLID
  5
2F6
100
AcDbEntity
  8
011. рукоятка размеры
  6
ByBlock
 62
   96
370
   -2
100
AcDbTrace
 10
60.94868329805051
 20
110.3162277660168
 30
0
 11
63.18875077582226
 21
111.5017194831226
 31
0
 12
63.4520323105314
 22
110.711874878995
 32
0
 13
63.4520323105314
 23
110.711874878995
 33
0
  0
ENDBLK
  5
13B
330
139
100
AcDbEntity
  8
0
100
AcDbBlockEnd
  0
BLOCK
  5
13D
330
13C
100
AcDbEntity
  8
0
100
AcDbBlockBegin
  2
*D85
 70
    1
 10
0
 20
0
  3
*D85
  1

  0
LINE
  5
2F7
100
AcDbEntity
  8
011. рукоятка размеры
  6
ByBlock
 62
   96
370
   -2
100
AcDbLine
 10
56.60198146437443
 20
188.6752491364768
 11
63.39801853562557
 21
197.3247508635232
  0
MTEXT
  5
2F8
100
AcDbEntity
  8
011. рукоятка размеры
  6
CONTINUOUS
 62
    0
370
   -2
100
AcDbMText
 10
60.18721865210067
 20
196.8801065647845
 30
0
 40
2.5
 41
3.333333333333333
 71
    5
 72
    1
  1
1.0
  7
standard
210
0
220
0
230
1
 50
51.84277341262957
 73
    2
 44
1
  0
SOLID
  5
2F9
100
AcDbEntity
  8
011. рукоятка размеры
  6
ByBlock
 62
   96
370
   -2
100
AcDbTrace
 10
59.69108922403404
 20
192.6068408305888
 30
0
 11
58.47386760478143
 21
190.3838553502221
 31
0
 12
57.81920308362704
 22
190.8982346168434
 32
0
 13
57.81920308362704
 23
190.8982346168434
 33
0
  0
SOLID
  5
2FA
100
AcDbEntity
  8
011. рукоятка размеры
  6
ByBlock
 62
   96
370
   -2
100
AcDbTrace
 10
60.30891077596596
 20
193.3931591694112
 30
0
 11
61.52613239521857
 21
195.6161446497779
 31
0
 12
62.18079691637296
 22
195.1017653831566
 32
0
 13
62.18079691637296
 23
195.1017653831566
 33
0
  0
ENDBLK
  5
13E
330
13C
100
AcDbEntity
  8
0
100
AcDbBlockEnd
  0
BLOCK
  5
140
330
13F
100
AcDbEntity
  8
0
100
AcDbBlockBegin
  2
*D32
 70
    1
 10
0
 20
0
  3
*D32
  1

  0
LINE
  5
2FB
100
AcDbEntity
  8
014. рукоятка вид сверху
  6
ByBlock
 62
   96
370
   -2
100
AcDbLine
 10
166
 20
199
 11
166
 21
186.3
  0
MTEXT
  5
2FC
100
AcDbEntity
  8
014. рукоятка вид сверху
  6
CONTINUOUS
 62
    0
370
   -2
100
AcDbMText
 10
163.75
 20
192.65
 30
0
 40
2.5
 41
5.277777777777779
 71
    5
 72
    1
  1
12.7
  7
standard
210
0
220
0
230
1
 50
90
 73
    2
 44
1
  0
SOLID
  5
2FD
100
AcDbEntity
  8
014. рукоятка вид сверху
  6
ByBlock
 62
   96
370
   -2
100
AcDbTrace
 10
166
 20
199
 30
0
 11
166.4162846577728
 21
196.5
 31
0
 12
165.5837153422272
 22
196.5
 32
0
 13
165.5837153422272
 23
196.5
 33
0
  0
SOLID
  5
2FE
100
AcDbEntity
  8
014. рукоятка вид сверху
  6
ByBlock
 62
   96
370
   -2
100
AcDbTrace
 10
166
 20
186.3
 30
0
 11
165.5837153422272
 21
188.8
 31
0
 12
166.4162846577728
 22
188.8
 32
0
 13
166.4162846577728
 23
188.8
 33
0
  0
LINE
  5
2FF
100
AcDbEntity
  8
014. рукоятка вид сверху
  6
ByBlock
 62
    0
370
   -2
100
AcDbLine
 10
153.625
 20
199
 11
167.25
 21
199
  0
LINE
  5
300
100
AcDbEntity
  8
014. рукоятка вид сверху
  6
ByBlock
 62
    0
370
   -2
100
AcDbLine
 10
153.625
 20
186.3
 11
167.25
 21
186.3
  0
ENDBLK
  5
141
330
13F
100
AcDbEntity
  8
0
100
AcDbBlockEnd
  0
BLOCK
  5
143
330
142
100
AcDbEntity
  8
0
100
AcDbBlockBegin
  2
*D86
 70
    1
 10
0
 20
0
  3
*D86
  1

  0
LINE
  5
301
100
AcDbEntity
  8
011. рукоятка размеры
  6
ByBlock
 62
   96
370
   -2
100
AcDbLine
 10
80.05367718423892
 20
220.1215768120015
 11
87.78012281576108
 21
231.7964231879985
  0
MTEXT
  5
302
100
AcDbEntity
  8
011. рукоятка размеры
  6
CONTINUOUS
 62
    0
370
   -2
100
AcDbMText
 10
84.84602102006507
 20
231.4398313153983
 30
0
 40
2.5
 41
4.166666666666667
 71
    5
 72
    1
  1
4.0
  7
standard
210
0
220
0
230
1
 50
56.50329878670497
 73
    2
 44
1
  0
SOLID
  5
303
100
AcDbEntity
  8
011. рукоятка размеры
  6
ByBlock
 62
   96
370
   -2
100
AcDbTrace
 10
82.8131220526397
 20
224.291164803429
 30
0
 11
81.78054672045234
 21
221.9766278951782
 31
0
 12
81.08625251642628
 22
222.4361137202523
 32
0
 13
81.08625251642628
 23
222.4361137202523
 33
0
  0
SOLID
  5
304
100
AcDbEntity
  8
011. рукоятка размеры
  6
ByBlock
 62
   96
370
   -2
100
AcDbTrace
 10
85.0206779473603
 20
227.626835196571
 30
0
 11
86.05325327954766
 21
229.9413721048218
 31
0
 12
86.74754748357371
 22
229.4818862797477
 32
0
 13
86.74754748357371
 23
229.4818862797477
 33
0
  0
ENDBLK
  5
144
330
142
100
AcDbEntity
  8
0
100
AcDbBlockEnd
  0
BLOCK
  5
146
330
145
100
AcDbEntity
  8
0
100
AcDbBlockBegin
  2
*D60
 70
    1
 10
0
 20
0
  3
*D60
  1

  0
LINE
  5
305
100
AcDbEntity
  8
011. рукоятка размеры
  6
ByBlock
 62
   96
370
   -2
100
AcDbLine
 10
80
 20
100
 11
80
 21
201
  0
MTEXT
  5
306
100
AcDbEntity
  8
011. рукоятка размеры
  6
CONTINUOUS
 62
    0
370
   -2
100
AcDbMText
 10
77.75
 20
150.5
 30
0
 40
2.5
 41
6.666666666666667
 71
    5
 72
    1
  1
101.0
  7
standard
210
0
220
0
230
1
 50
90
 73
    2
 44
1
  0
SOLID
  5
307
100
AcDbEntity
  8
011. рукоятка размеры
  6
ByBlock
 62
   96
370
   -2
100
AcDbTrace
 10
80
 20
100
 30
0
 11
79.58371534222717
 21
102.5
 31
0
 12
80.41628465777283
 22
102.5
 32
0
 13
80.41628465777283
 23
102.5
 33
0
  0
SOLID
  5
308
100
AcDbEntity
  8
011. рукоятка размеры
  6
ByBlock
 62
   96
370
   -2
100
AcDbTrace
 10
80
 20
201
 30
0
 11
80.41628465777283
 21
198.5
 31
0
 12
79.58371534222717
 22
198.5
 32
0
 13
79.58371534222717
 23
198.5
 33
0
  0
LINE
  5
309
100
AcDbEntity
  8
011. рукоятка размеры
  6
ByBlock
 62
    0
370
   -2
100
AcDbLine
 10
55.625
 20
100
 11
81.25
 21
100
  0
LINE
  5
30A
100
AcDbEntity
  8
011. рукоятка размеры
  6
ByBlock
 62
    0
370
   -2
100
AcDbLine
 10
77.625
 20
201
 11
81.25
 21
201
  0
ENDBLK
  5
147
330
145
100
AcDbEntity
  8
0
100
AcDbBlockEnd
  0
BLOCK
  5
149
330
148
100
AcDbEntity
  8
0
100
AcDbBlockBegin
  2
*D49
 70
    1
 10
0
 20
0
  3
*D49
  1

  0
LINE
  5
30B
100
AcDbEntity
  8
013. рукоятка канал размеры
  6
ByBlock
 62
   96
370
   -2
100
AcDbLine
 10
95
 20
183
 11
124.9267612258325
 21
183
  0
MTEXT
  5
30C
100
AcDbEntity
  8
013. рукоятка канал размеры
  6
CONTINUOUS
 62
    0
370
   -2
100
AcDbMText
 10
109.9633806129162
 20
185.25
 30
0
 40
2.5
 41
5.833333333333334
 71
    5
 72
    1
  1
29.9
  7
standard
210
0
220
0
230
1
 50
0
 73
    2
 44
1
  0
SOLID
  5
30D
100
AcDbEntity
  8
013. рукоятка канал размеры
  6
ByBlock
 62
   96
370
   -2
100
AcDbTrace
 10
95
 20
183
 30
0
 11
97.5
 21
183.4162846577728
 31
0
 12
97.5
 22
182.5837153422272
 32
0
 13
97.5
 23
182.5837153422272
 33
0
  0
SOLID
  5
30E
100
AcDbEntity
  8
013. рукоятка канал размеры
  6
ByBlock
 62
   96
370
   -2
100
AcDbTrace
 10
124.9267612258325
 20
183
 30
0
 11
122.4267612258325
 21
182.5837153422272
 31
0
 12
122.4267612258325
 22
183.4162846577728
 32
0
 13
122.4267612258325
 23
183.4162846577728
 33
0
  0
LINE
  5
30F
100
AcDbEntity
  8
013. рукоятка канал размеры
  6
ByBlock
 62
    0
370
   -2
100
AcDbLine
 10
95
 20
200.375
 11
95
 21
181.75
  0
LINE
  5
310
100
AcDbEntity
  8
013. рукоятка канал размеры
  6
ByBlock
 62
    0
370
   -2
100
AcDbLine
 10
124.9267612258325
 20
213.9380884413172
 11
124.9267612258325
 21
181.75
  0
ENDBLK
  5
14A
330
148
100
AcDbEntity
  8
0
100
AcDbBlockEnd
  0
BLOCK
  5
14C
330
14B
100
AcDbEntity
  8
0
100
AcDbBlockBegin
  2
*D9
 70
    1
 10
0
 20
0
  3
*D9
  1

  0
LINE
  5
311
100
AcDbEntity
  8
02. дуло
  6
ByBlock
 62
   96
370
   -2
100
AcDbLine
 10
65
 20
204
 11
65
 21
194
  0
MTEXT
  5
312
100
AcDbEntity
  8
02. дуло
  6
CONTINUOUS
 62
    0
370
   -2
100
AcDbMText
 10
62.75
 20
199
 30
0
 40
2.5
 41
5.277777777777779
 71
    5
 72
    1
  1
10.0
  7
standard
210
0
220
0
230
1
 50
90
 73
    2
 44
1
  0
SOLID
  5
313
100
AcDbEntity
  8
02. дуло
  6
ByBlock
 62
   96
370
   -2
100
AcDbTrace
 10
65
 20
204
 30
0
 11
65.41628465777283
 21
201.5
 31
0
 12
64.58371534222717
 22
201.5
 32
0
 13
64.58371534222717
 23
201.5
 33
0
  0
SOLID
  5
314
100
AcDbEntity
  8
02. дуло
  6
ByBlock
 62
   96
370
   -2
100
AcDbTrace
 10
65
 20
194
 30
0
 11
64.58371534222717
 21
196.5
 31
0
 12
65.41628465777283
 22
196.5
 32
0
 13
65.41628465777283
 23
196.5
 33
0
  0
LINE
  5
315
100
AcDbEntity
  8
02. дуло
  6
ByBlock
 62
    0
370
   -2
100
AcDbLine
 10
82.375
 20
204
 11
63.75
 21
204
  0
LINE
  5
316
100
AcDbEntity
  8
02. дуло
  6
ByBlock
 62
    0
370
   -2
100
AcDbLine
 10
74.375
 20
194
 11
63.75
 21
194
  0
ENDBLK
  5
14D
330
14B
100
AcDbEntity
  8
0
100
AcDbBlockEnd
  0
BLOCK
  5
14F
330
14E
100
AcDbEntity
  8
0
100
AcDbBlockBegin
  2
*D5
 70
    1
 10
0
 20
0
  3
*D5
  1

  0
LINE
  5
317
100
AcDbEntity
  8
014. рукоятка вид сверху
  6
ByBlock
 62
   96
370
   -2
100
AcDbLine
 10
130
 20
227
 11
130
 21
247
  0
MTEXT
  5
318
100
AcDbEntity
  8
014. рукоятка вид сверху
  6
CONTINUOUS
 62
    0
370
   -2
100
AcDbMText
 10
127.75
 20
237
 30
0
 40
2.5
 41
5.833333333333334
 71
    5
 72
    1
  1
20.0
  7
standard
210
0
220
0
230
1
 50
90
 73
    2
 44
1
  0
SOLID
  5
319
100
AcDbEntity
  8
014. рукоятка вид сверху
  6
ByBlock
 62
   96
370
   -2
100
AcDbTrace
 10
130
 20
227
 30
0
 11
129.5837153422272
 21
229.5
 31
0
 12
130.4162846577728
 22
229.5
 32
0
 13
130.4162846577728
 23
229.5
 33
0
  0
SOLID
  5
31A
100
AcDbEntity
  8
014. рукоятка вид сверху
  6
ByBlock
 62
   96
370
   -2
100
AcDbTrace
 10
130
 20
247
 30
0
 11
130.4162846577728
 21
244.5
 31
0
 12
129.5837153422272
 22
244.5
 32
0
 13
129.5837153422272
 23
244.5
 33
0
  0
LINE
  5
31B
100
AcDbEntity
  8
014. рукоятка вид сверху
  6
ByBlock
 62
    0
370
   -2
100
AcDbLine
 10
149.375
 20
227
 11
128.75
 21
227
  0
LINE
  5
31C
100
AcDbEntity
  8
014. рукоятка вид сверху
  6
ByBlock
 62
    0
370
   -2
100
AcDbLine
 10
139.375
 20
247
 11
128.75
 21
247
  0
ENDBLK
  5
150
330
14E
100
AcDbEntity
  8
0
100
AcDbBlockEnd
  0
BLOCK
  5
152
330
151
100
AcDbEntity
  8
0
100
AcDbBlockBegin
  2
*D41
 70
    1
 10
0
 20
0
  3
*D41
  1

  0
LINE
  5
31D
100
AcDbEntity
  8
011. рукоятка размеры
  6
ByBlock
 62
   96
370
   -2
100
AcDbLine
 10
55
 20
280
 11
175
 21
280
  0
MTEXT
  5
31E
100
AcDbEntity
  8
011. рукоятка размеры
  6
CONTINUOUS
 62
    0
370
   -2
100
AcDbMText
 10
115
 20
282.25
 30
0
 40
2.5
 41
7.222222222222222
 71
    5
 72
    1
  1
120.0
  7
standard
210
0
220
0
230
1
 50
0
 73
    2
 44
1
  0
SOLID
  5
31F
100
AcDbEntity
  8
011. рукоятка размеры
  6
ByBlock
 62
   96
370
   -2
100
AcDbTrace
 10
55
 20
280
 30
0
 11
57.5
 21
280.4162846577728
 31
0
 12
57.5
 22
279.5837153422272
 32
0
 13
57.5
 23
279.5837153422272
 33
0
  0
SOLID
  5
320
100
AcDbEntity
  8
011. рукоятка размеры
  6
ByBlock
 62
   96
370
   -2
100
AcDbTrace
 10
175
 20
280
 30
0
 11
172.5
 21
279.5837153422272
 31
0
 12
172.5
 22
280.4162846577728
 32
0
 13
172.5
 23
280.4162846577728
 33
0
  0
LINE
  5
321
100
AcDbEntity
  8
011. рукоятка размеры
  6
ByBlock
 62
    0
370
   -2
100
AcDbLine
 10
55
 20
260.625
 11
55
 21
281.25
  0
LINE
  5
322
100
AcDbEntity
  8
011. рукоятка размеры
  6
ByBlock
 62
    0
370
   -2
100
AcDbLine
 10
175
 20
264.625
 11
175
 21
281.25
  0
ENDBLK
  5
153
330
151
100
AcDbEntity
  8
0
100
AcDbBlockEnd
  0
BLOCK
  5
155
330
154
100
AcDbEntity
  8
0
100
AcDbBlockBegin
  2
*D52
 70
    1
 10
0
 20
0
  3
*D52
  1

  0
LINE
  5
323
100
AcDbEntity
  8
011. рукоятка размеры
  6
ByBlock
 62
   96
370
   -2
100
AcDbLine
 10
85
 20
163
 11
100
 21
163
  0
MTEXT
  5
324
100
AcDbEntity
  8
011. рукоятка размеры
  6
CONTINUOUS
 62
    0
370
   -2
100
AcDbMText
 10
92.5
 20
165.25
 30
0
 40
2.5
 41
3.888888888889044
 71
    5
 72
    1
  1
5.0
  7
standard
210
0
220
0
230
1
 50
0
 73
    2
 44
1
  0
SOLID
  5
325
100
AcDbEntity
  8
011. рукоятка размеры
  6
ByBlock
 62
   96
370
   -2
100
AcDbTrace
 10
90
 20
163
 30
0
 11
87.5
 21
162.5837153422272
 31
0
 12
87.5
 22
163.4162846577728
 32
0
 13
87.5
 23
163.4162846577728
 33
0
  0
SOLID
  5
326
100
AcDbEntity
  8
011. рукоятка размеры
  6
ByBlock
 62
   96
370
   -2
100
AcDbTrace
 10
95
 20
163
 30
0
 11
97.5
 21
163.4162846577728
 31
0
 12
97.5
 22
162.5837153422272
 32
0
 13
97.5
 23
162.5837153422272
 33
0
  0
LINE
  5
327
100
AcDbEntity
  8
011. рукоятка размеры
  6
ByBlock
 62
    0
370
   -2
100
AcDbLine
 10
90
 20
155.625
 11
90
 21
164.25
  0
LINE
  5
328
100
AcDbEntity
  8
011. рукоятка размеры
  6
ByBlock
 62
    0
370
   -2
100
AcDbLine
 10
95
 20
155.625
 11
95
 21
164.25
  0
ENDBLK
  5
156
330
154
100
AcDbEntity
  8
0
100
AcDbBlockEnd
  0
BLOCK
  5
158
330
157
100
AcDbEntity
  8
0
100
AcDbBlockBegin
  2
*D38
 70
    1
 10
0
 20
0
  3
*D38
  1

  0
LINE
  5
329
100
AcDbEntity
  8
02. дуло
  6
CONTINUOUS
 62
    7
370
    0
100
AcDbLine
 10
108
 20
192
 11
108
 21
185
  0
SOLID
  5
32A
100
AcDbEntity
  8
02. дуло
  6
CONTINUOUS
 62
    7
370
    0
100
AcDbTrace
 10
108
 20
192
 30
0
 11
108.4162846577728
 21
189.5
 31
0
 12
107.5837153422272
 22
189.5
 32
0
 13
107.5837153422272
 23
189.5
 33
0
  0
ENDBLK
  5
159
330
157
100
AcDbEntity
  8
0
100
AcDbBlockEnd
  0
BLOCK
  5
15B
330
15A
100
AcDbEntity
  8
0
100
AcDbBlockBegin
  2
*D87
 70
    1
 10
0
 20
0
  3
*D87
  1

  0
LINE
  5
32B
100
AcDbEntity
  8
021. дуло сборочный чертеж
  6
ByBlock
 62
   96
370
   -2
100
AcDbLine
 10
35.04522727852475
 20
281.0452272785247
 11
75.04522727852475
 21
281.0452272785247
  0
MTEXT
  5
32C
100
AcDbEntity
  8
021. дуло сборочный чертеж
  6
CONTINUOUS
 62
    0
370
   -2
100
AcDbMText
 10
55.04522727852475
 20
283.2952272785247
 30
0
 40
2.5
 41
6.111111111111112
 71
    5
 72
    1
  1
40.0
  7
standard
210
0
220
0
230
1
 50
0
 73
    2
 44
1
  0
SOLID
  5
32D
100
AcDbEntity
  8
021. дуло сборочный чертеж
  6
ByBlock
 62
   96
370
   -2
100
AcDbTrace
 10
35.04522727852475
 20
281.0452272785247
 30
0
 11
37.54522727852475
 21
281.4615119362975
 31
0
 12
37.54522727852475
 22
280.6289426207518
 32
0
 13
37.54522727852475
 23
280.6289426207518
 33
0
  0
SOLID
  5
32E
100
AcDbEntity
  8
021. дуло сборочный чертеж
  6
ByBlock
 62
   96
370
   -2
100
AcDbTrace
 10
75.04522727852475
 20
281.0452272785247
 30
0
 11
72.54522727852475
 21
280.6289426207518
 31
0
 12
72.54522727852475
 22
281.4615119362975
 32
0
 13
72.54522727852475
 23
281.4615119362975
 33
0
  0
LINE
  5
32F
100
AcDbEntity
  8
021. дуло сборочный чертеж
  6
ByBlock
 62
    0
370
   -2
100
AcDbLine
 10
35.04522727852475
 20
271.6702272785247
 11
35.04522727852475
 21
282.2952272785247
  0
LINE
  5
330
100
AcDbEntity
  8
021. дуло сборочный чертеж
  6
ByBlock
 62
    0
370
   -2
100
AcDbLine
 10
75.04522727852475
 20
271.6702272785247
 11
75.04522727852475
 21
282.2952272785247
  0
ENDBLK
  5
15C
330
15A
100
AcDbEntity
  8
0
100
AcDbBlockEnd
  0
BLOCK
  5
15E
330
15D
100
AcDbEntity
  8
0
100
AcDbBlockBegin
  2
*D3
 70
    1
 10
0
 20
0
  3
*D3
  1

  0
SOLID
  5
331
100
AcDbEntity
  8
014. рукоятка вид сверху
  6
ByBlock
 62
   96
370
   -2
100
AcDbTrace
 10
155.1035936113393
 20
245.6921942406454
 30
0
 11
153.9116178036701
 21
247.9288181675111
 31
0
 12
154.7006964154648
 22
248.1943866324997
 32
0
 13
154.7006964154648
 23
248.1943866324997
 33
0
  0
LINE
  5
332
100
AcDbEntity
  8
014. рукоятка вид сверху
  6
ByBlock
 62
   96
370
   -2
100
AcDbLine
 10
149.9999999999993
 20
260.8564064605499
 11
155.1035936113393
 21
245.6921942406454
  0
MTEXT
  5
333
100
AcDbEntity
  8
014. рукоятка вид сверху
  6
CONTINUOUS
 62
    0
370
   -2
100
AcDbMText
 10
154.6842641490933
 20
253.9919932021923
 30
0
 40
2.5
 41
5.277777777777933
 71
    5
 72
    1
  1
16.0
  7
standard
210
0
220
0
230
1
 50
288.6009244195773
 73
    2
 44
1
  0
ENDBLK
  5
15F
330
15D
100
AcDbEntity
  8
0
100
AcDbBlockEnd
  0
BLOCK
  5
161
330
160
100
AcDbEntity
  8
0
100
AcDbBlockBegin
  2
*D82
 70
    1
 10
0
 20
0
  3
*D82
  1

  0
LINE
  5
334
100
AcDbEntity
  8
011. рукоятка размеры
  6
ByBlock
 62
   96
370
   -2
100
AcDbLine
 10
65.25182971467345
 20
188.3147871433418
 11
72.74817028532655
 21
197.6852128566582
  0
MTEXT
  5
335
100
AcDbEntity
  8
011. рукоятка размеры
  6
CONTINUOUS
 62
    0
370
   -2
100
AcDbMText
 10
67.24304517875318
 20
194.4055638569974
 30
0
 40
2.5
 41
5.277777777777779
 71
    5
 72
    1
  1
12.0
  7
standard
210
0
220
0
230
1
 50
51.34019174591004
 73
    2
 44
1
  0
SOLID
  5
336
100
AcDbEntity
  8
011. рукоятка размеры
  6
ByBlock
 62
   96
370
   -2
100
AcDbTrace
 10
65.25182971467345
 20
188.3147871433418
 30
0
 11
66.48850362845502
 21
190.5270101310329
 31
0
 12
67.13863103866399
 22
190.0069082028658
 32
0
 13
67.13863103866399
 23
190.0069082028658
 33
0
  0
SOLID
  5
337
100
AcDbEntity
  8
011. рукоятка размеры
  6
ByBlock
 62
   96
370
   -2
100
AcDbTrace
 10
72.74817028532655
 20
197.6852128566582
 30
0
 11
71.51149637154498
 21
195.4729898689671
 31
0
 12
70.86136896133601
 22
195.9930917971342
 32
0
 13
70.86136896133601
 23
195.9930917971342
 33
0
  0
ENDBLK
  5
162
330
160
100
AcDbEntity
  8
0
100
AcDbBlockEnd
  0
BLOCK
  5
164
330
163
100
AcDbEntity
  8
0
100
AcDbBlockBegin
  2
*D74
 70
    1
 10
0
 20
0
  3
*D74
  1

  0
LINE
  5
338
100
AcDbEntity
  8
011. рукоятка размеры
  6
ByBlock
 62
   96
370
   -2
100
AcDbLine
 10
49.02555730488268
 20
245.4395245592353
 11
60.97444269511735
 21
250.5604754407647
  0
MTEXT
  5
339
100
AcDbEntity
  8
011. рукоятка размеры
  6
CONTINUOUS
 62
    0
370
   -2
100
AcDbMText
 10
58.19877060049937
 20
251.8188287556704
 30
0
 40
2.5
 41
3.888888888889044
 71
    5
 72
    1
  1
3.0
  7
standard
210
0
220
0
230
1
 50
23.19859051364947
 73
    2
 44
1
  0
SOLID
  5
33A
100
AcDbEntity
  8
011. рукоятка размеры
  6
ByBlock
 62
   96
370
   -2
100
AcDbTrace
 10
53.62128245497293
 20
247.4091210521312
 30
0
 11
51.48740244032696
 21
246.0416968314186
 31
0
 12
51.15943731952865
 22
246.8069487799479
 32
0
 13
51.15943731952865
 23
246.8069487799479
 33
0
  0
SOLID
  5
33B
100
AcDbEntity
  8
011. рукоятка размеры
  6
ByBlock
 62
   96
370
   -2
100
AcDbTrace
 10
56.3787175450271
 20
248.5908789478688
 30
0
 11
58.51259755967307
 21
249.9583031685814
 31
0
 12
58.84056268047138
 22
249.1930512200521
 32
0
 13
58.84056268047138
 23
249.1930512200521
 33
0
  0
ENDBLK
  5
165
330
163
100
AcDbEntity
  8
0
100
AcDbBlockEnd
  0
BLOCK
  5
167
330
166
100
AcDbEntity
  8
0
100
AcDbBlockBegin
  2
*D89
 70
    1
 10
0
 20
0
  3
*D89
  1

  0
LINE
  5
33C
100
AcDbEntity
  8
03. сборочный чертеж
  6
ByBlock
 62
   96
370
   -2
100
AcDbLine
 10
93
 20
97
 11
100
 21
97
  0
MTEXT
  5
33D
100
AcDbEntity
  8
03. сборочный чертеж
  6
CONTINUOUS
 62
    0
370
   -2
100
AcDbMText
 10
96.5
 20
99.25
 30
0
 40
2.5
 41
3.888888888888889
 71
    5
 72
    1
  1
7.0
  7
standard
210
0
220
0
230
1
 50
0
 73
    2
 44
1
  0
SOLID
  5
33E
100
AcDbEntity
  8
03. сборочный чертеж
  6
ByBlock
 62
   96
370
   -2
100
AcDbTrace
 10
93
 20
97
 30
0
 11
95.5
 21
97.41628465777283
 31
0
 12
95.5
 22
96.58371534222717
 32
0
 13
95.5
 23
96.58371534222717
 33
0
  0
SOLID
  5
33F
100
AcDbEntity
  8
03. сборочный чертеж
  6
ByBlock
 62
   96
370
   -2
100
AcDbTrace
 10
100
 20
97
 30
0
 11
97.5
 21
96.58371534222717
 31
0
 12
97.5
 22
97.41628465777283
 32
0
 13
97.5
 23
97.41628465777283
 33
0
  0
LINE
  5
340
100
AcDbEntity
  8
03. сборочный чертеж
  6
ByBlock
 62
    0
370
   -2
100
AcDbLine
 10
93
 20
113.375
 11
93
 21
95.75
  0
LINE
  5
341
100
AcDbEntity
  8
03. сборочный чертеж
  6
ByBlock
 62
    0
370
   -2
100
AcDbLine
 10
100
 20
117.5549984408765
 11
100
 21
95.75
  0
ENDBLK
  5
168
330
166
100
AcDbEntity
  8
0
100
AcDbBlockEnd
  0
BLOCK
  5
16A
330
169
100
AcDbEntity
  8
0
100
AcDbBlockBegin
  2
*D33
 70
    1
 10
0
 20
0
  3
*D33
  1

  0
LINE
  5
342
100
AcDbEntity
  8
014. рукоятка вид сверху
  6
ByBlock
 62
   96
370
   -2
100
AcDbLine
 10
64.99999999999999
 20
257
 11
85
 21
257
  0
MTEXT
  5
343
100
AcDbEntity
  8
014. рукоятка вид сверху
  6
CONTINUOUS
 62
    0
370
   -2
100
AcDbMText
 10
75
 20
259.25
 30
0
 40
2.5
 41
5.833333333333334
 71
    5
 72
    1
  1
20.0
  7
standard
210
0
220
0
230
1
 50
0
 73
    2
 44
1
  0
SOLID
  5
344
100
AcDbEntity
  8
014. рукоятка вид сверху
  6
ByBlock
 62
   96
370
   -2
100
AcDbTrace
 10
64.99999999999999
 20
257
 30
0
 11
67.49999999999999
 21
257.4162846577728
 31
0
 12
67.49999999999999
 22
256.5837153422272
 32
0
 13
67.49999999999999
 23
256.5837153422272
 33
0
  0
SOLID
  5
345
100
AcDbEntity
  8
014. рукоятка вид сверху
  6
ByBlock
 62
   96
370
   -2
100
AcDbTrace
 10
85
 20
257
 30
0
 11
82.5
 21
256.5837153422272
 31
0
 12
82.5
 22
257.4162846577728
 32
0
 13
82.5
 23
257.4162846577728
 33
0
  0
LINE
  5
346
100
AcDbEntity
  8
014. рукоятка вид сверху
  6
ByBlock
 62
    0
370
   -2
100
AcDbLine
 10
64.99999999999999
 20
247.625
 11
64.99999999999999
 21
258.25
  0
LINE
  5
347
100
AcDbEntity
  8
014. рукоятка вид сверху
  6
ByBlock
 62
    0
370
   -2
100
AcDbLine
 10
85
 20
247.625
 11
85
 21
258.25
  0
ENDBLK
  5
16B
330
169
100
AcDbEntity
  8
0
100
AcDbBlockEnd
  0
BLOCK
  5
16D
330
16C
100
AcDbEntity
  8
0
100
AcDbBlockBegin
  2
*D12
 70
    1
 10
0
 20
0
  3
*D12
  1

  0
LINE
  5
348
100
AcDbEntity
  8
02. дуло
  6
ByBlock
 62
   96
370
   -2
100
AcDbLine
 10
96
 20
129
 11
82
 21
129
  0
MTEXT
  5
349
100
AcDbEntity
  8
02. дуло
  6
CONTINUOUS
 62
    0
370
   -2
100
AcDbMText
 10
94.08333333333333
 20
131.25
 30
0
 40
2.5
 41
4.166666666666667
 71
    5
 72
    1
  1
4.0
  7
standard
210
0
220
0
230
1
 50
0
 73
    2
 44
1
  0
SOLID
  5
34A
100
AcDbEntity
  8
02. дуло
  6
ByBlock
 62
   96
370
   -2
100
AcDbTrace
 10
91
 20
129
 30
0
 11
93.5
 21
129.4162846577728
 31
0
 12
93.5
 22
128.5837153422272
 32
0
 13
93.5
 23
128.5837153422272
 33
0
  0
SOLID
  5
34B
100
AcDbEntity
  8
02. дуло
  6
ByBlock
 62
   96
370
   -2
100
AcDbTrace
 10
87
 20
129
 30
0
 11
84.5
 21
128.5837153422272
 31
0
 12
84.5
 22
129.4162846577728
 32
0
 13
84.5
 23
129.4162846577728
 33
0
  0
LINE
  5
34C
100
AcDbEntity
  8
02. дуло
  6
ByBlock
 62
    0
370
   -2
100
AcDbLine
 10
91
 20
124.625
 11
91
 21
130.25
  0
LINE
  5
34D
100
AcDbEntity
  8
02. дуло
  6
ByBlock
 62
    0
370
   -2
100
AcDbLine
 10
87
 20
124.625
 11
87
 21
130.25
  0
ENDBLK
  5
16E
330
16C
100
AcDbEntity
  8
0
100
AcDbBlockEnd
  0
BLOCK
  5
170
330
16F
100
AcDbEntity
  8
0
100
AcDbBlockBegin
  2
*D40
 70
    1
 10
0
 20
0
  3
*D40
  1

  0
LINE
  5
34E
100
AcDbEntity
  8
02. дуло
  6
CONTINUOUS
 62
    7
370
    0
100
AcDbLine
 10
108
 20
202
 11
108
 21
195
  0
SOLID
  5
34F
100
AcDbEntity
  8
02. дуло
  6
CONTINUOUS
 62
    7
370
    0
100
AcDbTrace
 10
108
 20
202
 30
0
 11
108.4162846577728
 21
199.5
 31
0
 12
107.5837153422272
 22
199.5
 32
0
 13
107.5837153422272
 23
199.5
 33
0
  0
ENDBLK
  5
171
330
16F
100
AcDbEntity
  8
0
100
AcDbBlockEnd
  0
BLOCK
  5
173
330
172
100
AcDbEntity
  8
0
100
AcDbBlockBegin
  2
штамп А4 альбомный
 70
    0
 10
0
 20
0
  3
штамп А4 альбомный
  1

  0
LINE
  5
350
100
AcDbEntity
  8
штамп A4 альбомный
  6
CONTINUOUS
 62
    5
370
   20
100
AcDbLine
 10
210
 20
297
 11
210
 21
0
  0
LINE
  5
351
100
AcDbEntity
  8
штамп A4 альбомный
  6
CONTINUOUS
 62
    5
370
   20
100
AcDbLine
 10
0
 20
0
 11
0
 21
297
  0
LINE
  5
352
100
AcDbEntity
  8
штамп A4 альбомный
  6
CONTINUOUS
 62
    5
370
   20
100
AcDbLine
 10
0
 20
0
 11
210
 21
0
  0
LINE
  5
353
100
AcDbEntity
  8
штамп A4 альбомный
  6
CONTINUOUS
 62
    5
370
   20
100
AcDbLine
 10
0
 20
297
 11
210
 21
297
  0
LINE
  5
354
100
AcDbEntity
  8
штамп A4 альбомный
  6
CONTINUOUS
 62
    1
370
   60
100
AcDbLine
 10
20
 20
5
 11
205
 21
5
  0
LINE
  5
355
100
AcDbEntity
  8
штамп A4 альбомный
  6
CONTINUOUS
 62
    1
370
   60
100
AcDbLine
 10
20
 20
292
 11
205
 21
292
  0
LINE
  5
356
100
AcDbEntity
  8
штамп A4 альбомный
  6
CONTINUOUS
 62
    1
370
   60
100
AcDbLine
 10
205
 20
292
 11
205
 21
5
  0
LINE
  5
357
100
AcDbEntity
  8
штамп A4 альбомный
  6
CONTINUOUS
 62
    1
370
   60
100
AcDbLine
 10
20
 20
5
 11
20
 21
292
  0
LINE
  5
358
100
AcDbEntity
  8
штамп A4 альбомный
  6
CONTINUOUS
 62
    1
370
   60
100
AcDbLine
 10
20
 20
5
 11
205
 21
5
  0
LINE
  5
359
100
AcDbEntity
  8
штамп A4 альбомный
  6
CONTINUOUS
 62
    1
370
   60
100
AcDbLine
 10
20
 20
5.000000253502606
 11
20
 21
60.00000025350261
  0
MTEXT
  5
35A
100
AcDbEntity
  8
штамп A4 альбомный
  6
ByLayer
 62
  256
370
   -1
100
AcDbMText
 10
171.5
 20
116
 30
0
 40
2
 41
6.000000000000092
 71
    1
 72
    1
  1
Лист
  7
cyrillic_ii
210
0
220
0
230
1
 50
90
 73
    2
 44
1
  0
MTEXT
  5
35B
100
AcDbEntity
  8
штамп A4 альбомный
  6
ByLayer
 62
  256
370
   -1
100
AcDbMText
 10
171.5
 20
149.4
 30
0
 40
2
 41
10.22222222222232
 71
    1
 72
    1
  1
Подпись
  7
cyrillic_ii
210
0
220
0
230
1
 50
90
 73
    2
 44
1
  0
MTEXT
  5
35C
100
AcDbEntity
  8
штамп A4 альбомный
  6
ByLayer
 62
  256
370
   -1
100
AcDbMText
 10
171.5
 20
126.7
 30
0
 40
2
 41
17.6111111111112
 71
    1
 72
    1
  1
N документа
  7
cyrillic_ii
210
0
220
0
230
1
 50
90
 73
    2
 44
1
  0
MTEXT
  5
35D
100
AcDbEntity
  8
штамп A4 альбомный
  6
ByLayer
 62
  256
370
   -1
100
AcDbMText
 10
171.5
 20
108.3
 30
0
 40
2
 41
4.444444444444444
 71
    1
 72
    1
  1
Изм
  7
cyrillic_ii
210
0
220
0
230
1
 50
90
 73
    2
 44
1
  0
MTEXT
  5
35E
100
AcDbEntity
  8
штамп A4 альбомный
  6
ByLayer
 62
  256
370
   -1
100
AcDbMText
 10
166.5
 20
247.1
 30
0
 40
2
 41
5.333333333333426
 71
    1
 72
    1
  1
Лит.
  7
cyrillic_ii
210
0
220
0
230
1
 50
90
 73
    2
 44
1
  0
MTEXT
  5
35F
100
AcDbEntity
  8
штамп A4 альбомный
  6
ByLayer
 62
  256
370
   -1
100
AcDbMText
 10
166.5
 20
261.5
 30
0
 40
2
 41
7.777777777777777
 71
    1
 72
    1
  1
Масса
  7
cyrillic_ii
210
0
220
0
230
1
 50
90
 73
    2
 44
1
  0
MTEXT
  5
360
100
AcDbEntity
  8
штамп A4 альбомный
  6
ByLayer
 62
  256
370
   -1
100
AcDbMText
 10
166.5
 20
277
 30
0
 40
2
 41
12.00000000000009
 71
    1
 72
    1
  1
Масштаб
  7
cyrillic_ii
210
0
220
0
230
1
 50
90
 73
    2
 44
1
  0
MTEXT
  5
361
100
AcDbEntity
  8
штамп A4 альбомный
  6
ByLayer
 62
  256
370
   -1
100
AcDbMText
 10
171.5
 20
163.5
 30
0
 40
2
 41
7.111111111111204
 71
    1
 72
    1
  1
Дата
  7
cyrillic_ii
210
0
220
0
230
1
 50
90
 73
    2
 44
1
  0
MTEXT
  5
362
100
AcDbEntity
  8
штамп A4 альбомный
  6
ByLayer
 62
  256
370
   -1
100
AcDbMText
 10
176.6
 20
109
 30
0
 40
2
 41
10.22222222222222
 71
    1
 72
    1
  1
Разраб.
  7
cyrillic_ii
210
0
220
0
230
1
 50
90
 73
    2
 44
1
  0
MTEXT
  5
363
100
AcDbEntity
  8
штамп A4 альбомный
  6
ByLayer
 62
  256
370
   -1
100
AcDbMText
 10
181.6
 20
109
 30
0
 40
2
 41
6.444444444444444
 71
    1
 72
    1
  1
Пров.
  7
cyrillic_ii
210
0
220
0
230
1
 50
90
 73
    2
 44
1
  0
MTEXT
  5
364
100
AcDbEntity
  8
штамп A4 альбомный
  6
ByLayer
 62
  256
370
   -1
100
AcDbMText
 10
186.6
 20
109
 30
0
 40
2
 41
10.88888888888898
 71
    1
 72
    1
  1
Т.контр.
  7
cyrillic_ii
210
0
220
0
230
1
 50
90
 73
    2
 44
1
  0
MTEXT
  5
365
100
AcDbEntity
  8
штамп A4 альбомный
  6
ByLayer
 62
  256
370
   -1
100
AcDbMText
 10
196.6
 20
109
 30
0
 40
2
 41
12.16666666666676
 71
    1
 72
    1
  1
Н. контр.
  7
cyrillic_ii
210
0
220
0
230
1
 50
90
 73
    2
 44
1
  0
MTEXT
  5
366
100
AcDbEntity
  8
штамп A4 альбомный
  6
ByLayer
 62
  256
370
   -1
100
AcDbMText
 10
201.6
 20
109
 30
0
 40
2
 41
5.333333333333426
 71
    1
 72
    1
  1
Утв.
  7
cyrillic_ii
210
0
220
0
230
1
 50
90
 73
    2
 44
1
  0
MTEXT
  5
367
100
AcDbEntity
  8
штамп A4 альбомный
  6
ByLayer
 62
  256
370
   -1
100
AcDbMText
 10
186.5
 20
249
 30
0
 40
2
 41
6.000000000000092
 71
    1
 72
    1
  1
Лист
  7
cyrillic_ii
210
0
220
0
230
1
 50
90
 73
    2
 44
1
  0
MTEXT
  5
368
100
AcDbEntity
  8
штамп A4 альбомный
  6
ByLayer
 62
  256
370
   -1
100
AcDbMText
 10
186.5
 20
271
 30
0
 40
2
 41
9.111111111111205
 71
    1
 72
    1
  1
Листов
  7
cyrillic_ii
210
0
220
0
230
1
 50
90
 73
    2
 44
1
  0
LINE
  5
369
100
AcDbEntity
  8
штамп A4 альбомный
  6
CONTINUOUS
 62
    1
370
   60
100
AcDbLine
 10
205
 20
107
 11
205
 21
292
  0
LINE
  5
36A
100
AcDbEntity
  8
штамп A4 альбомный
  6
CONTINUOUS
 62
    1
370
   60
100
AcDbLine
 10
190
 20
262
 11
185
 21
262
  0
LINE
  5
36B
100
AcDbEntity
  8
штамп A4 альбомный
  6
CONTINUOUS
 62
    1
370
   60
100
AcDbLine
 10
185
 20
257
 11
165
 21
257
  0
LINE
  5
36C
100
AcDbEntity
  8
штамп A4 альбомный
  6
CONTINUOUS
 62
    5
370
   20
100
AcDbLine
 10
185
 20
252
 11
170
 21
252
  0
LINE
  5
36D
100
AcDbEntity
  8
штамп A4 альбомный
  6
CONTINUOUS
 62
    1
370
   60
100
AcDbLine
 10
185
 20
274
 11
165
 21
274
  0
LINE
  5
36E
100
AcDbEntity
  8
штамп A4 альбомный
  6
CONTINUOUS
 62
    5
370
   20
100
AcDbLine
 10
185
 20
247
 11
170
 21
247
  0
LINE
  5
36F
100
AcDbEntity
  8
штамп A4 альбомный
  6
CONTINUOUS
 62
    1
370
   60
100
AcDbLine
 10
205
 20
242
 11
165
 21
242
  0
LINE
  5
370
100
AcDbEntity
  8
штамп A4 альбомный
  6
CONTINUOUS
 62
    1
370
   60
100
AcDbLine
 10
170
 20
242
 11
170
 21
292
  0
LINE
  5
371
100
AcDbEntity
  8
штамп A4 альбомный
  6
CONTINUOUS
 62
    1
370
   60
100
AcDbLine
 10
185
 20
242
 11
185
 21
292
  0
LINE
  5
372
100
AcDbEntity
  8
штамп A4 альбомный
  6
CONTINUOUS
 62
    1
370
   60
100
AcDbLine
 10
205
 20
162
 11
150
 21
162
  0
LINE
  5
373
100
AcDbEntity
  8
штамп A4 альбомный
  6
CONTINUOUS
 62
    1
370
   60
100
AcDbLine
 10
205
 20
147
 11
150
 21
147
  0
LINE
  5
374
100
AcDbEntity
  8
штамп A4 альбомный
  6
CONTINUOUS
 62
    1
370
   60
100
AcDbLine
 10
205
 20
124
 11
150
 21
124
  0
LINE
  5
375
100
AcDbEntity
  8
штамп A4 альбомный
  6
CONTINUOUS
 62
    1
370
   60
100
AcDbLine
 10
205
 20
172
 11
150
 21
172
  0
LINE
  5
376
100
AcDbEntity
  8
штамп A4 альбомный
  6
CONTINUOUS
 62
    1
370
   60
100
AcDbLine
 10
175
 20
114
 11
150
 21
114
  0
LINE
  5
377
100
AcDbEntity
  8
штамп A4 альбомный
  6
CONTINUOUS
 62
    5
370
   20
100
AcDbLine
 10
155
 20
107
 11
155
 21
172
  0
LINE
  5
378
100
AcDbEntity
  8
штамп A4 альбомный
  6
CONTINUOUS
 62
    5
370
   20
100
AcDbLine
 10
160
 20
107
 11
160
 21
172
  0
LINE
  5
379
100
AcDbEntity
  8
штамп A4 альбомный
  6
CONTINUOUS
 62
    5
370
   20
100
AcDbLine
 10
165
 20
107
 11
165
 21
172
  0
LINE
  5
37A
100
AcDbEntity
  8
штамп A4 альбомный
  6
CONTINUOUS
 62
    5
370
   20
100
AcDbLine
 10
180
 20
107
 11
180
 21
172
  0
LINE
  5
37B
100
AcDbEntity
  8
штамп A4 альбомный
  6
CONTINUOUS
 62
    5
370
   20
100
AcDbLine
 10
185
 20
107
 11
185
 21
172
  0
LINE
  5
37C
100
AcDbEntity
  8
штамп A4 альбомный
  6
CONTINUOUS
 62
    5
370
   20
100
AcDbLine
 10
190
 20
107
 11
190
 21
172
  0
LINE
  5
37D
100
AcDbEntity
  8
штамп A4 альбомный
  6
CONTINUOUS
 62
    5
370
   20
100
AcDbLine
 10
195
 20
107
 11
195
 21
172
  0
LINE
  5
37E
100
AcDbEntity
  8
штамп A4 альбомный
  6
CONTINUOUS
 62
    5
370
   20
100
AcDbLine
 10
200
 20
107
 11
200
 21
172
  0
LINE
  5
37F
100
AcDbEntity
  8
штамп A4 альбомный
  6
CONTINUOUS
 62
    1
370
   60
100
AcDbLine
 10
170
 20
107
 11
170
 21
172
  0
LINE
  5
380
100
AcDbEntity
  8
штамп A4 альбомный
  6
CONTINUOUS
 62
    1
370
   60
100
AcDbLine
 10
175
 20
107
 11
175
 21
172
  0
LINE
  5
381
100
AcDbEntity
  8
штамп A4 альбомный
  6
CONTINUOUS
 62
    1
370
   60
100
AcDbLine
 10
150
 20
107
 11
150
 21
292
  0
LINE
  5
382
100
AcDbEntity
  8
штамп A4 альбомный
  6
CONTINUOUS
 62
    1
370
   60
100
AcDbLine
 10
205
 20
107
 11
205
 21
292
  0
LINE
  5
383
100
AcDbEntity
  8
штамп A4 альбомный
  6
CONTINUOUS
 62
    1
370
   60
100
AcDbLine
 10
165
 20
172
 11
165
 21
292
  0
LINE
  5
384
100
AcDbEntity
  8
штамп A4 альбомный
  6
CONTINUOUS
 62
    1
370
   60
100
AcDbLine
 10
190
 20
172
 11
190
 21
292
  0
LINE
  5
385
100
AcDbEntity
  8
штамп A4 альбомный
  6
CONTINUOUS
 62
    1
370
   60
100
AcDbLine
 10
204.9999997464974
 20
107
 11
149.9999997464974
 21
107
  0
LINE
  5
386
100
AcDbEntity
  8
штамп A4 альбомный
  6
CONTINUOUS
 62
    1
370
   60
100
AcDbLine
 10
150
 20
292
 11
205
 21
292
  0
LINE
  5
387
100
AcDbEntity
  8
штамп A4 альбомный
  6
CONTINUOUS
 62
    1
370
   60
100
AcDbLine
 10
205
 20
107
 11
149.9999997464974
 21
107
  0
ENDBLK
  5
174
330
172
100
AcDbEntity
  8
0
100
AcDbBlockEnd
  0
BLOCK
  5
176
330
175
100
AcDbEntity
  8
0
100
AcDbBlockBegin
  2
штамп A4 книжный
 70
    0
 10
0
 20
0
  3
штамп A4 книжный
  1

  0
MTEXT
  5
388
100
AcDbEntity
  8
0
  6
ByLayer
 62
  256
370
   -1
100
AcDbMText
 10
29
 20
38.5
 30
0
 40
2
 41
6.000000000000092
 71
    1
 72
    1
  1
Лист
  7
cyrillic_ii
210
0
220
0
230
1
 50
0
 73
    2
 44
1
  0
MTEXT
  5
389
100
AcDbEntity
  8
0
  6
ByLayer
 62
  256
370
   -1
100
AcDbMText
 10
62.4
 20
38.5
 30
0
 40
2
 41
10.22222222222232
 71
    1
 72
    1
  1
Подпись
  7
cyrillic_ii
210
0
220
0
230
1
 50
0
 73
    2
 44
1
  0
MTEXT
  5
38A
100
AcDbEntity
  8
0
  6
ByLayer
 62
  256
370
   -1
100
AcDbMText
 10
39.7
 20
38.5
 30
0
 40
2
 41
17.6111111111112
 71
    1
 72
    1
  1
N документа
  7
cyrillic_ii
210
0
220
0
230
1
 50
0
 73
    2
 44
1
  0
MTEXT
  5
38B
100
AcDbEntity
  8
0
  6
ByLayer
 62
  256
370
   -1
100
AcDbMText
 10
21.3
 20
38.5
 30
0
 40
2
 41
4.444444444444444
 71
    1
 72
    1
  1
Изм
  7
cyrillic_ii
210
0
220
0
230
1
 50
0
 73
    2
 44
1
  0
MTEXT
  5
38C
100
AcDbEntity
  8
0
  6
ByLayer
 62
  256
370
   -1
100
AcDbMText
 10
160.1
 20
43.50000000000001
 30
0
 40
2
 41
5.333333333333426
 71
    1
 72
    1
  1
Лит.
  7
cyrillic_ii
210
0
220
0
230
1
 50
0
 73
    2
 44
1
  0
MTEXT
  5
38D
100
AcDbEntity
  8
0
  6
ByLayer
 62
  256
370
   -1
100
AcDbMText
 10
174.5
 20
43.5
 30
0
 40
2
 41
7.777777777777777
 71
    1
 72
    1
  1
Масса
  7
cyrillic_ii
210
0
220
0
230
1
 50
0
 73
    2
 44
1
  0
MTEXT
  5
38E
100
AcDbEntity
  8
0
  6
ByLayer
 62
  256
370
   -1
100
AcDbMText
 10
190
 20
43.50000000000001
 30
0
 40
2
 41
12.00000000000009
 71
    1
 72
    1
  1
Масштаб
  7
cyrillic_ii
210
0
220
0
230
1
 50
0
 73
    2
 44
1
  0
MTEXT
  5
38F
100
AcDbEntity
  8
0
  6
ByLayer
 62
  256
370
   -1
100
AcDbMText
 10
76.5
 20
38.5
 30
0
 40
2
 41
7.111111111111204
 71
    1
 72
    1
  1
Дата
  7
cyrillic_ii
210
0
220
0
230
1
 50
0
 73
    2
 44
1
  0
MTEXT
  5
390
100
AcDbEntity
  8
0
  6
ByLayer
 62
  256
370
   -1
100
AcDbMText
 10
22
 20
33.40000000000001
 30
0
 40
2
 41
10.22222222222222
 71
    1
 72
    1
  1
Разраб.
  7
cyrillic_ii
210
0
220
0
230
1
 50
0
 73
    2
 44
1
  0
MTEXT
  5
391
100
AcDbEntity
  8
0
  6
ByLayer
 62
  256
370
   -1
100
AcDbMText
 10
22
 20
28.4
 30
0
 40
2
 41
6.444444444444444
 71
    1
 72
    1
  1
Пров.
  7
cyrillic_ii
210
0
220
0
230
1
 50
0
 73
    2
 44
1
  0
MTEXT
  5
392
100
AcDbEntity
  8
0
  6
ByLayer
 62
  256
370
   -1
100
AcDbMText
 10
22
 20
23.4
 30
0
 40
2
 41
10.88888888888898
 71
    1
 72
    1
  1
Т.контр.
  7
cyrillic_ii
210
0
220
0
230
1
 50
0
 73
    2
 44
1
  0
MTEXT
  5
393
100
AcDbEntity
  8
0
  6
ByLayer
 62
  256
370
   -1
100
AcDbMText
 10
22
 20
13.4
 30
0
 40
2
 41
12.16666666666676
 71
    1
 72
    1
  1
Н. контр.
  7
cyrillic_ii
210
0
220
0
230
1
 50
0
 73
    2
 44
1
  0
MTEXT
  5
394
100
AcDbEntity
  8
0
  6
ByLayer
 62
  256
370
   -1
100
AcDbMText
 10
22
 20
8.400000000000002
 30
0
 40
2
 41
5.333333333333426
 71
    1
 72
    1
  1
Утв.
  7
cyrillic_ii
210
0
220
0
230
1
 50
0
 73
    2
 44
1
  0
MTEXT
  5
395
100
AcDbEntity
  8
0
  6
ByLayer
 62
  256
370
   -1
100
AcDbMText
 10
162
 20
23.5
 30
0
 40
2
 41
6.000000000000092
 71
    1
 72
    1
  1
Лист
  7
cyrillic_ii
210
0
220
0
230
1
 50
0
 73
    2
 44
1
  0
MTEXT
  5
396
100
AcDbEntity
  8
0
  6
ByLayer
 62
  256
370
   -1
100
AcDbMText
 10
184
 20
23.5
 30
0
 40
2
 41
9.111111111111205
 71
    1
 72
    1
  1
Листов
  7
cyrillic_ii
210
0
220
0
230
1
 50
0
 73
    2
 44
1
  0
LINE
  5
397
100
AcDbEntity
  8
0
  6
CONTINUOUS
 62
    5
370
   20
100
AcDbLine
 10
210
 20
297
 11
210
 21
0
  0
LINE
  5
398
100
AcDbEntity
  8
0
  6
CONTINUOUS
 62
    5
370
   20
100
AcDbLine
 10
0
 20
0
 11
0
 21
297
  0
LINE
  5
399
100
AcDbEntity
  8
0
  6
CONTINUOUS
 62
    5
370
   20
100
AcDbLine
 10
0
 20
0
 11
210
 21
0
  0
LINE
  5
39A
100
AcDbEntity
  8
0
  6
CONTINUOUS
 62
    5
370
   20
100
AcDbLine
 10
0
 20
297
 11
210
 21
297
  0
LINE
  5
39B
100
AcDbEntity
  8
0
  6
CONTINUOUS
 62
    1
370
   60
100
AcDbLine
 10
20
 20
5
 11
205
 21
5
  0
LINE
  5
39C
100
AcDbEntity
  8
0
  6
CONTINUOUS
 62
    1
370
   60
100
AcDbLine
 10
20
 20
292
 11
205
 21
292
  0
LINE
  5
39D
100
AcDbEntity
  8
0
  6
CONTINUOUS
 62
    1
370
   60
100
AcDbLine
 10
205
 20
292
 11
205
 21
5
  0
LINE
  5
39E
100
AcDbEntity
  8
0
  6
CONTINUOUS
 62
    1
370
   60
100
AcDbLine
 10
20
 20
5
 11
20
 21
292
  0
LINE
  5
39F
100
AcDbEntity
  8
0
  6
CONTINUOUS
 62
    1
370
   60
100
AcDbLine
 10
175
 20
20
 11
175
 21
25
  0
LINE
  5
3A0
100
AcDbEntity
  8
0
  6
CONTINUOUS
 62
    1
370
   60
100
AcDbLine
 10
170
 20
25
 11
170
 21
45
  0
LINE
  5
3A1
100
AcDbEntity
  8
0
  6
CONTINUOUS
 62
    5
370
   20
100
AcDbLine
 10
165
 20
25
 11
165
 21
40
  0
LINE
  5
3A2
100
AcDbEntity
  8
0
  6
CONTINUOUS
 62
    1
370
   60
100
AcDbLine
 10
187
 20
25
 11
187
 21
45
  0
LINE
  5
3A3
100
AcDbEntity
  8
0
  6
CONTINUOUS
 62
    5
370
   20
100
AcDbLine
 10
160
 20
25
 11
160
 21
40
  0
LINE
  5
3A4
100
AcDbEntity
  8
0
  6
CONTINUOUS
 62
    1
370
   60
100
AcDbLine
 10
155
 20
5
 11
155
 21
45
  0
LINE
  5
3A5
100
AcDbEntity
  8
0
  6
CONTINUOUS
 62
    1
370
   60
100
AcDbLine
 10
155
 20
40
 11
205
 21
40
  0
LINE
  5
3A6
100
AcDbEntity
  8
0
  6
CONTINUOUS
 62
    1
370
   60
100
AcDbLine
 10
155
 20
25
 11
205
 21
25
  0
LINE
  5
3A7
100
AcDbEntity
  8
0
  6
CONTINUOUS
 62
    1
370
   60
100
AcDbLine
 10
75
 20
5
 11
75
 21
60
  0
LINE
  5
3A8
100
AcDbEntity
  8
0
  6
CONTINUOUS
 62
    1
370
   60
100
AcDbLine
 10
60
 20
5
 11
60
 21
60
  0
LINE
  5
3A9
100
AcDbEntity
  8
0
  6
CONTINUOUS
 62
    1
370
   60
100
AcDbLine
 10
37
 20
5
 11
37
 21
60
  0
LINE
  5
3AA
100
AcDbEntity
  8
0
  6
CONTINUOUS
 62
    1
370
   60
100
AcDbLine
 10
85
 20
5
 11
85
 21
60
  0
LINE
  5
3AB
100
AcDbEntity
  8
0
  6
CONTINUOUS
 62
    1
370
   60
100
AcDbLine
 10
27
 20
35
 11
27
 21
60
  0
LINE
  5
3AC
100
AcDbEntity
  8
0
  6
CONTINUOUS
 62
    5
370
   20
100
AcDbLine
 10
20
 20
55
 11
85
 21
55
  0
LINE
  5
3AD
100
AcDbEntity
  8
0
  6
CONTINUOUS
 62
    5
370
   20
100
AcDbLine
 10
20
 20
50
 11
85
 21
50
  0
LINE
  5
3AE
100
AcDbEntity
  8
0
  6
CONTINUOUS
 62
    5
370
   20
100
AcDbLine
 10
20
 20
45
 11
85
 21
45
  0
LINE
  5
3AF
100
AcDbEntity
  8
0
  6
CONTINUOUS
 62
    5
370
   20
100
AcDbLine
 10
20
 20
30
 11
85
 21
30
  0
LINE
  5
3B0
100
AcDbEntity
  8
0
  6
CONTINUOUS
 62
    5
370
   20
100
AcDbLine
 10
20
 20
25
 11
85
 21
25
  0
LINE
  5
3B1
100
AcDbEntity
  8
0
  6
CONTINUOUS
 62
    5
370
   20
100
AcDbLine
 10
20
 20
20
 11
85
 21
20
  0
LINE
  5
3B2
100
AcDbEntity
  8
0
  6
CONTINUOUS
 62
    5
370
   20
100
AcDbLine
 10
20
 20
15
 11
85
 21
15
  0
LINE
  5
3B3
100
AcDbEntity
  8
0
  6
CONTINUOUS
 62
    5
370
   20
100
AcDbLine
 10
20
 20
10
 11
85
 21
10
  0
LINE
  5
3B4
100
AcDbEntity
  8
0
  6
CONTINUOUS
 62
    1
370
   60
100
AcDbLine
 10
20
 20
40
 11
85
 21
40
  0
LINE
  5
3B5
100
AcDbEntity
  8
0
  6
CONTINUOUS
 62
    1
370
   60
100
AcDbLine
 10
20
 20
35
 11
85
 21
35
  0
LINE
  5
3B6
100
AcDbEntity
  8
0
  6
CONTINUOUS
 62
    1
370
   60
100
AcDbLine
 10
20
 20
60
 11
205
 21
60
  0
LINE
  5
3B7
100
AcDbEntity
  8
0
  6
CONTINUOUS
 62
    1
370
   60
100
AcDbLine
 10
20
 20
5
 11
205
 21
5
  0
LINE
  5
3B8
100
AcDbEntity
  8
0
  6
CONTINUOUS
 62
    1
370
   60
100
AcDbLine
 10
85
 20
45
 11
205
 21
45
  0
LINE
  5
3B9
100
AcDbEntity
  8
0
  6
CONTINUOUS
 62
    1
370
   60
100
AcDbLine
 10
85
 20
20
 11
205
 21
20
  0
LINE
  5
3BA
100
AcDbEntity
  8
0
  6
CONTINUOUS
 62
    1
370
   60
100
AcDbLine
 10
20
 20
5.000000253502606
 11
20
 21
60.00000025350261
  0
ENDBLK
  5
177
330
175
100
AcDbEntity
  8
0
100
AcDbBlockEnd
  0
BLOCK
  5
179
330
178
100
AcDbEntity
  8
0
100
AcDbBlockBegin
  2
штамп A4 спецификация
 70
    0
 10
0
 20
0
  3
штамп A4 спецификация
  1

  0
LINE
  5
3BB
100
AcDbEntity
  8
штамп А4 спецификация
  6
CONTINUOUS
 62
    5
370
   20
100
AcDbLine
 10
210
 20
297
 11
210
 21
0
  0
LINE
  5
3BC
100
AcDbEntity
  8
штамп А4 спецификация
  6
CONTINUOUS
 62
    5
370
   20
100
AcDbLine
 10
0
 20
0
 11
0
 21
297
  0
LINE
  5
3BD
100
AcDbEntity
  8
штамп А4 спецификация
  6
CONTINUOUS
 62
    5
370
   20
100
AcDbLine
 10
0
 20
0
 11
210
 21
0
  0
LINE
  5
3BE
100
AcDbEntity
  8
штамп А4 спецификация
  6
CONTINUOUS
 62
    5
370
   20
100
AcDbLine
 10
0
 20
297
 11
210
 21
297
  0
LINE
  5
3BF
100
AcDbEntity
  8
штамп А4 спецификация
  6
CONTINUOUS
 62
    1
370
   60
100
AcDbLine
 10
20
 20
5
 11
205
 21
5
  0
LINE
  5
3C0
100
AcDbEntity
  8
штамп А4 спецификация
  6
CONTINUOUS
 62
    1
370
   60
100
AcDbLine
 10
20
 20
292
 11
205
 21
292
  0
LINE
  5
3C1
100
AcDbEntity
  8
штамп А4 спецификация
  6
CONTINUOUS
 62
    1
370
   60
100
AcDbLine
 10
205
 20
292
 11
205
 21
5
  0
LINE
  5
3C2
100
AcDbEntity
  8
штамп А4 спецификация
  6
CONTINUOUS
 62
    1
370
   60
100
AcDbLine
 10
20
 20
5
 11
20
 21
292
  0
LINE
  5
3C3
100
AcDbEntity
  8
штамп А4 спецификация
  6
CONTINUOUS
 62
    5
370
   20
100
AcDbLine
 10
20
 20
25
 11
85
 21
25
  0
LINE
  5
3C4
100
AcDbEntity
  8
штамп А4 спецификация
  6
CONTINUOUS
 62
    5
370
   20
100
AcDbLine
 10
20
 20
20
 11
85
 21
20
  0
LINE
  5
3C5
100
AcDbEntity
  8
штамп А4 спецификация
  6
CONTINUOUS
 62
    5
370
   20
100
AcDbLine
 10
20
 20
15
 11
85
 21
15
  0
LINE
  5
3C6
100
AcDbEntity
  8
штамп А4 спецификация
  6
CONTINUOUS
 62
    5
370
   20
100
AcDbLine
 10
20
 20
10
 11
85
 21
10
  0
LINE
  5
3C7
100
AcDbEntity
  8
штамп А4 спецификация
  6
CONTINUOUS
 62
    1
370
   60
100
AcDbLine
 10
20
 20
5
 11
205
 21
5
  0
LINE
  5
3C8
100
AcDbEntity
  8
штамп А4 спецификация
  6
CONTINUOUS
 62
    1
370
   60
100
AcDbLine
 10
20
 20
5.000000253502606
 11
20
 21
60.00000025350261
  0
MTEXT
  5
3C9
100
AcDbEntity
  8
штамп А4 спецификация
  6
ByLayer
 62
  256
370
   -1
100
AcDbMText
 10
22
 20
28.00000000000001
 30
0
 40
2
 41
10.22222222222222
 71
    1
 72
    1
  1
Разраб.
  7
cyrillic_ii
210
0
220
0
230
1
 50
0
 73
    2
 44
1
  0
MTEXT
  5
3CA
100
AcDbEntity
  8
штамп А4 спецификация
  6
ByLayer
 62
  256
370
   -1
100
AcDbMText
 10
22
 20
23
 30
0
 40
2
 41
6.444444444444444
 71
    1
 72
    1
  1
Пров.
  7
cyrillic_ii
210
0
220
0
230
1
 50
0
 73
    2
 44
1
  0
MTEXT
  5
3CB
100
AcDbEntity
  8
штамп А4 спецификация
  6
ByLayer
 62
  256
370
   -1
100
AcDbMText
 10
22
 20
18
 30
0
 40
2
 41
10.88888888888898
 71
    1
 72
    1
  1
Т.контр.
  7
cyrillic_ii
210
0
220
0
230
1
 50
0
 73
    2
 44
1
  0
MTEXT
  5
3CC
100
AcDbEntity
  8
штамп А4 спецификация
  6
ByLayer
 62
  256
370
   -1
100
AcDbMText
 10
22
 20
8
 30
0
 40
2
 41
12.16666666666676
 71
    1
 72
    1
  1
Н. контр.
  7
cyrillic_ii
210
0
220
0
230
1
 50
0
 73
    2
 44
1
  0
MTEXT
  5
3CD
100
AcDbEntity
  8
штамп А4 спецификация
  6
ByLayer
 62
  256
370
   -1
100
AcDbMText
 10
29
 20
33.5
 30
0
 40
2
 41
6.000000000000092
 71
    1
 72
    1
  1
Лист
  7
cyrillic_ii
210
0
220
0
230
1
 50
0
 73
    2
 44
1
  0
MTEXT
  5
3CE
100
AcDbEntity
  8
штамп А4 спецификация
  6
ByLayer
 62
  256
370
   -1
100
AcDbMText
 10
62.4
 20
33.5
 30
0
 40
2
 41
10.22222222222232
 71
    1
 72
    1
  1
Подпись
  7
cyrillic_ii
210
0
220
0
230
1
 50
0
 73
    2
 44
1
  0
MTEXT
  5
3CF
100
AcDbEntity
  8
штамп А4 спецификация
  6
ByLayer
 62
  256
370
   -1
100
AcDbMText
 10
39.7
 20
33.5
 30
0
 40
2
 41
17.6111111111112
 71
    1
 72
    1
  1
N документа
  7
cyrillic_ii
210
0
220
0
230
1
 50
0
 73
    2
 44
1
  0
MTEXT
  5
3D0
100
AcDbEntity
  8
штамп А4 спецификация
  6
ByLayer
 62
  256
370
   -1
100
AcDbMText
 10
21.3
 20
33.5
 30
0
 40
2
 41
4.444444444444444
 71
    1
 72
    1
  1
Изм
  7
cyrillic_ii
210
0
220
0
230
1
 50
0
 73
    2
 44
1
  0
MTEXT
  5
3D1
100
AcDbEntity
  8
штамп А4 спецификация
  6
ByLayer
 62
  256
370
   -1
100
AcDbMText
 10
76.5
 20
33.5
 30
0
 40
2
 41
7.111111111111204
 71
    1
 72
    1
  1
Дата
  7
cyrillic_ii
210
0
220
0
230
1
 50
0
 73
    2
 44
1
  0
LINE
  5
3D2
100
AcDbEntity
  8
штамп А4 спецификация
  6
CONTINUOUS
 62
    5
370
   20
100
AcDbLine
 10
20
 20
40
 11
85
 21
40
  0
LINE
  5
3D3
100
AcDbEntity
  8
штамп А4 спецификация
  6
CONTINUOUS
 62
    1
370
   60
100
AcDbLine
 10
20
 20
35
 11
85
 21
35
  0
LINE
  5
3D4
100
AcDbEntity
  8
штамп А4 спецификация
  6
CONTINUOUS
 62
    1
370
   60
100
AcDbLine
 10
20
 20
30
 11
85
 21
30
  0
LINE
  5
3D5
100
AcDbEntity
  8
штамп А4 спецификация
  6
CONTINUOUS
 62
    1
370
   60
100
AcDbLine
 10
20
 20
45
 11
205
 21
45
  0
LINE
  5
3D6
100
AcDbEntity
  8
штамп А4 спецификация
  6
CONTINUOUS
 62
    1
370
   60
100
AcDbLine
 10
85
 20
5
 11
85
 21
45
  0
LINE
  5
3D7
100
AcDbEntity
  8
штамп А4 спецификация
  6
CONTINUOUS
 62
    1
370
   60
100
AcDbLine
 10
75
 20
5
 11
75
 21
45
  0
LINE
  5
3D8
100
AcDbEntity
  8
штамп А4 спецификация
  6
CONTINUOUS
 62
    1
370
   60
100
AcDbLine
 10
60
 20
5
 11
60
 21
45
  0
LINE
  5
3D9
100
AcDbEntity
  8
штамп А4 спецификация
  6
CONTINUOUS
 62
    1
370
   60
100
AcDbLine
 10
37
 20
5
 11
37
 21
45
  0
LINE
  5
3DA
100
AcDbEntity
  8
штамп А4 спецификация
  6
CONTINUOUS
 62
    1
370
   60
100
AcDbLine
 10
27
 20
35
 11
27
 21
45
  0
LINE
  5
3DB
100
AcDbEntity
  8
штамп А4 спецификация
  6
CONTINUOUS
 62
    1
370
   60
100
AcDbLine
 10
85
 20
30
 11
205
 21
30.00437047154489
  0
LINE
  5
3DC
100
AcDbEntity
  8
штамп А4 спецификация
  6
CONTINUOUS
 62
    1
370
   60
100
AcDbLine
 10
155
 20
20
 11
205
 21
20
  0
MTEXT
  5
3DD
100
AcDbEntity
  8
штамп А4 спецификация
  6
ByLayer
 62
  256
370
   -1
100
AcDbMText
 10
160.1
 20
28.5043704715449
 30
0
 40
2
 41
5.333333333333426
 71
    1
 72
    1
  1
Лит.
  7
cyrillic_ii
210
0
220
0
230
1
 50
0
 73
    2
 44
1
  0
LINE
  5
3DE
100
AcDbEntity
  8
штамп А4 спецификация
  6
CONTINUOUS
 62
    1
370
   60
100
AcDbLine
 10
155
 20
25.00437047154489
 11
205
 21
25.00437047154489
  0
LINE
  5
3DF
100
AcDbEntity
  8
штамп А4 спецификация
  6
CONTINUOUS
 62
    5
370
   20
100
AcDbLine
 10
165
 20
20
 11
165
 21
25.00437047154489
  0
LINE
  5
3E0
100
AcDbEntity
  8
штамп А4 спецификация
  6
CONTINUOUS
 62
    5
370
   20
100
AcDbLine
 10
160
 20
20
 11
160
 21
25
  0
LINE
  5
3E1
100
AcDbEntity
  8
штамп А4 спецификация
  6
CONTINUOUS
 62
    1
370
   60
100
AcDbLine
 10
187
 20
20
 11
187
 21
30
  0
LINE
  5
3E2
100
AcDbEntity
  8
штамп А4 спецификация
  6
CONTINUOUS
 62
    1
370
   60
100
AcDbLine
 10
170
 20
20
 11
170
 21
30
  0
MTEXT
  5
3E3
100
AcDbEntity
  8
штамп А4 спецификация
  6
ByLayer
 62
  256
370
   -1
100
AcDbMText
 10
191.5
 20
28.5
 30
0
 40
2
 41
9.111111111111205
 71
    1
 72
    1
  1
Листов
  7
cyrillic_ii
210
0
220
0
230
1
 50
0
 73
    2
 44
1
  0
MTEXT
  5
3E4
100
AcDbEntity
  8
штамп А4 спецификация
  6
ByLayer
 62
  256
370
   -1
100
AcDbMText
 10
175.5
 20
28.5
 30
0
 40
2
 41
6.000000000000092
 71
    1
 72
    1
  1
Лист
  7
cyrillic_ii
210
0
220
0
230
1
 50
0
 73
    2
 44
1
  0
LINE
  5
3E5
100
AcDbEntity
  8
штамп А4 спецификация
  6
CONTINUOUS
 62
    1
370
   60
100
AcDbLine
 10
155
 20
5
 11
155
 21
30
  0
LINE
  5
3E6
100
AcDbEntity
  8
штамп А4 спецификация
  6
CONTINUOUS
 62
    1
370
   25
100
AcDbLine
 10
20
 20
270
 11
205
 21
270
  0
LINE
  5
3E7
100
AcDbEntity
  8
штамп А4 спецификация
  6
CONTINUOUS
 62
    1
370
   25
100
AcDbLine
 10
20
 20
262
 11
205
 21
262
  0
LINE
  5
3E8
100
AcDbEntity
  8
штамп А4 спецификация
  6
CONTINUOUS
 62
    1
370
   25
100
AcDbLine
 10
20
 20
254
 11
205
 21
254
  0
LINE
  5
3E9
100
AcDbEntity
  8
штамп А4 спецификация
  6
CONTINUOUS
 62
    1
370
   25
100
AcDbLine
 10
20
 20
246
 11
205
 21
246
  0
LINE
  5
3EA
100
AcDbEntity
  8
штамп А4 спецификация
  6
CONTINUOUS
 62
    1
370
   25
100
AcDbLine
 10
20
 20
238
 11
205
 21
238
  0
LINE
  5
3EB
100
AcDbEntity
  8
штамп А4 спецификация
  6
CONTINUOUS
 62
    1
370
   25
100
AcDbLine
 10
20
 20
230
 11
205
 21
230
  0
LINE
  5
3EC
100
AcDbEntity
  8
штамп А4 спецификация
  6
CONTINUOUS
 62
    1
370
   25
100
AcDbLine
 10
20
 20
222
 11
205
 21
222
  0
LINE
  5
3ED
100
AcDbEntity
  8
штамп А4 спецификация
  6
CONTINUOUS
 62
    1
370
   25
100
AcDbLine
 10
20
 20
214
 11
205
 21
214
  0
LINE
  5
3EE
100
AcDbEntity
  8
штамп А4 спецификация
  6
CONTINUOUS
 62
    1
370
   25
100
AcDbLine
 10
20
 20
206
 11
205
 21
206
  0
LINE
  5
3EF
100
AcDbEntity
  8
штамп А4 спецификация
  6
CONTINUOUS
 62
    1
370
   25
100
AcDbLine
 10
20
 20
198
 11
205
 21
198
  0
LINE
  5
3F0
100
AcDbEntity
  8
штамп А4 спецификация
  6
CONTINUOUS
 62
    1
370
   25
100
AcDbLine
 10
20
 20
190
 11
205
 21
190
  0
LINE
  5
3F1
100
AcDbEntity
  8
штамп А4 спецификация
  6
CONTINUOUS
 62
    1
370
   25
100
AcDbLine
 10
20
 20
182
 11
205
 21
182
  0
LINE
  5
3F2
100
AcDbEntity
  8
штамп А4 спецификация
  6
CONTINUOUS
 62
    1
370
   25
100
AcDbLine
 10
20
 20
174
 11
205
 21
174
  0
LINE
  5
3F3
100
AcDbEntity
  8
штамп А4 спецификация
  6
CONTINUOUS
 62
    1
370
   25
100
AcDbLine
 10
20
 20
166
 11
205
 21
166
  0
LINE
  5
3F4
100
AcDbEntity
  8
штамп А4 спецификация
  6
CONTINUOUS
 62
    1
370
   25
100
AcDbLine
 10
20
 20
158
 11
205
 21
158
  0
LINE
  5
3F5
100
AcDbEntity
  8
штамп А4 спецификация
  6
CONTINUOUS
 62
    1
370
   25
100
AcDbLine
 10
20
 20
150
 11
205
 21
150
  0
LINE
  5
3F6
100
AcDbEntity
  8
штамп А4 спецификация
  6
CONTINUOUS
 62
    1
370
   25
100
AcDbLine
 10
20
 20
142
 11
205
 21
142
  0
LINE
  5
3F7
100
AcDbEntity
  8
штамп А4 спецификация
  6
CONTINUOUS
 62
    1
370
   25
100
AcDbLine
 10
20
 20
134
 11
205
 21
134
  0
LINE
  5
3F8
100
AcDbEntity
  8
штамп А4 спецификация
  6
CONTINUOUS
 62
    1
370
   25
100
AcDbLine
 10
20
 20
126
 11
205
 21
126
  0
LINE
  5
3F9
100
AcDbEntity
  8
штамп А4 спецификация
  6
CONTINUOUS
 62
    1
370
   25
100
AcDbLine
 10
20
 20
118
 11
205
 21
118
  0
LINE
  5
3FA
100
AcDbEntity
  8
штамп А4 спецификация
  6
CONTINUOUS
 62
    1
370
   25
100
AcDbLine
 10
20
 20
110
 11
205
 21
110
  0
LINE
  5
3FB
100
AcDbEntity
  8
штамп А4 спецификация
  6
CONTINUOUS
 62
    1
370
   25
100
AcDbLine
 10
20
 20
102
 11
205
 21
102
  0
LINE
  5
3FC
100
AcDbEntity
  8
штамп А4 спецификация
  6
CONTINUOUS
 62
    1
370
   25
100
AcDbLine
 10
20
 20
94
 11
205
 21
94
  0
LINE
  5
3FD
100
AcDbEntity
  8
штамп А4 спецификация
  6
CONTINUOUS
 62
    1
370
   25
100
AcDbLine
 10
20
 20
86
 11
205
 21
86
  0
LINE
  5
3FE
100
AcDbEntity
  8
штамп А4 спецификация
  6
CONTINUOUS
 62
    1
370
   25
100
AcDbLine
 10
20
 20
78
 11
205
 21
78
  0
LINE
  5
3FF
100
AcDbEntity
  8
штамп А4 спецификация
  6
CONTINUOUS
 62
    1
370
   25
100
AcDbLine
 10
20
 20
70
 11
205
 21
70
  0
LINE
  5
400
100
AcDbEntity
  8
штамп А4 спецификация
  6
CONTINUOUS
 62
    1
370
   25
100
AcDbLine
 10
20
 20
62
 11
205
 21
62
  0
LINE
  5
401
100
AcDbEntity
  8
штамп А4 спецификация
  6
CONTINUOUS
 62
    1
370
   25
100
AcDbLine
 10
20
 20
54
 11
205
 21
54
  0
LINE
  5
402
100
AcDbEntity
  8
штамп А4 спецификация
  6
CONTINUOUS
 62
    1
370
   60
100
AcDbLine
 10
20
 20
278
 11
205
 21
278
  0
LINE
  5
403
100
AcDbEntity
  8
штамп А4 спецификация
  6
ByLayer
 62
    1
370
   60
100
AcDbLine
 10
26.01560630250761
 20
292
 11
26
 21
45
  0
LINE
  5
404
100
AcDbEntity
  8
штамп А4 спецификация
  6
ByLayer
 62
    1
370
   60
100
AcDbLine
 10
32
 20
292
 11
32
 21
45
  0
LINE
  5
405
100
AcDbEntity
  8
штамп А4 спецификация
  6
ByLayer
 62
    1
370
   60
100
AcDbLine
 10
40
 20
45
 11
40
 21
292
  0
LINE
  5
406
100
AcDbEntity
  8
штамп А4 спецификация
  6
ByLayer
 62
    1
370
   60
100
AcDbLine
 10
110
 20
45
 11
110
 21
292
  0
LINE
  5
407
100
AcDbEntity
  8
штамп А4 спецификация
  6
ByLayer
 62
    1
370
   60
100
AcDbLine
 10
173
 20
292
 11
173
 21
45
  0
LINE
  5
408
100
AcDbEntity
  8
штамп А4 спецификация
  6
ByLayer
 62
    1
370
   60
100
AcDbLine
 10
183
 20
292
 11
183
 21
45
  0
MTEXT
  5
409
100
AcDbEntity
  8
штамп А4 спецификация
  6
ByLayer
 62
  256
370
   -1
100
AcDbMText
 10
184
 20
287
 30
0
 40
4
 41
19.55555555555555
 71
    1
 72
    1
  1
Примеч.
  7
cyrillic_ii
210
0
220
0
230
1
 50
0
 73
    2
 44
1
  0
MTEXT
  5
40A
100
AcDbEntity
  8
штамп А4 спецификация
  6
ByLayer
 62
  256
370
   -1
100
AcDbMText
 10
123
 20
287
 30
0
 40
4
 41
38.22222222222222
 71
    1
 72
    1
  1
Наименивание
  7
cyrillic_ii
210
0
220
0
230
1
 50
0
 73
    2
 44
1
  0
MTEXT
  5
40B
100
AcDbEntity
  8
штамп А4 спецификация
  6
ByLayer
 62
  256
370
   -1
100
AcDbMText
 10
58
 20
287
 30
0
 40
4
 41
34.66666666666666
 71
    1
 72
    1
  1
Обозначание
  7
cyrillic_ii
210
0
220
0
230
1
 50
0
 73
    2
 44
1
  0
MTEXT
  5
40C
100
AcDbEntity
  8
штамп А4 спецификация
  6
ByLayer
 62
  256
370
   -1
100
AcDbMText
 10
27
 20
279
 30
0
 40
4
 41
12.12844444444444
 71
    1
 72
    1
  1
Зона
  7
cyrillic_ii
210
0
220
0
230
1
 50
90
 73
    2
 44
1
  0
MTEXT
  5
40D
100
AcDbEntity
  8
штамп А4 спецификация
  6
ByLayer
 62
  256
370
   -1
100
AcDbMText
 10
21
 20
279
 30
0
 40
4
 41
12.44444444444444
 71
    1
 72
    1
  1
Форм
  7
cyrillic_ii
210
0
220
0
230
1
 50
90
 73
    2
 44
1
  0
MTEXT
  5
40E
100
AcDbEntity
  8
штамп А4 спецификация
  6
ByLayer
 62
  256
370
   -1
100
AcDbMText
 10
34
 20
280
 30
0
 40
4
 41
9.777777777777777
 71
    1
 72
    1
  1
Поз.
  7
cyrillic_ii
210
0
220
0
230
1
 50
90
 73
    2
 44
1
  0
MTEXT
  5
40F
100
AcDbEntity
  8
штамп А4 спецификация
  6
ByLayer
 62
  256
370
   25
100
AcDbMText
 10
173.8
 20
287
 30
0
 40
4
 41
8.444444444444443
 71
    1
 72
    1
  1
Кол
  7
cyrillic_ii
210
0
220
0
230
1
 50
0
 73
    2
 44
1
  0
ENDBLK
  5
17A
330
178
100
AcDbEntity
  8
0
100
AcDbBlockEnd
  0
BLOCK
  5
17C
330
17B
100
AcDbEntity
  8
0
100
AcDbBlockBegin
  2
рукоятка
 70
    0
 10
0
 20
0
  3
рукоятка
  1

  0
LINE
  5
410
100
AcDbEntity
  8
01. рукоятка
  6
ByLayer
 62
  256
370
   -1
100
AcDbLine
 10
124
 20
-110
 11
164
 21
-110
  0
SPLINE
  5
411
100
AcDbEntity
  8
01. рукоятка
  6
ByLayer
 62
  256
370
   -1
100
AcDbSpline
210
0
220
0
230
0
 70
    8
 71
    2
 72
    7
 73
    4
 74
    0
 42
1e-07
 43
1e-07
 40
0
 40
0
 40
0
 40
0.5
 40
1
 40
1
 40
1
 10
164
 20
-110
 30
0
 10
163.5307712516329
 20
-83.44993874363709
 30
0
 10
141.9010951486155
 20
-48.5340001217285
 30
0
 10
149
 20
-30
 30
0
  0
LINE
  5
412
100
AcDbEntity
  8
01. рукоятка
  6
ByLayer
 62
  256
370
   -1
100
AcDbLine
 10
114.5630884413172
 20
-59.92676122583251
 11
110.4586121690739
 21
-38.14798125688779
  0
LINE
  5
413
100
AcDbEntity
  8
01. рукоятка
  6
ByLayer
 62
  256
370
   -1
100
AcDbLine
 10
21.18033988749897
 20
-30
 11
100.6316072044288
 21
-30
  0
ARC
  5
414
100
AcDbEntity
  8
01. рукоятка
  6
ByLayer
 62
  256
370
   -1
100
AcDbCircle
 10
100.632
 20
-40
 40
10
100
AcDbArc
 50
10.6729
 51
90
  0
SPLINE
  5
415
100
AcDbEntity
  8
01. рукоятка
  6
ByLayer
 62
  256
370
   -1
100
AcDbSpline
210
0
220
0
230
0
 70
    8
 71
    2
 72
    8
 73
    5
 74
    0
 42
1e-07
 43
1e-07
 40
0
 40
0
 40
0
 40
0.3333333333333333
 40
0.6666666666666666
 40
1
 40
1
 40
1
 10
124
 20
-110
 30
0
 10
125.4960079973976
 20
-99.49687438981931
 30
0
 10
118.0207068240832
 20
-84.66519558682259
 30
0
 10
119.7246684126735
 20
-68.69407514761599
 30
0
 10
114.563
 20
-59.92699999999999
 30
0
  0
ARC
  5
416
100
AcDbEntity
  8
01. рукоятка
  6
ByLayer
 62
  256
370
   -1
100
AcDbCircle
 10
21.1803
 20
-20
 40
10
100
AcDbArc
 50
206.565
 51
270
  0
LINE
  5
417
100
AcDbEntity
  8
01. рукоятка
  6
ByLayer
 62
  256
370
   -1
100
AcDbLine
 10
0
 20
10
 11
12.23606797749977
 21
-24.4721359549996
  0
LINE
  5
418
100
AcDbEntity
  8
01. рукоятка
  6
ByLayer
 62
  256
370
   -1
100
AcDbLine
 10
160
 20
10
 11
0
 21
10
  0
LINE
  5
419
100
AcDbEntity
  8
01. рукоятка
  6
ByLayer
 62
  256
370
   -1
100
AcDbLine
 10
160
 20
0
 11
160
 21
10
  0
LINE
  5
41A
100
AcDbEntity
  8
01. рукоятка
  6
ByLayer
 62
  256
370
   -1
100
AcDbLine
 10
149
 20
-30
 11
160
 21
0
  0
ENDBLK
  5
17D
330
17B
100
AcDbEntity
  8
0
100
AcDbBlockEnd
  0
BLOCK
  5
17F
330
17E
100
AcDbEntity
  8
0
100
AcDbBlockBegin
  2
полукруг
 70
    0
 10
0
 20
0
  3
полукруг
  1

  0
HATCH
  5
41B
100
AcDbEntity
  8
0
  6
ByLayer
 62
  256
370
   -1
100
AcDbHatch
 10
0
 20
0
 30
0
210
0
220
0
230
1
  2
gost_non-metal
 70
    0
 71
    0
 91
    1
 92
    0
 93
    4
 72
    1
 10
-3.552713678800501e-15
 20
-4.440892098500626e-16
 11
1.013291255763177
 21
6.49543211199699e-05
 72
    2
 10
15.80349369046012
 20
-2.499917433753828
 40
15.00000000000001
 50
189.5940000000001
 51
260.4059000000001
 73
    0
 72
    1
 10
13.30348548861608
 20
12.2902806376282
 11
13.30349350984113
 21
13.30356316695264
 72
    2
 10
15.80349369046016
 20
-2.499917433753813
 40
16.00000000000001
 50
98.98930000000006
 51
171.011
 73
    1
 97
    0
 75
    0
 76
    1
 52
0
 41
0.1
 77
    0
 78
    0
 98
    0
  0
LWPOLYLINE
  5
41C
100
AcDbEntity
  8
0
  6
ByLayer
 62
  256
370
   -1
100
AcDbPolyline
 90
    4
 70
    1
 43
0
 10
-3.552713678800501e-15
 20
-4.440892098500626e-16
 10
1.013291255763178
 20
6.495432112085808e-05
 42
-0.3191979223267763
 10
13.30348548861608
 20
12.2902806376282
 10
13.30349350984113
 20
13.30356316695264
 42
0.3250243796333596
  0
ENDBLK
  5
180
330
17E
100
AcDbEntity
  8
0
100
AcDbBlockEnd
  0
BLOCK
  5
182
330
181
100
AcDbEntity
  8
0
100
AcDbBlockBegin
  2
светодиод
 70
    0
 10
0
 20
0
  3
светодиод
  1

  0
HATCH
  5
41D
100
AcDbEntity
  8
032. схема подключения
  6
ByLayer
 62
  256
370
   -1
100
AcDbHatch
 10
0
 20
0
 30
0
210
0
220
0
230
1
  2
SOLID
 70
    1
 71
    0
 91
    1
 92
    0
 93
    4
 72
    1
 10
-4.999999999999993
 20
3.999999999999986
 11
-5
 21
3.399999999999991
 72
    1
 10
-5
 20
3.399999999999991
 11
-1.199999999999996
 21
2.899999999999991
 72
    1
 10
-1.199999999999996
 20
2.899999999999991
 11
-1.199999999999996
 21
3.999999999999986
 72
    1
 10
-1.199999999999996
 20
3.999999999999986
 11
-4.999999999999993
 21
3.999999999999986
 97
    0
 75
    0
 76
    1
 98
    0
  0
LINE
  5
41E
100
AcDbEntity
  8
032. схема подключения
  6
ByLayer
 62
  256
370
   13
100
AcDbLine
 10
-1.200000000000003
 20
3.5
 11
3
 21
3.5
  0
LINE
  5
41F
100
AcDbEntity
  8
032. схема подключения
  6
ByLayer
 62
  256
370
   13
100
AcDbLine
 10
-1.200000000000003
 20
1.5
 11
6
 21
1.5
  0
LWPOLYLINE
  5
420
100
AcDbEntity
  8
032. схема подключения
  6
ByLayer
 62
  256
370
   13
100
AcDbPolyline
 90
    4
 70
    1
 43
0
 10
-1
 20
5
 10
0
 20
5
 10
0
 20
0
 10
-1
 20
0
  0
LWPOLYLINE
  5
421
100
AcDbEntity
  8
03. сборочный чертеж
  6
ByLayer
 62
  256
370
   -1
100
AcDbPolyline
 90
    4
 70
    1
 43
0
 10
-1
 20
0.5
 10
-1
 20
0.5
 10
-1
 20
4.5
 10
-1
 20
4.5
  0
LINE
  5
422
100
AcDbEntity
  8
03. сборочный чертеж
  6
ByLayer
 62
  256
370
   -1
100
AcDbLine
 10
-1
 20
4.5
 11
-1
 21
0.5
  0
LWPOLYLINE
  5
423
100
AcDbEntity
  8
03. сборочный чертеж
  6
ByLayer
 62
  256
370
   -1
100
AcDbPolyline
 90
    4
 70
    1
 43
0
 10
-1
 20
4.5
 10
-1
 20
4.5
 10
-1
 20
0.5
 10
-1
 20
0.5
  0
LINE
  5
424
100
AcDbEntity
  8
03. сборочный чертеж
  6
ByLayer
 62
  256
370
   -1
100
AcDbLine
 10
-1
 20
0.5
 11
-1
 21
4.5
  0
LWPOLYLINE
  5
425
100
AcDbEntity
  8
03. сборочный чертеж
  6
ByLayer
 62
  256
370
   -1
100
AcDbPolyline
 90
    4
 70
    1
 43
0
 10
-1
 20
4.5
 10
-1
 20
4.5
 10
-1
 20
0.5
 10
-1
 20
0.5
  0
LINE
  5
426
100
AcDbEntity
  8
03. сборочный чертеж
  6
ByLayer
 62
  256
370
   -1
100
AcDbLine
 10
-1
 20
0.5
 11
-1
 21
4.5
  0
LWPOLYLINE
  5
427
100
AcDbEntity
  8
03. сборочный чертеж
  6
ByLayer
 62
  256
370
   -1
100
AcDbPolyline
 90
    4
 70
    1
 43
0
 10
-1
 20
0.5
 10
-1
 20
0.5
 10
-1
 20
4.5
 10
-1
 20
4.5
  0
LINE
  5
428
100
AcDbEntity
  8
03. сборочный чертеж
  6
ByLayer
 62
  256
370
   -1
100
AcDbLine
 10
-1
 20
4.5
 11
-1
 21
0.5
  0
LWPOLYLINE
  5
429
100
AcDbEntity
  8
032. схема подключения
  6
ByLayer
 62
  256
370
   13
100
AcDbPolyline
 90
    4
 70
    1
 43
0
 10
-4.999999999999993
 20
1
 10
-5
 20
2.899999999999991
 10
-1.199999999999996
 20
2.299999999999997
 10
-1.199999999999996
 20
1
  0
LINE
  5
42A
100
AcDbEntity
  8
032. схема подключения
  6
ByLayer
 62
  256
370
   13
100
AcDbLine
 10
-1
 20
0.5
 11
-5
 21
0.5
  0
LINE
  5
42B
100
AcDbEntity
  8
032. схема подключения
  6
ByLayer
 62
  256
370
   13
100
AcDbLine
 10
-5
 20
4.5
 11
-1
 21
4.5
  0
ARC
  5
42C
100
AcDbEntity
  8
032. схема подключения
  6
ByLayer
 62
  256
370
   13
100
AcDbCircle
 10
-5
 20
2.5
 40
2
100
AcDbArc
 50
90
 51
270
  0
LWPOLYLINE
  5
42D
100
AcDbEntity
  8
032. схема подключения
  6
ByLayer
 62
  256
370
   13
100
AcDbPolyline
 90
    4
 70
    1
 43
0
 10
-4.999999999999993
 20
3.999999999999986
 10
-5
 20
3.399999999999991
 10
-1.199999999999996
 20
2.899999999999991
 10
-1.199999999999996
 20
3.999999999999986
  0
ENDBLK
  5
183
330
181
100
AcDbEntity
  8
0
100
AcDbBlockEnd
  0
BLOCK
  5
185
330
184
100
AcDbEntity
  8
0
100
AcDbBlockBegin
  2
рукоятка 03
 70
    0
 10
0
 20
0
  3
рукоятка 03
  1

  0
LWPOLYLINE
  5
42E
100
AcDbEntity
  8
03. сборочный чертеж
  6
ByLayer
 62
  256
370
   -1
100
AcDbPolyline
 90
   15
 70
    0
 43
0
 10
34.47213595499957
 20
-147.7639320225002
 10
-2.842170943040401e-14
 20
-160
 10
-3.002900526979588e-14
 20
-61.5
 42
0.9999999999999999
 10
-2.966162336364916e-14
 20
-58.5
 10
-3.002900526979588e-14
 20
-49.5
 42
0.9999999999999999
 10
-2.966162336364916e-14
 20
-46.5
 10
-9.600901616712182e-15
 20
-37.5
 42
0.9999999999999999
 10
-1.239913933247629e-15
 20
-34.499999999994
 10
-3.002900526979588e-14
 20
-25.5
 42
0.9999999999999999
 10
-2.966162336364916e-14
 20
-22.5
 10
-3.002900526979588e-14
 20
-13.5
 42
0.9999999999999999
 10
-2.966162336364916e-14
 20
-10.5
 10
-2.842170943040401e-14
 20
0
 10
9.999999999999972
 20
0
 10
39.99999999999997
 20
-11
  0
LINE
  5
42F
100
AcDbEntity
  8
03. сборочный чертеж
  6
ByLayer
 62
  256
370
   -1
100
AcDbLine
 10
69.9268
 20
-45.4369
 11
48.148
 21
-49.5414
  0
SPLINE
  5
430
100
AcDbEntity
  8
03. сборочный чертеж
  6
ByLayer
 62
  256
370
   -1
100
AcDbSpline
210
0
220
0
230
0
 70
    8
 71
    2
 72
    7
 73
    4
 74
    0
 42
1e-07
 43
1e-07
 40
0
 40
0
 40
0
 40
0.5
 40
1
 40
1
 40
1
 10
120
 20
4
 30
0
 10
93.4499
 20
3.53077
 30
0
 10
58.534
 20
-18.0989
 30
0
 10
40
 20
-11
 30
0
  0
LWPOLYLINE
  5
431
100
AcDbEntity
  8
03. сборочный чертеж
  6
ByLayer
 62
  256
370
   -1
100
AcDbPolyline
 90
    2
 70
    0
 43
0
 10
120
 20
-36
 10
120
 20
4
  0
SPLINE
  5
432
100
AcDbEntity
  8
03. сборочный чертеж
  6
ByLayer
 62
  256
370
   -1
100
AcDbSpline
210
0
220
0
230
0
 70
    8
 71
    2
 72
    8
 73
    5
 74
    0
 42
1e-07
 43
1e-07
 40
0
 40
0
 40
0
 40
0.3333333333333333
 40
0.6666666666666666
 40
1
 40
1
 40
1
 10
120
 20
-36
 30
0
 10
109.497
 20
-34.504
 30
0
 10
94.6652
 20
-41.979
 30
0
 10
78.69410000000001
 20
-40.275
 30
0
 10
69.92700000000001
 20
-45.437
 30
0
  0
ARC
  5
433
100
AcDbEntity
  8
03. сборочный чертеж
  6
ByLayer
 62
  256
370
   -1
100
AcDbCircle
 10
50
 20
-59.368
 40
10
100
AcDbArc
 50
100.673
 51
180
  0
LINE
  5
434
100
AcDbEntity
  8
03. сборочный чертеж
  6
ByLayer
 62
  256
370
   -1
100
AcDbLine
 10
40
 20
-138.82
 11
40
 21
-59.3684
  0
ARC
  5
435
100
AcDbEntity
  8
03. сборочный чертеж
  6
ByLayer
 62
  256
370
   -1
100
AcDbCircle
 10
30
 20
-138.82
 40
10
100
AcDbArc
 50
296.565
 51
0
  0
LINE
  5
436
100
AcDbEntity
  8
03. сборочный чертеж
  6
ByLayer
 62
  256
370
   -1
100
AcDbLine
 10
-1
 20
-12
 11
2
 21
-12
  0
LINE
  5
437
100
AcDbEntity
  8
03. сборочный чертеж
  6
ByLayer
 62
  256
370
   -1
100
AcDbLine
 10
-1
 20
-24
 11
2
 21
-24
  0
LINE
  5
438
100
AcDbEntity
  8
03. сборочный чертеж
  6
ByLayer
 62
  256
370
   -1
100
AcDbLine
 10
-1
 20
-36
 11
2
 21
-36
  0
LINE
  5
439
100
AcDbEntity
  8
03. сборочный чертеж
  6
ByLayer
 62
  256
370
   -1
100
AcDbLine
 10
-1
 20
-48
 11
2
 21
-48
  0
LINE
  5
43A
100
AcDbEntity
  8
03. сборочный чертеж
  6
ByLayer
 62
  256
370
   -1
100
AcDbLine
 10
-1
 20
-60
 11
2
 21
-60
  0
LINE
  5
43B
100
AcDbEntity
  8
03. сборочный чертеж
  6
ByLayer
 62
  256
370
   -1
100
AcDbLine
 10
22
 20
-57
 11
22
 21
-61
  0
CIRCLE
  5
43C
100
AcDbEntity
  8
03. сборочный чертеж
  6
ByLayer
 62
  256
370
   -1
100
AcDbCircle
 10
22
 20
-59
 40
1
  0
LINE
  5
43D
100
AcDbEntity
  8
03. сборочный чертеж
  6
ByLayer
 62
  256
370
   -1
100
AcDbLine
 10
20
 20
-59
 11
24
 21
-59
  0
CIRCLE
  5
43E
100
AcDbEntity
  8
03. сборочный чертеж
  6
ByLayer
 62
  256
370
   -1
100
AcDbCircle
 10
5
 20
-67
 40
0.5
  0
LINE
  5
43F
100
AcDbEntity
  8
03. сборочный чертеж
  6
ByLayer
 62
  256
370
   -1
100
AcDbLine
 10
4
 20
-67
 11
6
 21
-67
  0
LINE
  5
440
100
AcDbEntity
  8
03. сборочный чертеж
  6
ByLayer
 62
  256
370
   -1
100
AcDbLine
 10
5
 20
-66
 11
5
 21
-68
  0
CIRCLE
  5
441
100
AcDbEntity
  8
03. сборочный чертеж
  6
ByLayer
 62
  256
370
   -1
100
AcDbCircle
 10
35
 20
-105
 40
1
  0
LINE
  5
442
100
AcDbEntity
  8
03. сборочный чертеж
  6
ByLayer
 62
  256
370
   -1
100
AcDbLine
 10
33
 20
-105
 11
37
 21
-105
  0
LINE
  5
443
100
AcDbEntity
  8
03. сборочный чертеж
  6
ByLayer
 62
  256
370
   -1
100
AcDbLine
 10
35
 20
-103
 11
35
 21
-107
  0
LINE
  5
444
100
AcDbEntity
  8
03. сборочный чертеж
  6
ByLayer
 62
  256
370
   -1
100
AcDbLine
 10
33
 20
-135
 11
37
 21
-135
  0
CIRCLE
  5
445
100
AcDbEntity
  8
03. сборочный чертеж
  6
ByLayer
 62
  256
370
   -1
100
AcDbCircle
 10
5
 20
-105
 40
1
  0
LINE
  5
446
100
AcDbEntity
  8
03. сборочный чертеж
  6
ByLayer
 62
  256
370
   -1
100
AcDbLine
 10
3
 20
-105
 11
7
 21
-105
  0
LINE
  5
447
100
AcDbEntity
  8
03. сборочный чертеж
  6
ByLayer
 62
  256
370
   -1
100
AcDbLine
 10
5
 20
-103
 11
5
 21
-107
  0
LINE
  5
448
100
AcDbEntity
  8
03. сборочный чертеж
  6
ByLayer
 62
  256
370
   -1
100
AcDbLine
 10
5
 20
-118
 11
5
 21
-122
  0
CIRCLE
  5
449
100
AcDbEntity
  8
03. сборочный чертеж
  6
ByLayer
 62
  256
370
   -1
100
AcDbCircle
 10
5
 20
-120
 40
1
  0
LINE
  5
44A
100
AcDbEntity
  8
03. сборочный чертеж
  6
ByLayer
 62
  256
370
   -1
100
AcDbLine
 10
3
 20
-120
 11
7
 21
-120
  0
LINE
  5
44B
100
AcDbEntity
  8
03. сборочный чертеж
  6
ByLayer
 62
  256
370
   -1
100
AcDbLine
 10
35
 20
-133
 11
35
 21
-137
  0
CIRCLE
  5
44C
100
AcDbEntity
  8
03. сборочный чертеж
  6
ByLayer
 62
  256
370
   -1
100
AcDbCircle
 10
35
 20
-135
 40
1
  0
LINE
  5
44D
100
AcDbEntity
  8
03. сборочный чертеж
  6
ByLayer
 62
  256
370
   -1
100
AcDbLine
 10
3
 20
-135
 11
7
 21
-135
  0
CIRCLE
  5
44E
100
AcDbEntity
  8
03. сборочный чертеж
  6
ByLayer
 62
  256
370
   -1
100
AcDbCircle
 10
5
 20
-135
 40
1
  0
LINE
  5
44F
100
AcDbEntity
  8
03. сборочный чертеж
  6
ByLayer
 62
  256
370
   -1
100
AcDbLine
 10
5
 20
-133
 11
5
 21
-137
  0
LINE
  5
450
100
AcDbEntity
  8
03. сборочный чертеж
  6
ByLayer
 62
  256
370
   -1
100
AcDbLine
 10
3
 20
-150
 11
7
 21
-150
  0
CIRCLE
  5
451
100
AcDbEntity
  8
03. сборочный чертеж
  6
ByLayer
 62
  256
370
   -1
100
AcDbCircle
 10
5
 20
-150
 40
1
  0
LINE
  5
452
100
AcDbEntity
  8
03. сборочный чертеж
  6
ByLayer
 62
  256
370
   -1
100
AcDbLine
 10
5
 20
-148
 11
5
 21
-152
  0
ENDBLK
  5
186
330
184
100
AcDbEntity
  8
0
100
AcDbBlockEnd
  0
BLOCK
  5
188
330
187
100
AcDbEntity
  8
0
100
AcDbBlockBegin
  2
рукоятка 02
 70
    0
 10
0
 20
0
  3
рукоятка 02
  1

  0
LWPOLYLINE
  5
453
100
AcDbEntity
  8
03. сборочный чертеж
  6
ByLayer
 62
  256
370
   -1
100
AcDbPolyline
 90
   15
 70
    0
 43
0
 10
34.4721359549996
 20
-147.7639320225002
 10
0
 20
-160
 10
-1.239913933245157e-15
 20
-61.5
 42
0.9999999999999999
 10
-8.725320270984434e-16
 20
-58.5
 10
-1.239913933245157e-15
 20
-49.5
 42
0.9999999999999999
 10
-8.725320270984434e-16
 20
-46.5
 10
-1.706059203418784e-14
 20
-37.49999999999999
 42
0.9999999999999999
 10
-7.059985734060256e-16
 20
-34.49999999999397
 10
-1.239913933245157e-15
 20
-25.5
 42
0.9999999999999999
 10
-8.725320270984434e-16
 20
-22.5
 10
-1.239913933245157e-15
 20
-13.5
 42
0.9999999999999999
 10
-8.725320270984434e-16
 20
-10.5
 10
0
 20
0
 10
10
 20
0
 10
40
 20
-11
  0
SPLINE
  5
454
100
AcDbEntity
  8
03. сборочный чертеж
  6
ByLayer
 62
  256
370
   -1
100
AcDbSpline
210
0
220
0
230
0
 70
    8
 71
    2
 72
    7
 73
    4
 74
    0
 42
1e-07
 43
1e-07
 40
0
 40
0
 40
0
 40
0.5
 40
1
 40
1
 40
1
 10
120
 20
4
 30
0
 10
93.45
 20
3.531000000000006
 30
0
 10
58.53399999999999
 20
-18.09899999999999
 30
0
 10
40
 20
-11
 30
0
  0
LWPOLYLINE
  5
455
100
AcDbEntity
  8
03. сборочный чертеж
  6
ByLayer
 62
  256
370
   -1
100
AcDbPolyline
 90
    2
 70
    0
 43
0
 10
120
 20
-36
 10
120
 20
4
  0
LINE
  5
456
100
AcDbEntity
  8
03. сборочный чертеж
  6
ByLayer
 62
  256
370
   -1
100
AcDbLine
 10
69.92699999999999
 20
-45.43700000000001
 11
48.148
 21
-49.541
  0
SPLINE
  5
457
100
AcDbEntity
  8
03. сборочный чертеж
  6
ByLayer
 62
  256
370
   -1
100
AcDbSpline
210
0
220
0
230
0
 70
    8
 71
    2
 72
    8
 73
    5
 74
    0
 42
1e-07
 43
1e-07
 40
0
 40
0
 40
0
 40
0.3333333333333333
 40
0.6666666666666666
 40
1
 40
1
 40
1
 10
120
 20
-36
 30
0
 10
109.497
 20
-34.50399999999999
 30
0
 10
94.66500000000001
 20
-41.97900000000001
 30
0
 10
78.694
 20
-40.27500000000001
 30
0
 10
69.92699999999999
 20
-45.43700000000001
 30
0
  0
ARC
  5
458
100
AcDbEntity
  8
03. сборочный чертеж
  6
ByLayer
 62
  256
370
   -1
100
AcDbCircle
 10
50
 20
-59.36799999999999
 40
10
100
AcDbArc
 50
100.673
 51
180
  0
LINE
  5
459
100
AcDbEntity
  8
03. сборочный чертеж
  6
ByLayer
 62
  256
370
   -1
100
AcDbLine
 10
40
 20
-138.82
 11
40
 21
-59.36799999999999
  0
ARC
  5
45A
100
AcDbEntity
  8
03. сборочный чертеж
  6
ByLayer
 62
  256
370
   -1
100
AcDbCircle
 10
30
 20
-138.82
 40
10
100
AcDbArc
 50
296.565
 51
0
  0
CIRCLE
  5
45B
100
AcDbEntity
  8
03. сборочный чертеж
  6
ByLayer
 62
  256
370
   -1
100
AcDbCircle
 10
21
 20
-24
 40
8
  0
CIRCLE
  5
45C
100
AcDbEntity
  8
03. сборочный чертеж
  6
ByLayer
 62
  256
370
   -1
100
AcDbCircle
 10
21
 20
-44
 40
7
  0
CIRCLE
  5
45D
100
AcDbEntity
  8
03. сборочный чертеж
  6
ByLayer
 62
  256
370
   -1
100
AcDbCircle
 10
11
 20
-22
 40
0.5
  0
CIRCLE
  5
45E
100
AcDbEntity
  8
03. сборочный чертеж
  6
ByLayer
 62
  256
370
   -1
100
AcDbCircle
 10
17
 20
-22
 40
0.5
  0
CIRCLE
  5
45F
100
AcDbEntity
  8
03. сборочный чертеж
  6
ByLayer
 62
  256
370
   -1
100
AcDbCircle
 10
25
 20
-22
 40
0.5
  0
CIRCLE
  5
460
100
AcDbEntity
  8
03. сборочный чертеж
  6
ByLayer
 62
  256
370
   -1
100
AcDbCircle
 10
21
 20
-27
 40
0.5
  0
CIRCLE
  5
461
100
AcDbEntity
  8
03. сборочный чертеж
  6
ByLayer
 62
  256
370
   -1
100
AcDbCircle
 10
35
 20
-22
 40
0.5
  0
CIRCLE
  5
462
100
AcDbEntity
  8
03. сборочный чертеж
  6
ByLayer
 62
  256
370
   -1
100
AcDbCircle
 10
35
 20
-27
 40
0.5
  0
CIRCLE
  5
463
100
AcDbEntity
  8
03. сборочный чертеж
  6
CONTINUOUS
 62
  256
370
   -1
100
AcDbCircle
 10
28.917
 20
-34.041
 40
2
  0
CIRCLE
  5
464
100
AcDbEntity
  8
03. сборочный чертеж
  6
ByLayer
 62
  256
370
   -1
100
AcDbCircle
 10
11
 20
-37
 40
0.5
  0
CIRCLE
  5
465
100
AcDbEntity
  8
03. сборочный чертеж
  6
ByLayer
 62
  256
370
   -1
100
AcDbCircle
 10
24
 20
-44
 40
0.5
  0
CIRCLE
  5
466
100
AcDbEntity
  8
03. сборочный чертеж
  6
ByLayer
 62
  256
370
   -1
100
AcDbCircle
 10
18
 20
-44
 40
0.5
  0
CIRCLE
  5
467
100
AcDbEntity
  8
03. сборочный чертеж
  6
ByLayer
 62
  256
370
   -1
100
AcDbCircle
 10
7
 20
-51
 40
0.5
  0
CIRCLE
  5
468
100
AcDbEntity
  8
03. сборочный чертеж
  6
ByLayer
 62
  256
370
   -1
100
AcDbCircle
 10
11
 20
-51
 40
0.5
  0
CIRCLE
  5
469
100
AcDbEntity
  8
03. сборочный чертеж
  6
ByLayer
 62
  256
370
   -1
100
AcDbCircle
 10
35
 20
-51
 40
0.5
  0
CIRCLE
  5
46A
100
AcDbEntity
  8
03. сборочный чертеж
  6
ByLayer
 62
  256
370
   -1
100
AcDbCircle
 10
29
 20
-56
 40
0.5
  0
CIRCLE
  5
46B
100
AcDbEntity
  8
03. сборочный чертеж
  6
ByLayer
 62
  256
370
   -1
100
AcDbCircle
 10
22
 20
-59
 40
1
  0
CIRCLE
  5
46C
100
AcDbEntity
  8
03. сборочный чертеж
  6
ByLayer
 62
  256
370
   -1
100
AcDbCircle
 10
15
 20
-56
 40
0.5
  0
CIRCLE
  5
46D
100
AcDbEntity
  8
03. сборочный чертеж
  6
ByLayer
 62
  256
370
   -1
100
AcDbCircle
 10
14
 20
-67
 40
6
  0
CIRCLE
  5
46E
100
AcDbEntity
  8
03. сборочный чертеж
  6
ByLayer
 62
  256
370
   -1
100
AcDbCircle
 10
11
 20
-60
 40
0.5
  0
CIRCLE
  5
46F
100
AcDbEntity
  8
03. сборочный чертеж
  6
ByLayer
 62
  256
370
   -1
100
AcDbCircle
 10
5
 20
-67
 40
0.5
  0
CIRCLE
  5
470
100
AcDbEntity
  8
03. сборочный чертеж
  6
ByLayer
 62
  256
370
   -1
100
AcDbCircle
 10
28
 20
-67
 40
6
  0
CIRCLE
  5
471
100
AcDbEntity
  8
03. сборочный чертеж
  6
ByLayer
 62
  256
370
   -1
100
AcDbCircle
 10
35
 20
-69
 40
0.5
  0
CIRCLE
  5
472
100
AcDbEntity
  8
03. сборочный чертеж
  6
ByLayer
 62
  256
370
   -1
100
AcDbCircle
 10
29
 20
-75
 40
0.5
  0
CIRCLE
  5
473
100
AcDbEntity
  8
03. сборочный чертеж
  6
ByLayer
 62
  256
370
   -1
100
AcDbCircle
 10
35
 20
-75
 40
0.5
  0
CIRCLE
  5
474
100
AcDbEntity
  8
03. сборочный чертеж
  6
ByLayer
 62
  256
370
   -1
100
AcDbCircle
 10
35
 20
-80
 40
0.5
  0
CIRCLE
  5
475
100
AcDbEntity
  8
03. сборочный чертеж
  6
ByLayer
 62
  256
370
   -1
100
AcDbCircle
 10
22
 20
-79
 40
0.5
  0
CIRCLE
  5
476
100
AcDbEntity
  8
03. сборочный чертеж
  6
ByLayer
 62
  256
370
   -1
100
AcDbCircle
 10
20
 20
-79
 40
0.5
  0
CIRCLE
  5
477
100
AcDbEntity
  8
03. сборочный чертеж
  6
ByLayer
 62
  256
370
   -1
100
AcDbCircle
 10
15
 20
-75
 40
0.5
  0
CIRCLE
  5
478
100
AcDbEntity
  8
03. сборочный чертеж
  6
ByLayer
 62
  256
370
   -1
100
AcDbCircle
 10
7
 20
-80
 40
0.5
  0
CIRCLE
  5
479
100
AcDbEntity
  8
03. сборочный чертеж
  6
ByLayer
 62
  256
370
   -1
100
AcDbCircle
 10
5
 20
-105
 40
1
  0
CIRCLE
  5
47A
100
AcDbEntity
  8
03. сборочный чертеж
  6
ByLayer
 62
  256
370
   -1
100
AcDbCircle
 10
35
 20
-105
 40
1
  0
CIRCLE
  5
47B
100
AcDbEntity
  8
03. сборочный чертеж
  6
ByLayer
 62
  256
370
   -1
100
AcDbCircle
 10
35
 20
-135
 40
1
  0
CIRCLE
  5
47C
100
AcDbEntity
  8
03. сборочный чертеж
  6
ByLayer
 62
  256
370
   -1
100
AcDbCircle
 10
5
 20
-120
 40
1
  0
CIRCLE
  5
47D
100
AcDbEntity
  8
03. сборочный чертеж
  6
ByLayer
 62
  256
370
   -1
100
AcDbCircle
 10
5
 20
-135
 40
1
  0
CIRCLE
  5
47E
100
AcDbEntity
  8
03. сборочный чертеж
  6
ByLayer
 62
  256
370
   -1
100
AcDbCircle
 10
5
 20
-150
 40
1
  0
ENDBLK
  5
189
330
187
100
AcDbEntity
  8
0
100
AcDbBlockEnd
  0
BLOCK
  5
18B
330
18A
100
AcDbEntity
  8
0
100
AcDbBlockBegin
  2
штамп А4 титул
 70
    0
 10
0
 20
0
  3
штамп А4 титул
  1

  0
LINE
  5
47F
100
AcDbEntity
  8
штамп А4 титул
  6
CONTINUOUS
 62
    5
370
   20
100
AcDbLine
 10
210
 20
297
 11
210
 21
0
  0
LINE
  5
480
100
AcDbEntity
  8
штамп А4 титул
  6
CONTINUOUS
 62
    5
370
   20
100
AcDbLine
 10
0
 20
0
 11
0
 21
297
  0
LINE
  5
481
100
AcDbEntity
  8
штамп А4 титул
  6
CONTINUOUS
 62
    5
370
   20
100
AcDbLine
 10
0
 20
0
 11
210
 21
0
  0
LINE
  5
482
100
AcDbEntity
  8
штамп А4 титул
  6
CONTINUOUS
 62
    5
370
   20
100
AcDbLine
 10
0
 20
297
 11
210
 21
297
  0
LINE
  5
483
100
AcDbEntity
  8
штамп А4 титул
  6
CONTINUOUS
 62
    1
370
   60
100
AcDbLine
 10
20
 20
5
 11
205
 21
5
  0
LINE
  5
484
100
AcDbEntity
  8
штамп А4 титул
  6
CONTINUOUS
 62
    1
370
   60
100
AcDbLine
 10
20
 20
292
 11
205
 21
292
  0
LINE
  5
485
100
AcDbEntity
  8
штамп А4 титул
  6
CONTINUOUS
 62
    1
370
   60
100
AcDbLine
 10
205
 20
292
 11
205
 21
5
  0
LINE
  5
486
100
AcDbEntity
  8
штамп А4 титул
  6
CONTINUOUS
 62
    1
370
   60
100
AcDbLine
 10
20
 20
5
 11
20
 21
292
  0
LINE
  5
487
100
AcDbEntity
  8
штамп А4 титул
  6
CONTINUOUS
 62
    1
370
   60
100
AcDbLine
 10
20
 20
5
 11
205
 21
5
  0
LINE
  5
488
100
AcDbEntity
  8
штамп А4 титул
  6
CONTINUOUS
 62
    1
370
   60
100
AcDbLine
 10
20
 20
5.000000253502606
 11
20
 21
60.00000025350261
  0
ENDBLK
  5
18C
330
18A
100
AcDbEntity
  8
0
100
AcDbBlockEnd
  0
ENDSEC
  0
SECTION
  2
ENTITIES
  0
IMAGE
  5
48B
100
AcDbEntity
  8
00. титульный
  6
ByLayer
 62
  256
370
   -1
100
AcDbRasterImage
 10
93
 20
196
 30
0
 11
0.08456659619450317
 21
0
 31
0
 12
5.178039551045992e-18
 22
0.08456659619450317
 32
0
 13
473
 23
473
340
489
 70
    1
280
    0
281
   50
282
   50
283
    0
360
48A
  0
IMAGE
  5
48E
100
AcDbEntity
  8
03. сборочный чертеж
  6
ByLayer
 62
  256
370
   -1
100
AcDbRasterImage
 10
118
 20
273.3695652173913
 30
0
 11
0.1231884057971015
 21
3.081487911019577e-33
 31
0
 12
7.542865222818988e-18
 22
0.1231884057971015
 32
0
 13
690
 23
135
340
48C
 70
    1
280
    0
281
   50
282
   50
283
    0
360
48D
  0
IMAGE
  5
491
100
AcDbEntity
  8
00. эскиз
  6
ByLayer
 62
  256
370
   -1
100
AcDbRasterImage
 10
180
 20
65
 30
0
 11
8.769967377634211e-18
 21
0.1432291666666667
 31
0
 12
-0.1432291666666667
 22
1.753993475526842e-17
 32
0
 13
1536
 23
1024
340
48F
 70
    1
280
    0
281
   50
282
   50
283
    0
360
490
  0
IMAGE
  5
493
100
AcDbEntity
  8
021. дуло сборочный чертеж
  6
ByLayer
 62
  256
370
   -1
100
AcDbRasterImage
 10
203
 20
205
 30
0
 11
7.542865222818991e-18
 21
0.1231884057971015
 31
0
 12
-0.1231884057971015
 22
1.508573044563798e-17
 32
0
 13
690
 23
135
340
48C
 70
    1
280
    0
281
   50
282
   50
283
    0
360
492
  0
IMAGE
  5
495
100
AcDbEntity
  8
02. дуло
  6
ByLayer
 62
  256
370
   -1
100
AcDbRasterImage
 10
203
 20
62
 30
0
 11
7.542865222818991e-18
 21
0.1231884057971015
 31
0
 12
-0.1231884057971015
 22
1.508573044563798e-17
 32
0
 13
690
 23
135
340
48C
 70
    1
280
    0
281
   50
282
   50
283
    0
360
494
  0
IMAGE
  5
497
100
AcDbEntity
  8
014. рукоятка вид сверху
  6
ByLayer
 62
  256
370
   -1
100
AcDbRasterImage
 10
118
 20
62
 30
0
 11
0.1231884057971015
 21
3.081487911019577e-33
 31
0
 12
7.542865222818988e-18
 22
0.1231884057971015
 32
0
 13
690
 23
135
340
48C
 70
    1
280
    0
281
   50
282
   50
283
    0
360
496
  0
IMAGE
  5
499
100
AcDbEntity
  8
01. рукоятка
  6
ByLayer
 62
  256
370
   -1
100
AcDbRasterImage
 10
21.99999999999999
 20
62
 30
0
 11
0.1231884057971015
 21
3.081487911019577e-33
 31
0
 12
7.542865222818988e-18
 22
0.1231884057971015
 32
0
 13
690
 23
135
340
48C
 70
    1
280
    0
281
   50
282
   50
283
    0
360
498
  0
IMAGE
  5
49B
100
AcDbEntity
  8
00. эскиз
  6
ByLayer
 62
  256
370
   -1
100
AcDbRasterImage
 10
203
 20
205
 30
0
 11
7.542865222818991e-18
 21
0.1231884057971015
 31
0
 12
-0.1231884057971015
 22
1.508573044563798e-17
 32
0
 13
690
 23
135
340
48C
 70
    1
280
    0
281
   50
282
   50
283
    0
360
49A
  0
IMAGE
  5
49E
100
AcDbEntity
  8
00. титульный
  6
ByLayer
 62
  256
370
   -1
100
AcDbRasterImage
 10
150
 20
310
 30
0
 11
1
 21
0
 31
0
 12
6.123031769111886e-17
 22
1
 32
0
 13
1
 23
1
340
49C
 70
    1
280
    0
281
   50
282
   50
283
    0
360
49D
  0
IMAGE
  5
4A1
100
AcDbEntity
  8
00. титульный
  6
ByLayer
 62
  256
370
   -1
100
AcDbRasterImage
 10
180
 20
210
 30
0
 11
1
 21
0
 31
0
 12
6.123031769111886e-17
 22
1
 32
0
 13
1
 23
1
340
49F
 70
    1
280
    0
281
   50
282
   50
283
    0
360
4A0
  0
IMAGE
  5
4A4
100
AcDbEntity
  8
00. титульный
  6
ByLayer
 62
  256
370
   -1
100
AcDbRasterImage
 10
25
 20
253.089064516129
 30
0
 11
0.1764112903225807
 21
0
 31
0
 12
1.080171935075182e-17
 22
0.1764112903225807
 32
0
 13
992
 23
252
340
4A2
 70
    1
280
    0
281
   50
282
   50
283
    0
360
4A3
  0
IMAGE
  5
4A6
100
AcDbEntity
  8
00. титульный
  6
ByLayer
 62
  256
370
   -1
100
AcDbRasterImage
 10
20.9916
 20
241.363
 30
0
 11
0.1764112903225807
 21
0
 31
0
 12
1.080171935075182e-17
 22
0.1764112903225807
 32
0
 13
992
 23
252
340
4A2
 70
    1
280
    0
281
   50
282
   50
283
    0
360
4A5
  0
IMAGE
  5
4A9
100
AcDbEntity
  8
00. титульный
  6
ByLayer
 62
  256
370
   -1
100
AcDbRasterImage
 10
26.92328157724423
 20
255.2847574563285
 30
0
 11
0.1764112903225807
 21
0
 31
0
 12
1.080171935075182e-17
 22
0.1764112903225807
 32
0
 13
992
 23
252
340
4A7
 70
    1
280
    0
281
   50
282
   50
283
    0
360
4A8
  0
IMAGE
  5
4AC
100
AcDbEntity
  8
00. титульный
  6
ByLayer
 62
  256
370
   -1
100
AcDbRasterImage
 10
25
 20
241.5443548387097
 30
0
 11
0.1764112903225806
 21
0
 31
0
 12
1.080171935075182e-17
 22
0.1764112903225806
 32
0
 13
992
 23
252
340
4AA
 70
    1
280
    0
281
   50
282
   50
283
    0
360
4AB
  0
IMAGE
  5
4AE
100
AcDbEntity
  8
00. титульный
  6
ByLayer
 62
  256
370
   -1
100
AcDbRasterImage
 10
180
 20
130
 30
0
 11
1
 21
0
 31
0
 12
6.123031769111886e-17
 22
1
 32
0
 13
1
 23
1
340
49C
 70
    1
280
    0
281
   50
282
   50
283
    0
360
4AD
  0
IMAGE
  5
4B0
100
AcDbEntity
  8
00. титульный
  6
ByLayer
 62
  256
370
   -1
100
AcDbRasterImage
 10
160
 20
130
 30
0
 11
1
 21
0
 31
0
 12
6.123031769111886e-17
 22
1
 32
0
 13
1
 23
1
340
49C
 70
    1
280
    0
281
   50
282
   50
283
    0
360
4AF
  0
IMAGE
  5
4B3
100
AcDbEntity
  8
00. титульный
  6
ByLayer
 62
  256
370
   -1
100
AcDbRasterImage
 10
171.9387755102041
 20
105
 30
0
 11
0.06122448979591837
 21
0
 31
0
 12
3.748794960680746e-18
 22
0.06122448979591837
 32
0
 13
491
 23
490
340
4B1
 70
    1
280
    0
281
   50
282
   50
283
    0
360
4B2
  0
HATCH
  5
4B4
100
AcDbEntity
  8
03. сборочный чертеж
  6
ByLayer
 62
  256
370
   -1
100
AcDbHatch
 10
0
 20
0
 30
0
210
0
220
0
230
1
  2
SOLID
 70
    1
 71
    0
 91
    1
 92
    0
 93
    6
 72
    1
 10
112.6549774667431
 20
206.6554998521874
 11
112.7838414503206
 21
206.6798220061488
 72
    2
 10
112.7096541703215
 20
207.0728821128581
 40
0.4
 50
280.6884306946021
 51
10.68843069460044
 73
    1
 72
    1
 10
113.1027142770308
 20
207.1470693928571
 11
113.0702180626376
 21
207.3192413001869
 72
    1
 10
113.0702180626376
 20
207.3192413001869
 11
112.1551970007831
 21
207.1467399041469
 72
    1
 10
112.1551970007831
 20
207.1467399041469
 11
112.1877300800347
 21
206.9743726788977
 72
    2
 10
112.580790186744
 20
207.0485599588968
 40
0.4
 50
190.6884306946001
 51
280.6884306946041
 73
    1
 97
    0
 75
    0
 76
    1
 98
    0
  0
HATCH
  5
4B5
100
AcDbEntity
  8
03. сборочный чертеж
  6
ByLayer
 62
  256
370
   -1
100
AcDbHatch
 10
0
 20
0
 30
0
210
0
220
0
230
1
  2
gost_glass
 70
    0
 71
    0
 91
    1
 92
    0
 93
    1
 72
    2
 10
45
 20
115
 40
2.23606797749979
 50
0
 51
360
 73
    1
 97
    0
 75
    0
 76
    1
 52
0
 41
0.1
 77
    0
 78
    0
 98
    0
  0
HATCH
  5
4B6
100
AcDbEntity
  8
03. сборочный чертеж
  6
ByLayer
 62
  256
370
   -1
100
AcDbHatch
 10
0
 20
0
 30
0
210
0
220
0
230
1
  2
gost_metal
 70
    0
 71
    0
 91
    1
 92
    0
 93
    4
 72
    1
 10
25
 20
257
 11
25
 21
277
 72
    1
 10
25
 20
277
 11
65
 21
277
 72
    1
 10
65
 20
277
 11
65
 21
257
 72
    1
 10
65
 20
257
 11
25
 21
257
 97
    0
 75
    0
 76
    1
 52
0
 41
0.5
 77
    0
 78
    0
 98
    0
  0
HATCH
  5
4B7
100
AcDbEntity
  8
03. сборочный чертеж
  6
CONTINUOUS
 62
  256
370
   -1
100
AcDbHatch
 10
0
 20
0
 30
0
210
0
220
0
230
1
  2
gost_non-metal
 70
    0
 71
    0
 91
    1
 92
    0
 93
    4
 72
    1
 10
65
 20
277
 11
65
 21
280
 72
    1
 10
65
 20
280
 11
25
 21
280
 72
    1
 10
25
 20
280
 11
25
 21
277
 72
    1
 10
25
 20
277
 11
65
 21
277
 97
    0
 75
    0
 76
    1
 52
0
 41
0.1
 77
    0
 78
    0
 98
    0
  0
HATCH
  5
4B8
100
AcDbEntity
  8
03. сборочный чертеж
  6
ByLayer
 62
  256
370
   -1
100
AcDbHatch
 10
0
 20
0
 30
0
210
0
220
0
230
1
  2
gost_non-metal
 70
    0
 71
    0
 91
    1
 92
    0
 93
    4
 72
    1
 10
68
 20
159
 11
93
 21
159
 72
    1
 10
93
 20
159
 11
93
 21
114
 72
    1
 10
93
 20
114
 11
68
 21
114
 72
    1
 10
68
 20
114
 11
68
 21
159
 97
    0
 75
    0
 76
    1
 52
1.570796326794897
 41
0.5
 77
    0
 78
    0
 98
    0
  0
HATCH
  5
4B9
100
AcDbEntity
  8
03. сборочный чертеж
  6
ByLayer
 62
  256
370
   -1
100
AcDbHatch
 10
0
 20
0
 30
0
210
0
220
0
230
1
  2
gost_non-metal
 70
    0
 71
    0
 91
    1
 92
    0
 93
    8
 72
    1
 10
90
 20
163
 11
90
 21
159
 72
    1
 10
90
 20
159
 11
84
 21
159
 72
    1
 10
84
 20
159
 11
84
 21
163
 72
    1
 10
84
 20
163
 11
90
 21
163
 72
    1
 10
80
 20
159
 11
72
 21
159
 72
    1
 10
72
 20
159
 11
72
 21
163
 72
    1
 10
72
 20
163
 11
80
 21
163
 72
    1
 10
80
 20
163
 11
80
 21
159
 97
    0
 75
    0
 76
    1
 52
1.570796326794897
 41
0.1
 77
    0
 78
    0
 98
    0
  0
HATCH
  5
4BA
100
AcDbEntity
  8
021. дуло сборочный чертеж
  6
ByLayer
 62
  256
370
   -1
100
AcDbHatch
 10
0
 20
0
 30
0
210
0
220
0
230
1
  2
gost_non-metal
 70
    0
 71
    0
 91
    1
 92
    0
 93
    4
 72
    1
 10
35.04522727852475
 20
271.0452272785247
 11
35.04522727852475
 21
268.0452272785247
 72
    1
 10
35.04522727852475
 20
268.0452272785247
 11
75.04522727852475
 21
268.0452272785247
 72
    1
 10
75.04522727852475
 20
268.0452272785247
 11
75.04522727852475
 21
271.0452272785247
 72
    1
 10
75.04522727852475
 20
271.0452272785247
 11
35.04522727852475
 21
271.0452272785247
 97
    0
 75
    0
 76
    1
 52
0
 41
0.1
 77
    0
 78
    0
 98
    0
  0
HATCH
  5
4BB
100
AcDbEntity
  8
021. дуло сборочный чертеж
  6
ByLayer
 62
  256
370
   -1
100
AcDbHatch
 10
0
 20
0
 30
0
210
0
220
0
230
1
  2
gost_metal
 70
    0
 71
    0
 91
    1
 92
    0
 93
    4
 72
    1
 10
75.04522727852475
 20
268.0452272785247
 11
75.04522727852475
 21
248.0452272785247
 72
    1
 10
75.04522727852475
 20
248.0452272785247
 11
35.04522727852475
 21
248.0452272785247
 72
    1
 10
35.04522727852475
 20
248.0452272785247
 11
35.04522727852475
 21
268.0452272785247
 72
    1
 10
35.04522727852475
 20
268.0452272785247
 11
75.04522727852475
 21
268.0452272785247
 97
    0
 75
    0
 76
    1
 52
0
 41
0.5
 77
    0
 78
    0
 98
    0
  0
HATCH
  5
4BC
100
AcDbEntity
  8
02. дуло
  6
ByLayer
 62
  256
370
   -1
100
AcDbHatch
 10
0
 20
0
 30
0
210
0
220
0
230
1
  2
gost_non-metal
 70
    0
 71
    0
 91
    1
 92
    0
 93
    4
 72
    2
 10
150.0000000000002
 20
184.0000000000002
 40
15.99999999999973
 50
35.81502763850294
 51
229.5474984445383
 73
    1
 72
    1
 10
139.6189208726132
 20
171.8248944090445
 11
140.2198703559538
 21
172.6268269974625
 72
    2
 10
150
 20
184
 40
15
 50
130.6932166921979
 51
323.9468093723105
 73
    0
 72
    1
 10
162.1270646169428
 20
192.8280407665854
 11
162.9745658777452
 21
193.3627261139077
 97
    0
 75
    0
 76
    1
 52
0
 41
0.1
 77
    0
 78
    0
 98
    0
  0
HATCH
  5
4BD
100
AcDbEntity
  8
02. дуло
  6
ByLayer
 62
  256
370
   -1
100
AcDbHatch
 10
0
 20
0
 30
0
210
0
220
0
230
1
  2
gost_non-metal
 70
    0
 71
    0
 91
    1
 92
    0
 93
    4
 72
    2
 10
150
 20
183.9999999999999
 40
16.00000000000002
 50
331.3509145683639
 51
356.4166783015278
 73
    0
 72
    1
 10
165.9687194226713
 20
185
 11
164.9666295470957
 21
185
 72
    2
 10
150
 20
183.9999999999999
 40
14.99999999999996
 50
3.822553729275006
 51
28.4067878866964
 73
    1
 72
    1
 10
163.1938832854687
 20
191.1359262783067
 11
164.0411609091706
 21
191.6711016368433
 97
    0
 75
    0
 76
    1
 52
0
 41
0.1
 77
    0
 78
    0
 98
    0
  0
HATCH
  5
4BE
100
AcDbEntity
  8
02. дуло
  6
ByLayer
 62
  256
370
   -1
100
AcDbHatch
 10
0
 20
0
 30
0
210
0
220
0
230
1
  2
gost_non-metal
 70
    0
 71
    0
 91
    1
 92
    0
 93
    4
 72
    2
 10
149.9999999999991
 20
183.9999999999969
 40
15.99999999999931
 50
331.3509145683756
 51
356.4166783015392
 73
    1
 72
    1
 10
165.9687194226699
 20
183
 11
164.9666295470957
 21
183
 72
    2
 10
150.0000000000001
 20
184.0000000000006
 40
14.99999999999986
 50
3.822553729276874
 51
28.4067878866983
 73
    0
 72
    1
 10
163.1938832854685
 20
176.8640737216934
 11
164.0411609091706
 21
176.3288983631567
 97
    0
 75
    0
 76
    1
 52
0
 41
0.1
 77
    0
 78
    0
 98
    0
  0
HATCH
  5
4BF
100
AcDbEntity
  8
02. дуло
  6
ByLayer
 62
  256
370
   -1
100
AcDbHatch
 10
0
 20
0
 30
0
210
0
220
0
230
1
  2
gost_non-metal
 70
    0
 71
    0
 91
    1
 92
    0
 93
    4
 72
    2
 10
149.9999999999999
 20
183.9999999999999
 40
15.00000000000008
 50
36.05319062768907
 51
123.0481091921489
 73
    0
 72
    1
 10
141.8198543361544
 20
171.4268056199598
 11
141.2189358975775
 21
170.624914458997
 72
    2
 10
149.9999999999998
 20
184
 40
15.99999999999988
 50
236.7141418061659
 51
324.1849723614972
 73
    1
 72
    1
 10
162.974565877745
 20
174.6372738860925
 11
162.1270646169428
 21
175.1719592334146
 97
    0
 75
    0
 76
    1
 52
0
 41
0.1
 77
    0
 78
    0
 98
    0
  0
HATCH
  5
4C0
100
AcDbEntity
  8
02. дуло
  6
ByLayer
 62
  256
370
   -1
100
AcDbHatch
 10
0
 20
0
 30
0
210
0
220
0
230
1
  2
SOLID
 70
    1
 71
    0
 91
    1
 92
    0
 93
    4
 72
    1
 10
168.7766219626332
 20
248.4942321656781
 11
168.7766219626332
 21
249.0942321656781
 72
    1
 10
168.7766219626332
 20
249.0942321656781
 11
164.9766219626332
 21
249.5942321656781
 72
    1
 10
164.9766219626332
 20
249.5942321656781
 11
164.9766219626332
 21
248.4942321656781
 72
    1
 10
164.9766219626332
 20
248.4942321656781
 11
168.7766219626332
 21
248.4942321656781
 97
    0
 75
    0
 76
    1
 98
    0
  0
HATCH
  5
4C1
100
AcDbEntity
  8
02. дуло
  6
ByLayer
 62
  256
370
   -1
100
AcDbHatch
 10
0
 20
0
 30
0
210
0
220
0
230
1
  2
SOLID
 70
    1
 71
    0
 91
    1
 92
    0
 93
    4
 72
    1
 10
151.5000649543211
 20
268.7867087442368
 11
150.9000649543211
 21
268.7867087442368
 72
    1
 10
150.9000649543211
 20
268.7867087442368
 11
150.4000649543211
 21
264.9867087442368
 72
    1
 10
150.4000649543211
 20
264.9867087442368
 11
151.5000649543211
 21
264.9867087442368
 72
    1
 10
151.5000649543211
 20
264.9867087442368
 11
151.5000649543211
 21
268.7867087442368
 97
    0
 75
    0
 76
    1
 98
    0
  0
HATCH
  5
4C2
100
AcDbEntity
  8
02. дуло
  6
ByLayer
 62
  256
370
   -1
100
AcDbHatch
 10
0
 20
0
 30
0
210
0
220
0
230
1
  2
SOLID
 70
    1
 71
    0
 91
    1
 92
    0
 93
    4
 72
    1
 10
148.4972619698126
 20
231.2062731558084
 11
149.0972619698126
 21
231.2062731558084
 72
    1
 10
149.0972619698126
 20
231.2062731558084
 11
149.5972619698126
 21
235.0062731558084
 72
    1
 10
149.5972619698126
 20
235.0062731558084
 11
148.4972619698126
 21
235.0062731558084
 72
    1
 10
148.4972619698126
 20
235.0062731558084
 11
148.4972619698126
 21
231.2062731558084
 97
    0
 75
    0
 76
    1
 98
    0
  0
HATCH
  5
4C3
100
AcDbEntity
  8
02. дуло
  6
ByLayer
 62
  256
370
   -1
100
AcDbHatch
 10
0
 20
0
 30
0
210
0
220
0
230
1
  2
SOLID
 70
    1
 71
    0
 91
    1
 92
    0
 93
    4
 72
    1
 10
131.2
 20
251.5
 11
131.2
 21
250.9
 72
    1
 10
131.2
 20
250.9
 11
135
 21
250.4
 72
    1
 10
135
 20
250.4
 11
135
 21
251.5
 72
    1
 10
135
 20
251.5
 11
131.2
 21
251.5
 97
    0
 75
    0
 76
    1
 98
    0
  0
HATCH
  5
4C4
100
AcDbEntity
  8
02. дуло
  6
ByLayer
 62
  256
370
   -1
100
AcDbHatch
 10
0
 20
0
 30
0
210
0
220
0
230
1
  2
gost_non-metal
 70
    0
 71
    0
 91
    1
 92
    0
 93
    4
 72
    2
 10
150.0004936904601
 20
250.0000825662462
 40
15.00000000000001
 50
189.5940000000001
 51
260.4059000000001
 73
    0
 72
    1
 10
147.5004854886161
 20
264.7902806376282
 11
147.5004935098411
 21
265.8035631669526
 72
    2
 10
150.0004936904602
 20
250.0000825662462
 40
16.00000000000001
 50
98.98930000000006
 51
171.011
 73
    1
 72
    1
 10
134.197
 20
252.5
 11
135.2102912557632
 21
252.5000649543211
 97
    0
 75
    0
 76
    1
 52
0
 41
0.1
 77
    0
 78
    0
 98
    0
  0
HATCH
  5
4C5
100
AcDbEntity
  8
02. дуло
  6
ByLayer
 62
  256
370
   -1
100
AcDbHatch
 10
0
 20
0
 30
0
210
0
220
0
230
1
  2
gost_non-metal
 70
    0
 71
    0
 91
    1
 92
    0
 93
    4
 72
    1
 10
152.5001181233389
 20
265.8034864040443
 11
152.50018307766
 21
264.7901951482812
 72
    2
 10
150.0002006895851
 20
249.9999927135842
 40
15.00000000000001
 50
279.5940000000001
 51
350.4059000000001
 73
    0
 72
    1
 10
164.7903987609671
 20
252.5000009154282
 11
165.8036812902915
 21
252.4999928942032
 72
    2
 10
150.0002006895851
 20
249.9999927135842
 40
16.00000000000001
 50
8.989300000000082
 51
81.01099999999998
 73
    1
 97
    0
 75
    0
 76
    1
 52
4.71238898038469
 41
0.1
 77
    0
 78
    0
 98
    0
  0
HATCH
  5
4C6
100
AcDbEntity
  8
02. дуло
  6
ByLayer
 62
  256
370
   -1
100
AcDbHatch
 10
0
 20
0
 30
0
210
0
220
0
230
1
  2
gost_non-metal
 70
    0
 71
    0
 91
    1
 92
    0
 93
    4
 72
    1
 10
164.7899044737837
 20
247.4940400844664
 11
165.8031869849341
 21
247.4938480032547
 72
    2
 10
150.0002003909426
 20
249.9969689971585
 40
16.00000000000001
 50
9.000614736834253
 51
81.02231473683416
 73
    0
 72
    1
 10
152.496996911333
 20
234.1929819326306
 11
152.4972619698126
 21
235.2062731558084
 72
    2
 10
150.0002003909425
 20
249.9969689971585
 40
15.00000000000001
 50
279.582685263166
 51
350.3945852631659
 73
    1
 97
    0
 75
    0
 76
    1
 52
4.712191500972937
 41
0.1
 77
    0
 78
    0
 98
    0
  0
HATCH
  5
4C7
100
AcDbEntity
  8
02. дуло
  6
ByLayer
 62
  256
370
   -1
100
AcDbHatch
 10
0
 20
0
 30
0
210
0
220
0
230
1
  2
gost_non-metal
 70
    0
 71
    0
 91
    1
 92
    0
 93
    4
 72
    2
 10
150.0004933740678
 20
249.9968790866366
 40
16.00000000000001
 50
99.00061473683425
 51
171.0223147368341
 73
    0
 72
    1
 10
134.1965063095399
 20
247.5000825662462
 11
135.2097975327177
 21
247.4998175077665
 72
    2
 10
150.0004933740678
 20
249.9968790866367
 40
15.00000000000001
 50
189.5826852631659
 51
260.3945852631659
 73
    1
 72
    1
 10
147.4975644613757
 20
235.2071750037954
 11
147.4973723801641
 21
234.193892492645
 97
    0
 75
    0
 76
    1
 52
6.282987827767833
 41
0.1
 77
    0
 78
    0
 98
    0
  0
HATCH
  5
4C8
100
AcDbEntity
  8
02. дуло
  6
ByLayer
 62
  256
370
   -1
100
AcDbHatch
 10
0
 20
0
 30
0
210
0
220
0
230
1
  2
gost_non-metal
 70
    0
 71
    0
 91
    1
 92
    0
 93
    4
 72
    2
 10
150.0004936904601
 20
105.0000825662462
 40
15.00000000000001
 50
189.5940000000001
 51
260.4059000000001
 73
    0
 72
    1
 10
147.5004854886161
 20
119.7902806376282
 11
147.5004935098411
 21
120.8035631669526
 72
    2
 10
150.0004936904602
 20
105.0000825662462
 40
16.00000000000001
 50
98.98930000000006
 51
171.011
 73
    1
 72
    1
 10
134.197
 20
107.5
 11
135.2102912557632
 21
107.5000649543211
 97
    0
 75
    0
 76
    1
 52
0
 41
0.1
 77
    0
 78
    0
 98
    0
  0
HATCH
  5
4C9
100
AcDbEntity
  8
02. дуло
  6
ByLayer
 62
  256
370
   -1
100
AcDbHatch
 10
0
 20
0
 30
0
210
0
220
0
230
1
  2
gost_non-metal
 70
    0
 71
    0
 91
    1
 92
    0
 93
    4
 72
    1
 10
152.5001181233389
 20
120.8034864040443
 11
152.50018307766
 21
119.7901951482812
 72
    2
 10
150.0002006895851
 20
104.9999927135842
 40
15.00000000000001
 50
279.5940000000001
 51
350.4059000000001
 73
    0
 72
    1
 10
164.7903987609671
 20
107.5000009154282
 11
165.8036812902915
 21
107.4999928942032
 72
    2
 10
150.0002006895851
 20
104.9999927135842
 40
16.00000000000001
 50
8.989300000000082
 51
81.01099999999998
 73
    1
 97
    0
 75
    0
 76
    1
 52
4.71238898038469
 41
0.1
 77
    0
 78
    0
 98
    0
  0
HATCH
  5
4CA
100
AcDbEntity
  8
02. дуло
  6
ByLayer
 62
  256
370
   -1
100
AcDbHatch
 10
0
 20
0
 30
0
210
0
220
0
230
1
  2
gost_non-metal
 70
    0
 71
    0
 91
    1
 92
    0
 93
    4
 72
    1
 10
164.7899044737837
 20
102.4940400844664
 11
165.8031869849341
 21
102.4938480032547
 72
    2
 10
150.0002003909426
 20
104.9969689971585
 40
16.00000000000001
 50
9.000614736834253
 51
81.02231473683416
 73
    0
 72
    1
 10
152.496996911333
 20
89.1929819326306
 11
152.4972619698126
 21
90.20627315580839
 72
    2
 10
150.0002003909425
 20
104.9969689971585
 40
15.00000000000001
 50
279.582685263166
 51
350.3945852631659
 73
    1
 97
    0
 75
    0
 76
    1
 52
4.712191500972937
 41
0.1
 77
    0
 78
    0
 98
    0
  0
HATCH
  5
4CB
100
AcDbEntity
  8
02. дуло
  6
ByLayer
 62
  256
370
   -1
100
AcDbHatch
 10
0
 20
0
 30
0
210
0
220
0
230
1
  2
gost_non-metal
 70
    0
 71
    0
 91
    1
 92
    0
 93
    4
 72
    2
 10
150.0004933740678
 20
104.9968790866366
 40
16.00000000000001
 50
99.00061473683425
 51
171.0223147368341
 73
    0
 72
    1
 10
134.1965063095399
 20
102.5000825662462
 11
135.2097975327177
 21
102.4998175077665
 72
    2
 10
150.0004933740678
 20
104.9968790866367
 40
15.00000000000001
 50
189.5826852631659
 51
260.3945852631659
 73
    1
 72
    1
 10
147.4975644613757
 20
90.20717500379541
 11
147.4973723801641
 21
89.19389249264501
 97
    0
 75
    0
 76
    1
 52
6.282987827767833
 41
0.1
 77
    0
 78
    0
 98
    0
  0
MTEXT
  5
4CC
100
AcDbEntity
  8
штамп A4 альбомный
  6
ByLayer
 62
  256
370
   -1
100
AcDbMText
 10
191.5
 20
246.7777777777778
 30
0
 40
2.5
 41
36.59722222222222
 71
    1
 72
    1
  1
Программа обучения:\PРадиоэлектронное\Pконструирование
  7
cyrillic_ii
210
0
220
0
230
1
 50
90
 73
    2
 44
1
  0
INSERT
  5
4CD
100
AcDbEntity
  8
штамп A4 альбомный
  6
ByLayer
 62
  256
370
   -1
100
AcDbBlockReference
  2
штамп А4 альбомный
 10
0
 20
0
 30
0
 41
1
 42
1
 43
0
 50
0
 70
    1
 71
    1
 44
0
 45
0
  0
INSERT
  5
4CE
100
AcDbEntity
  8
штамп А4 книжный
  6
ByLayer
 62
  256
370
   -1
100
AcDbBlockReference
  2
штамп A4 книжный
 10
0
 20
0
 30
0
 41
1
 42
1
 43
0
 50
0
 70
    1
 71
    1
 44
0
 45
0
  0
MTEXT
  5
4CF
100
AcDbEntity
  8
00. эскиз
  6
ByLayer
 62
  256
370
   -1
100
AcDbMText
 10
171
 20
23.5
 30
0
 40
2
 41
0.4444444444444444
 71
    1
 72
    1
  1
1
  7
cyrillic_ii
210
0
220
0
230
1
 50
0
 73
    2
 44
1
  0
INSERT
  5
4D0
100
AcDbEntity
  8
штамп А4 спецификация
  6
ByLayer
 62
  256
370
   -1
100
AcDbBlockReference
  2
штамп A4 спецификация
 10
0
 20
0
 30
0
 41
1
 42
1
 43
0
 50
0
 70
    1
 71
    1
 44
1
 45
1
  0
MTEXT
  5
4D1
100
AcDbEntity
  8
00. эскиз
  6
ByLayer
 62
  256
370
   -1
100
AcDbMText
 10
120.4305555555556
 20
33
 30
0
 40
5
 41
48.75
 71
    5
 72
    1
  1
Эскиз изделия
  7
cyrillic_ii
210
0
220
0
230
1
 50
0
 73
    2
 44
1
  0
MTEXT
  5
4D2
100
AcDbEntity
  8
01. рукоятка
  6
ByLayer
 62
  256
370
   -1
100
AcDbMText
 10
193
 20
35
 30
0
 40
5
 41
5.555555555555555
 71
    1
 72
    1
  1
1:1
  7
cyrillic_ii
210
0
220
0
230
1
 50
0
 73
    2
 44
1
  0
MTEXT
  5
4D3
100
AcDbEntity
  8
02. дуло
  6
ByLayer
 62
  256
370
   -1
100
AcDbMText
 10
193
 20
35
 30
0
 40
5
 41
5.555555555555555
 71
    1
 72
    1
  1
1:1
  7
cyrillic_ii
210
0
220
0
230
1
 50
0
 73
    2
 44
1
  0
MTEXT
  5
4D4
100
AcDbEntity
  8
03. сборочный чертеж
  6
ByLayer
 62
  256
370
   -1
100
AcDbMText
 10
193
 20
35
 30
0
 40
5
 41
5.555555555555555
 71
    1
 72
    1
  1
1:1
  7
cyrillic_ii
210
0
220
0
230
1
 50
0
 73
    2
 44
1
  0
MTEXT
  5
4D5
100
AcDbEntity
  8
04. спецификация
  6
ByLayer
 62
  256
370
   -1
100
AcDbMText
 10
117
 20
269
 30
0
 40
5
 41
49.16666666666691
 71
    1
 72
    1
  1
Документация
  7
cyrillic_ii
210
0
220
0
230
1
 50
0
 73
    2
 44
1
  0
MTEXT
  5
4D6
100
AcDbEntity
  8
04. спецификация
  6
ByLayer
 62
  256
370
   -1
100
AcDbMText
 10
130
 20
237
 30
0
 40
5
 41
24.72222222222246
 71
    1
 72
    1
  1
Детали
  7
cyrillic_ii
210
0
220
0
230
1
 50
0
 73
    2
 44
1
  0
MTEXT
  5
4D7
100
AcDbEntity
  8
04. спецификация
  6
ByLayer
 62
  256
370
   -1
100
AcDbMText
 10
114
 20
259
 30
0
 40
2.5
 41
31.59722222222222
 71
    1
 72
    1
  1
Сборочный чертеж
  7
unicode
210
0
220
0
230
1
 50
0
 73
    2
 44
1
  0
MTEXT
  5
4D8
100
AcDbEntity
  8
04. спецификация
  6
ByLayer
 62
  256
370
   -1
100
AcDbMText
 10
177
 20
227
 30
0
 40
2.5
 41
0.5555555555555556
 71
    1
 72
    1
  1
1
  7
unicode
210
0
220
0
230
1
 50
0
 73
    2
 44
1
  0
MTEXT
  5
4D9
100
AcDbEntity
  8
04. спецификация
  6
ByLayer
 62
  256
370
   -1
100
AcDbMText
 10
35
 20
227
 30
0
 40
2.5
 41
0.5555555555555556
 71
    1
 72
    1
  1
1
  7
unicode
210
0
220
0
230
1
 50
0
 73
    2
 44
1
  0
MTEXT
  5
4DA
100
AcDbEntity
  8
04. спецификация
  6
ByLayer
 62
  256
370
   -1
100
AcDbMText
 10
35
 20
219
 30
0
 40
2.5
 41
1.111111111111111
 71
    1
 72
    1
  1
2
  7
unicode
210
0
220
0
230
1
 50
0
 73
    2
 44
1
  0
MTEXT
  5
4DB
100
AcDbEntity
  8
04. спецификация
  6
ByLayer
 62
  256
370
   -1
100
AcDbMText
 10
35
 20
187
 30
0
 40
2.5
 41
1.111111111111111
 71
    1
 72
    1
  1
3
  7
unicode
210
0
220
0
230
1
 50
0
 73
    2
 44
1
  0
MTEXT
  5
4DC
100
AcDbEntity
  8
04. спецификация
  6
ByLayer
 62
  256
370
   -1
100
AcDbMText
 10
35
 20
179
 30
0
 40
2.5
 41
1.388888888888889
 71
    1
 72
    1
  1
4
  7
unicode
210
0
220
0
230
1
 50
0
 73
    2
 44
1
  0
MTEXT
  5
4DD
100
AcDbEntity
  8
01. рукоятка
  6
ByLayer
 62
  256
370
   -1
100
AcDbMText
 10
120.4305555555556
 20
33
 30
0
 40
5
 41
31.94444444444468
 71
    5
 72
    1
  1
Рукоятка
  7
cyrillic_ii
210
0
220
0
230
1
 50
0
 73
    2
 44
1
  0
MTEXT
  5
4DE
100
AcDbEntity
  8
01. рукоятка
  6
ByLayer
 62
  256
370
   -1
100
AcDbMText
 10
96
 20
55
 30
0
 40
5
 41
91.66666666666715
 71
    1
 72
    1
  1
Электронный бластер. 001
  7
cyrillic_ii
210
0
220
0
230
1
 50
0
 73
    2
 44
1
  0
MTEXT
  5
4DF
100
AcDbEntity
  8
02. дуло
  6
ByLayer
 62
  256
370
   -1
100
AcDbMText
 10
96
 20
55
 30
0
 40
5
 41
92.77777777777827
 71
    1
 72
    1
  1
Электронный бластер. 002
  7
cyrillic_ii
210
0
220
0
230
1
 50
0
 73
    2
 44
1
  0
MTEXT
  5
4E0
100
AcDbEntity
  8
03. сборочный чертеж
  6
ByLayer
 62
  256
370
   -1
100
AcDbMText
 10
120.4305555555556
 20
33
 30
0
 40
4
 41
60.55555555555593
 71
    5
 72
    1
  1
Электронный бластер\PСборочный чертеж
  7
cyrillic_ii
210
0
220
0
230
1
 50
0
 73
    2
 44
1
  0
MTEXT
  5
4E1
100
AcDbEntity
  8
04. спецификация
  6
ByLayer
 62
  256
370
   -1
100
AcDbMText
 10
100
 20
40
 30
0
 40
5
 41
88.88888888888968
 71
    1
 72
    1
  1
Элетронный бластер. 003
  7
cyrillic_ii
210
0
220
0
230
1
 50
0
 73
    2
 44
1
  0
MTEXT
  5
4E2
100
AcDbEntity
  8
01. рукоятка
  6
ByLayer
 62
  256
370
   -1
100
AcDbMText
 10
120
 20
13
 30
0
 40
4
 41
63.1111111111113
 71
    5
 72
    1
  1
Фанера/Пиломатериал
  7
cyrillic_ii
210
0
220
0
230
1
 50
0
 73
    2
 44
1
  0
MTEXT
  5
4E3
100
AcDbEntity
  8
04. спецификация
  6
ByLayer
 62
  256
370
   -1
100
AcDbMText
 10
44
 20
259
 30
0
 40
2.5
 41
52.43055555555556
 71
    1
 72
    1
  1
Электронный бластер. 003 СБ
  7
unicode
210
0
220
0
230
1
 50
0
 73
    2
 44
1
  0
MTEXT
  5
4E4
100
AcDbEntity
  8
04. спецификация
  6
ByLayer
 62
  256
370
   -1
100
AcDbMText
 10
44
 20
227
 30
0
 40
2.5
 41
45.83333333333334
 71
    1
 72
    1
  1
Электронный бластер. 001
  7
unicode
210
0
220
0
230
1
 50
0
 73
    2
 44
1
  0
MTEXT
  5
4E5
100
AcDbEntity
  8
04. спецификация
  6
ByLayer
 62
  256
370
   -1
100
AcDbMText
 10
114
 20
227
 30
0
 40
2.5
 41
15.97222222222222
 71
    1
 72
    1
  1
Рукоятка
  7
unicode
210
0
220
0
230
1
 50
0
 73
    2
 44
1
  0
MTEXT
  5
4E6
100
AcDbEntity
  8
04. спецификация
  6
ByLayer
 62
  256
370
   -1
100
AcDbMText
 10
114
 20
219
 30
0
 40
2.5
 41
7.5
 71
    1
 72
    1
  1
Дуло
  7
unicode
210
0
220
0
230
1
 50
0
 73
    2
 44
1
  0
MTEXT
  5
4E7
100
AcDbEntity
  8
04. спецификация
  6
ByLayer
 62
  256
370
   -1
100
AcDbMText
 10
120.3194444444444
 20
20
 30
0
 40
4
 41
60.55555555555593
 71
    2
 72
    1
  1
Электронный бластер
  7
cyrillic_ii
210
0
220
0
230
1
 50
0
 73
    2
 44
1
  0
MTEXT
  5
4E8
100
AcDbEntity
  8
04. спецификация
  6
ByLayer
 62
  256
370
   -1
100
AcDbMText
 10
177
 20
179
 30
0
 40
2.5
 41
0.5555555555555556
 71
    1
 72
    1
  1
1
  7
unicode
210
0
220
0
230
1
 50
0
 73
    2
 44
1
  0
MTEXT
  5
4E9
100
AcDbEntity
  8
04. спецификация
  6
ByLayer
 62
  256
370
   -1
100
AcDbMText
 10
177
 20
171
 30
0
 40
2.5
 41
0.5555555555555556
 71
    1
 72
    1
  1
1
  7
unicode
210
0
220
0
230
1
 50
0
 73
    2
 44
1
  0
MTEXT
  5
4EA
100
AcDbEntity
  8
04. спецификация
  6
ByLayer
 62
  256
370
   -1
100
AcDbMText
 10
35
 20
171
 30
0
 40
2.5
 41
1.111111111111111
 71
    1
 72
    1
  1
5
  7
unicode
210
0
220
0
230
1
 50
0
 73
    2
 44
1
  0
MTEXT
  5
4EB
100
AcDbEntity
  8
04. спецификация
  6
ByLayer
 62
  256
370
   -1
100
AcDbMText
 10
177
 20
219
 30
0
 40
2.5
 41
0.5555555555555556
 71
    1
 72
    1
  1
1
  7
unicode
210
0
220
0
230
1
 50
0
 73
    2
 44
1
  0
MTEXT
  5
4EC
100
AcDbEntity
  8
04. спецификация
  6
ByLayer
 62
  256
370
   -1
100
AcDbMText
 10
185
 20
227
 30
0
 40
2.5
 41
5
 71
    1
 72
    1
  1
шт.
  7
unicode
210
0
220
0
230
1
 50
0
 73
    2
 44
1
  0
MTEXT
  5
4ED
100
AcDbEntity
  8
04. спецификация
  6
ByLayer
 62
  256
370
   -1
100
AcDbMText
 10
185
 20
219
 30
0
 40
2.5
 41
5
 71
    1
 72
    1
  1
шт.
  7
unicode
210
0
220
0
230
1
 50
0
 73
    2
 44
1
  0
MTEXT
  5
4EE
100
AcDbEntity
  8
04. спецификация
  6
ByLayer
 62
  256
370
   -1
100
AcDbMText
 10
185
 20
187
 30
0
 40
2.5
 41
5
 71
    1
 72
    1
  1
шт.
  7
unicode
210
0
220
0
230
1
 50
0
 73
    2
 44
1
  0
MTEXT
  5
4EF
100
AcDbEntity
  8
04. спецификация
  6
ByLayer
 62
  256
370
   -1
100
AcDbMText
 10
185
 20
179
 30
0
 40
2.5
 41
5
 71
    1
 72
    1
  1
шт.
  7
unicode
210
0
220
0
230
1
 50
0
 73
    2
 44
1
  0
MTEXT
  5
4F0
100
AcDbEntity
  8
02. дуло
  6
ByLayer
 62
  256
370
   -1
100
AcDbMText
 10
120.4305555555556
 20
33
 30
0
 40
5
 41
15
 71
    5
 72
    1
  1
Дуло
  7
cyrillic_ii
210
0
220
0
230
1
 50
0
 73
    2
 44
1
  0
MTEXT
  5
4F1
100
AcDbEntity
  8
04. спецификация
  6
ByLayer
 62
  256
370
   -1
100
AcDbMText
 10
35
 20
163
 30
0
 40
2.5
 41
1.111111111111111
 71
    1
 72
    1
  1
6
  7
unicode
210
0
220
0
230
1
 50
0
 73
    2
 44
1
  0
MTEXT
  5
4F2
100
AcDbEntity
  8
04. спецификация
  6
ByLayer
 62
  256
370
   -1
100
AcDbMText
 10
35
 20
155
 30
0
 40
2.5
 41
1.111111111111111
 71
    1
 72
    1
  1
7
  7
unicode
210
0
220
0
230
1
 50
0
 73
    2
 44
1
  0
MTEXT
  5
4F3
100
AcDbEntity
  8
04. спецификация
  6
ByLayer
 62
  256
370
   -1
100
AcDbMText
 10
35
 20
147
 30
0
 40
2.5
 41
1.111111111111111
 71
    1
 72
    1
  1
8
  7
unicode
210
0
220
0
230
1
 50
0
 73
    2
 44
1
  0
MTEXT
  5
4F4
100
AcDbEntity
  8
04. спецификация
  6
ByLayer
 62
  256
370
   -1
100
AcDbMText
 10
35
 20
139
 30
0
 40
2.5
 41
1.111111111111111
 71
    1
 72
    1
  1
9
  7
unicode
210
0
220
0
230
1
 50
0
 73
    2
 44
1
  0
MTEXT
  5
4F5
100
AcDbEntity
  8
04. спецификация
  6
ByLayer
 62
  256
370
   -1
100
AcDbMText
 10
35
 20
131
 30
0
 40
2.5
 41
2.5
 71
    1
 72
    1
  1
10
  7
unicode
210
0
220
0
230
1
 50
0
 73
    2
 44
1
  0
MTEXT
  5
4F6
100
AcDbEntity
  8
04. спецификация
  6
ByLayer
 62
  256
370
   -1
100
AcDbMText
 10
35
 20
123
 30
0
 40
2.5
 41
1.944444444444444
 71
    1
 72
    1
  1
11
  7
unicode
210
0
220
0
230
1
 50
0
 73
    2
 44
1
  0
MTEXT
  5
4F7
100
AcDbEntity
  8
04. спецификация
  6
ByLayer
 62
  256
370
   -1
100
AcDbMText
 10
114
 20
155
 30
0
 40
2.5
 41
56.45833333333334
 71
    1
 72
    1
  1
Транзистор МП37/МП38/2n2222a
  7
unicode
210
0
220
0
230
1
 50
0
 73
    2
 44
1
  0
MTEXT
  5
4F8
100
AcDbEntity
  8
04. спецификация
  6
ByLayer
 62
  256
370
   -1
100
AcDbMText
 10
114
 20
147
 30
0
 40
2.5
 41
52.0148900852784
 71
    1
 72
    1
  1
Транзистор П213/МП40/S8550
  7
unicode
210
0
220
0
230
1
 50
0
 73
    2
 44
1
  0
MTEXT
  5
4F9
100
AcDbEntity
  8
04. спецификация
  6
ByLayer
 62
  256
370
   -1
100
AcDbMText
 10
35
 20
91
 30
0
 40
2.5
 41
2.5
 71
    1
 72
    1
  1
12
  7
unicode
210
0
220
0
230
1
 50
0
 73
    2
 44
1
  0
MTEXT
  5
4FA
100
AcDbEntity
  8
04. спецификация
  6
ByLayer
 62
  256
370
   -1
100
AcDbMText
 10
35
 20
83
 30
0
 40
2.5
 41
2.5
 71
    1
 72
    1
  1
13
  7
unicode
210
0
220
0
230
1
 50
0
 73
    2
 44
1
  0
MTEXT
  5
4FB
100
AcDbEntity
  8
04. спецификация
  6
ByLayer
 62
  256
370
   -1
100
AcDbMText
 10
177
 20
163
 30
0
 40
2.5
 41
0.5555555555555556
 71
    1
 72
    1
  1
1
  7
unicode
210
0
220
0
230
1
 50
0
 73
    2
 44
1
  0
MTEXT
  5
4FC
100
AcDbEntity
  8
04. спецификация
  6
ByLayer
 62
  256
370
   -1
100
AcDbMText
 10
177
 20
155
 30
0
 40
2.5
 41
0.5555555555555556
 71
    1
 72
    1
  1
1
  7
unicode
210
0
220
0
230
1
 50
0
 73
    2
 44
1
  0
MTEXT
  5
4FD
100
AcDbEntity
  8
04. спецификация
  6
ByLayer
 62
  256
370
   -1
100
AcDbMText
 10
177
 20
147
 30
0
 40
2.5
 41
0.5555555555555556
 71
    1
 72
    1
  1
1
  7
unicode
210
0
220
0
230
1
 50
0
 73
    2
 44
1
  0
MTEXT
  5
4FE
100
AcDbEntity
  8
04. спецификация
  6
ByLayer
 62
  256
370
   -1
100
AcDbMText
 10
185
 20
155
 30
0
 40
2.5
 41
5
 71
    1
 72
    1
  1
шт.
  7
unicode
210
0
220
0
230
1
 50
0
 73
    2
 44
1
  0
MTEXT
  5
4FF
100
AcDbEntity
  8
04. спецификация
  6
ByLayer
 62
  256
370
   -1
100
AcDbMText
 10
185
 20
147
 30
0
 40
2.5
 41
5
 71
    1
 72
    1
  1
шт.
  7
unicode
210
0
220
0
230
1
 50
0
 73
    2
 44
1
  0
MTEXT
  5
500
100
AcDbEntity
  8
04. спецификация
  6
ByLayer
 62
  256
370
   -1
100
AcDbMText
 10
111
 20
196
 30
0
 40
4
 41
61.2222222222226
 71
    1
 72
    1
  1
Стандартные изделия
  7
cyrillic_ii
210
0
220
0
230
1
 50
0
 73
    2
 44
1
  0
MTEXT
  5
501
100
AcDbEntity
  8
04. спецификация
  6
ByLayer
 62
  256
370
   -1
100
AcDbMText
 10
114
 20
163
 30
0
 40
2.5
 41
49.30555555555556
 71
    1
 72
    1
  1
Провод одножильный медный
  7
unicode
210
0
220
0
230
1
 50
0
 73
    2
 44
1
  0
MTEXT
  5
502
100
AcDbEntity
  8
04. спецификация
  6
ByLayer
 62
  256
370
   -1
100
AcDbMText
 10
185
 20
171
 30
0
 40
2.5
 41
5
 71
    1
 72
    1
  1
шт.
  7
unicode
210
0
220
0
230
1
 50
0
 73
    2
 44
1
  0
MTEXT
  5
503
100
AcDbEntity
  8
04. спецификация
  6
ByLayer
 62
  256
370
   -1
100
AcDbMText
 10
114
 20
171
 30
0
 40
2.5
 41
38.33333333333334
 71
    1
 72
    1
  1
Динамик 8 Ом, 0.5 Вт
  7
unicode
210
0
220
0
230
1
 50
0
 73
    2
 44
1
  0
MTEXT
  5
504
100
AcDbEntity
  8
штамп А4 книжный
  6
ByLayer
 62
  256
370
   -1
100
AcDbMText
 10
179.7777777777778
 20
12.5
 30
0
 40
2.5
 41
36.59722222222222
 71
    5
 72
    1
  1
Программа обучения:\P«Электронное\Pконструирование»
  7
cyrillic_ii
210
0
220
0
230
1
 50
0
 73
    2
 44
1
  0
CIRCLE
  5
505
100
AcDbEntity
  8
02. дуло
  6
ByLayer
 62
  256
370
   -1
100
AcDbCircle
 10
75
 20
105
 40
2.5
  0
DIMENSION
  5
506
100
AcDbEntity
  8
02. дуло
  6
ByLayer
 62
   96
420
32768
370
   -1
100
AcDbDimension
  2
*D1
 10
73.23223304703363
 20
103.2322330470336
 30
0
 11
73.40900974233026
 21
106.5909902576697
 31
0
 70
   35
 71
    5
  3
Standard
 53
0
210
0
220
0
230
1
100
AcDbDiametricDimension
 15
76.76776695296637
 25
106.7677669529664
 35
0
 40
0
  0
DIMENSION
  5
507
100
AcDbEntity
  8
02. дуло
  6
ByLayer
 62
   96
420
32768
370
   -1
100
AcDbDimension
  2
*D2
 10
40
 20
70
 30
0
 11
37.75000000000001
 21
166
 31
0
 70
   32
  1
300.0
 71
    5
  3
Standard
 53
0
210
0
220
0
230
1
100
AcDbAlignedDimension
 13
60
 23
267
 33
0
 14
60
 24
65
 34
0
 50
90
100
AcDbRotatedDimension
  0
MTEXT
  5
508
100
AcDbEntity
  8
02. дуло
  6
ByLayer
 62
  256
370
   -1
100
AcDbMText
 10
120
 20
13
 30
0
 40
5
 41
58.88888888888889
 71
    5
 72
    1
  1
ПолиВинилХлорид
  7
cyrillic_ii
210
0
220
0
230
1
 50
0
 73
    2
 44
1
  0
LINE
  5
509
100
AcDbEntity
  8
02. дуло
  6
ByLayer
 62
  256
370
   -1
100
AcDbLine
 10
75
 20
109
 11
75
 21
101
  0
LINE
  5
50A
100
AcDbEntity
  8
02. дуло
  6
ByLayer
 62
  256
370
   -1
100
AcDbLine
 10
71
 20
105
 11
79
 21
105
  0
MTEXT
  5
50B
100
AcDbEntity
  8
014. рукоятка вид сверху
  6
ByLayer
 62
  256
370
   -1
100
AcDbMText
 10
96
 20
55
 30
0
 40
5
 41
91.66666666666715
 71
    1
 72
    1
  1
Электронный бластер. 001
  7
cyrillic_ii
210
0
220
0
230
1
 50
0
 73
    2
 44
1
  0
MTEXT
  5
50C
100
AcDbEntity
  8
014. рукоятка вид сверху
  6
ByLayer
 62
  256
370
   -1
100
AcDbMText
 10
120.4305555555556
 20
33
 30
0
 40
5
 41
31.94444444444468
 71
    5
 72
    1
  1
Рукоятка
  7
cyrillic_ii
210
0
220
0
230
1
 50
0
 73
    2
 44
1
  0
MTEXT
  5
50D
100
AcDbEntity
  8
014. рукоятка вид сверху
  6
ByLayer
 62
  256
370
   -1
100
AcDbMText
 10
120
 20
13
 30
0
 40
4
 41
63.1111111111113
 71
    5
 72
    1
  1
Фанера/Пиломатериал
  7
cyrillic_ii
210
0
220
0
230
1
 50
0
 73
    2
 44
1
  0
MTEXT
  5
50E
100
AcDbEntity
  8
014. рукоятка вид сверху
  6
ByLayer
 62
  256
370
   -1
100
AcDbMText
 10
193
 20
35
 30
0
 40
5
 41
5.555555555555555
 71
    1
 72
    1
  1
1:1
  7
cyrillic_ii
210
0
220
0
230
1
 50
0
 73
    2
 44
1
  0
LWPOLYLINE
  5
50F
100
AcDbEntity
  8
014. рукоятка вид сверху
  6
ByLayer
 62
  256
370
   -1
100
AcDbPolyline
 90
    4
 70
    1
 43
0
 10
64.99999999999999
 20
87
 10
85
 20
87
 10
85
 20
247
 10
64.99999999999999
 20
247
  0
LINE
  5
510
100
AcDbEntity
  8
014. рукоятка вид сверху
  6
ByLayer
 62
  256
370
   -1
100
AcDbLine
 10
64.99999999999999
 20
236.4999999999942
 11
85
 21
236.4999999999942
  0
LINE
  5
511
100
AcDbEntity
  8
014. рукоятка вид сверху
  6
ByLayer
 62
  256
370
   -1
100
AcDbLine
 10
65
 20
233.5
 11
85
 21
233.5
  0
LINE
  5
512
100
AcDbEntity
  8
014. рукоятка вид сверху
  6
ByLayer
 62
  256
370
   -1
100
AcDbLine
 10
65
 20
224.499999999996
 11
85
 21
224.499999999996
  0
LINE
  5
513
100
AcDbEntity
  8
014. рукоятка вид сверху
  6
ByLayer
 62
  256
370
   -1
100
AcDbLine
 10
65
 20
221.5
 11
85
 21
221.5
  0
LINE
  5
514
100
AcDbEntity
  8
014. рукоятка вид сверху
  6
ByLayer
 62
  256
370
   -1
100
AcDbLine
 10
65.00000000000001
 20
212.500000000006
 11
85
 21
212.500000000006
  0
LINE
  5
515
100
AcDbEntity
  8
014. рукоятка вид сверху
  6
ByLayer
 62
  256
370
   -1
100
AcDbLine
 10
64.99999999999999
 20
209.5000000000005
 11
85
 21
209.5000000000005
  0
LINE
  5
516
100
AcDbEntity
  8
014. рукоятка вид сверху
  6
ByLayer
 62
  256
370
   -1
100
AcDbLine
 10
64.99999999999999
 20
200.4999999999981
 11
85
 21
200.4999999999981
  0
LINE
  5
517
100
AcDbEntity
  8
014. рукоятка вид сверху
  6
ByLayer
 62
  256
370
   -1
100
AcDbLine
 10
65
 20
197.5
 11
85
 21
197.5
  0
LINE
  5
518
100
AcDbEntity
  8
014. рукоятка вид сверху
  6
ByLayer
 62
  256
370
   -1
100
AcDbLine
 10
64.99999999999999
 20
188.4999999999931
 11
85
 21
188.4999999999931
  0
LINE
  5
519
100
AcDbEntity
  8
014. рукоятка вид сверху
  6
ByLayer
 62
  256
370
   -1
100
AcDbLine
 10
65
 20
185.5
 11
85
 21
185.5
  0
MTEXT
  5
51A
100
AcDbEntity
  8
014. рукоятка вид сверху
  6
ByLayer
 62
  256
370
   -1
100
AcDbMText
 10
64
 20
269
 30
0
 40
3
 41
22.25
 71
    7
 72
    1
  1
Вид сверху
  7
cyrillic_ii
210
0
220
0
230
1
 50
0
 73
    2
 44
1
  0
MTEXT
  5
51B
100
AcDbEntity
  8
014. рукоятка вид сверху
  6
ByLayer
 62
  256
370
   -1
100
AcDbMText
 10
138.6666666666667
 20
269
 30
0
 40
3
 41
24.58333333333347
 71
    7
 72
    1
  1
Вид спереди
  7
cyrillic_ii
210
0
220
0
230
1
 50
0
 73
    2
 44
1
  0
LWPOLYLINE
  5
51C
100
AcDbEntity
  8
014. рукоятка вид сверху
  6
ByLayer
 62
  256
370
   -1
100
AcDbPolyline
 90
    6
 70
    1
 43
0
 10
160
 20
127
 10
160
 20
247
 10
158.0000000000029
 20
247.0000000000006
 42
-0.2679491924312347
 10
141.9999999999968
 20
247
 10
140
 20
247
 10
140
 20
127
  0
DIMENSION
  5
51D
100
AcDbEntity
  8
014. рукоятка вид сверху
  6
ByLayer
 62
   96
420
32768
370
   -1
100
AcDbDimension
  2
*D3
 10
149.9999999999993
 20
260.8564064605499
 30
0
 11
154.6842641490933
 21
253.9919932021923
 31
0
 70
   36
 71
    5
 72
    0
  3
Standard
 53
0
210
0
220
0
230
1
100
AcDbRadialDimension
 15
155.1035936113393
 25
245.6921942406454
 35
0
 40
0
  0
LINE
  5
51E
100
AcDbEntity
  8
014. рукоятка вид сверху
  6
ByLayer
 62
  256
370
   -1
100
AcDbLine
 10
140
 20
207
 11
160
 21
207
  0
LWPOLYLINE
  5
51F
100
AcDbEntity
  8
014. рукоятка вид сверху
  6
ByLayer
 62
  256
370
   -1
100
AcDbPolyline
 90
    4
 70
    1
 43
0
 10
147
 20
199
 10
153
 20
199
 10
153
 20
186.3
 10
147
 20
186.3
  0
CIRCLE
  5
520
100
AcDbEntity
  8
014. рукоятка вид сверху
  6
ByLayer
 62
  256
370
   -1
100
AcDbCircle
 10
150
 20
227
 40
9
  0
DIMENSION
  5
521
100
AcDbEntity
  8
014. рукоятка вид сверху
  6
ByLayer
 62
   96
420
32768
370
   -1
100
AcDbDimension
  2
*D4
 10
143.6360389693211
 20
233.3639610306789
 30
0
 11
151.5909902576697
 21
228.5909902576697
 31
0
 70
   35
 71
    5
 72
    0
  3
Standard
 53
0
210
0
220
0
230
1
100
AcDbDiametricDimension
 15
156.3639610306789
 25
220.6360389693211
 35
0
 40
0
  0
DIMENSION
  5
522
100
AcDbEntity
  8
014. рукоятка вид сверху
  6
ByLayer
 62
   96
420
32768
370
   -1
100
AcDbDimension
  2
*D5
 10
130
 20
247
 30
0
 11
127.75
 21
237
 31
0
 70
   32
 71
    5
 72
    0
  3
Standard
 53
0
210
0
220
0
230
1
100
AcDbAlignedDimension
 13
150
 23
227
 33
0
 14
140
 24
247
 34
0
 50
90
100
AcDbRotatedDimension
  0
LWPOLYLINE
  5
523
100
AcDbEntity
  8
014. рукоятка вид сверху
  6
DASHEDTINY
 62
  256
370
   -1
100
AcDbPolyline
 90
    4
 70
    1
 43
0
 10
66.00000000000001
 20
90.90450849718748
 10
84.00000000000001
 20
90.90450849718748
 10
84.00000000000001
 20
107.3
 10
66
 20
107.3
  0
DIMENSION
  5
524
100
AcDbEntity
  8
014. рукоятка вид сверху
  6
ByLayer
 62
   96
420
32768
370
   -1
100
AcDbDimension
  2
*D6
 10
60
 20
107
 30
0
 11
57.75
 21
97.15000000000001
 31
0
 70
   32
 71
    5
 72
    0
  3
Standard
 53
0
210
0
220
0
230
1
100
AcDbAlignedDimension
 13
65
 23
87
 33
0
 14
66
 24
107.3
 34
0
 50
90
100
AcDbRotatedDimension
  0
LINE
  5
525
100
AcDbEntity
  8
014. рукоятка вид сверху
  6
DASHDOTTINY
 62
  256
370
   -1
100
AcDbLine
 10
75
 20
252
 11
75
 21
82
  0
LINE
  5
526
100
AcDbEntity
  8
014. рукоятка вид сверху
  6
DASHDOTTINY
 62
  256
370
   -1
100
AcDbLine
 10
150
 20
252
 11
150
 21
122
  0
LINE
  5
527
100
AcDbEntity
  8
02. дуло
  6
ByLayer
 62
  256
370
   -1
100
AcDbLine
 10
91
 20
267
 11
91
 21
232
  0
LINE
  5
528
100
AcDbEntity
  8
02. дуло
  6
ByLayer
 62
  256
370
   -1
100
AcDbLine
 10
59
 20
232
 11
59
 21
267
  0
SPLINE
  5
529
100
AcDbEntity
  8
02. дуло
  6
ByLayer
 62
  256
370
   -1
100
AcDbSpline
210
0
220
0
230
0
 70
    8
 71
    2
 72
    7
 73
    4
 74
    0
 42
1e-07
 43
1e-07
 40
0
 40
0
 40
0
 40
0.5
 40
1
 40
1
 40
1
 10
59
 20
227
 30
0
 10
68
 20
232
 30
0
 10
82
 20
221
 30
0
 10
91
 20
227
 30
0
  0
LINE
  5
52A
100
AcDbEntity
  8
02. дуло
  6
ByLayer
 62
  256
370
   -1
100
AcDbLine
 10
59
 20
120
 11
59
 21
227
  0
LINE
  5
52B
100
AcDbEntity
  8
02. дуло
  6
ByLayer
 62
  256
370
   -1
100
AcDbLine
 10
91
 20
227
 11
91
 21
120
  0
SPLINE
  5
52C
100
AcDbEntity
  8
02. дуло
  6
ByLayer
 62
  256
370
   -1
100
AcDbSpline
210
0
220
0
230
0
 70
    8
 71
    2
 72
    7
 73
    4
 74
    0
 42
1e-07
 43
1e-07
 40
0
 40
0
 40
0
 40
0.5
 40
1
 40
1
 40
1
 10
59
 20
120
 30
0
 10
68
 20
125
 30
0
 10
82
 20
114
 30
0
 10
91
 20
120
 30
0
  0
SPLINE
  5
52D
100
AcDbEntity
  8
02. дуло
  6
ByLayer
 62
  256
370
   -1
100
AcDbSpline
210
0
220
0
230
0
 70
    8
 71
    2
 72
    7
 73
    4
 74
    0
 42
1e-07
 43
1e-07
 40
0
 40
0
 40
0
 40
0.5
 40
1
 40
1
 40
1
 10
59
 20
115
 30
0
 10
68
 20
120
 30
0
 10
82
 20
109
 30
0
 10
91
 20
115
 30
0
  0
LINE
  5
52E
100
AcDbEntity
  8
02. дуло
  6
ByLayer
 62
  256
370
   -1
100
AcDbLine
 10
59
 20
115
 11
59
 21
65
  0
LINE
  5
52F
100
AcDbEntity
  8
02. дуло
  6
ByLayer
 62
  256
370
   -1
100
AcDbLine
 10
91
 20
115
 11
91
 21
65
  0
LINE
  5
530
100
AcDbEntity
  8
02. дуло
  6
ByLayer
 62
  256
370
   -1
100
AcDbLine
 10
91
 20
65
 11
59
 21
65
  0
SPLINE
  5
531
100
AcDbEntity
  8
02. дуло
  6
ByLayer
 62
  256
370
   -1
100
AcDbSpline
210
0
220
0
230
0
 70
    8
 71
    2
 72
    7
 73
    4
 74
    0
 42
1e-07
 43
1e-07
 40
0
 40
0
 40
0
 40
0.5
 40
1
 40
1
 40
1
 10
59
 20
232
 30
0
 10
68
 20
237
 30
0
 10
82
 20
226
 30
0
 10
91
 20
232
 30
0
  0
LINE
  5
532
100
AcDbEntity
  8
02. дуло
  6
ByLayer
 62
  256
370
   -1
100
AcDbLine
 10
60
 20
267
 11
60
 21
232.5265930140664
  0
LINE
  5
533
100
AcDbEntity
  8
02. дуло
  6
ByLayer
 62
  256
370
   -1
100
AcDbLine
 10
59
 20
267
 11
91
 21
267
  0
LINE
  5
534
100
AcDbEntity
  8
02. дуло
  6
ByLayer
 62
  256
370
   -1
100
AcDbLine
 10
90
 20
267
 11
90
 21
231.3640179508099
  0
LINE
  5
535
100
AcDbEntity
  8
02. дуло
  6
ByLayer
 62
  256
370
   -1
100
AcDbLine
 10
90
 20
119.3530387961694
 11
90
 21
226.3687658973527
  0
LINE
  5
536
100
AcDbEntity
  8
02. дуло
  6
ByLayer
 62
  256
370
   -1
100
AcDbLine
 10
60
 20
227.5157476451384
 11
60
 21
120.5261444325556
  0
LINE
  5
537
100
AcDbEntity
  8
02. дуло
  6
ByLayer
 62
  256
370
   -1
100
AcDbLine
 10
60
 20
115.5275032556802
 11
60
 21
65
  0
LINE
  5
538
100
AcDbEntity
  8
02. дуло
  6
ByLayer
 62
  256
370
   -1
100
AcDbLine
 10
90
 20
65
 11
90
 21
114.3645939933004
  0
LINE
  5
539
100
AcDbEntity
  8
02. дуло
  6
ByLayer
 62
  256
370
   -1
100
AcDbLine
 10
87
 20
126
 11
87
 21
122
  0
LINE
  5
53A
100
AcDbEntity
  8
02. дуло
  6
ByLayer
 62
  256
370
   -1
100
AcDbLine
 10
89
 20
124
 11
85
 21
124
  0
LWPOLYLINE
  5
53B
100
AcDbEntity
  8
02. дуло
  6
ByLayer
 62
  256
370
   -1
100
AcDbPolyline
 90
    4
 70
    1
 43
0
 10
65
 20
174
 10
85
 20
174
 10
85
 20
151
 10
65
 20
151
  0
CIRCLE
  5
53C
100
AcDbEntity
  8
02. дуло
  6
ByLayer
 62
  256
370
   -1
100
AcDbCircle
 10
83
 20
204
 40
1
  0
CIRCLE
  5
53D
100
AcDbEntity
  8
02. дуло
  6
ByLayer
 62
  256
370
   -1
100
AcDbCircle
 10
75
 20
194
 40
1
  0
CIRCLE
  5
53E
100
AcDbEntity
  8
02. дуло
  6
ByLayer
 62
  256
370
   -1
100
AcDbCircle
 10
67
 20
184
 40
1
  0
DIMENSION
  5
53F
100
AcDbEntity
  8
02. дуло
  6
ByLayer
 62
   96
420
32768
370
   -1
100
AcDbDimension
  2
*D7
 10
65
 20
174
 30
0
 11
62.75
 21
179
 31
0
 70
   32
 71
    5
  3
Standard
 53
0
210
0
220
0
230
1
100
AcDbAlignedDimension
 13
67
 23
184
 33
0
 14
65
 24
174
 34
0
 50
90
100
AcDbRotatedDimension
  0
DIMENSION
  5
540
100
AcDbEntity
  8
02. дуло
  6
ByLayer
 62
   96
420
32768
370
   -1
100
AcDbDimension
  2
*D8
 10
65
 20
187
 30
0
 11
62.75
 21
189
 31
0
 70
   32
 71
    5
  3
Standard
 53
0
210
0
220
0
230
1
100
AcDbAlignedDimension
 13
75
 23
194
 33
0
 14
67
 24
184
 34
0
 50
90
100
AcDbRotatedDimension
  0
DIMENSION
  5
541
100
AcDbEntity
  8
02. дуло
  6
ByLayer
 62
   96
420
32768
370
   -1
100
AcDbDimension
  2
*D9
 10
65
 20
197
 30
0
 11
62.75
 21
199
 31
0
 70
   32
 71
    5
  3
Standard
 53
0
210
0
220
0
230
1
100
AcDbAlignedDimension
 13
83
 23
204
 33
0
 14
75
 24
194
 34
0
 50
90
100
AcDbRotatedDimension
  0
DIMENSION
  5
542
100
AcDbEntity
  8
02. дуло
  6
ByLayer
 62
   96
420
32768
370
   -1
100
AcDbDimension
  2
*D10
 10
50
 20
149
 30
0
 11
47.75
 21
162.5
 31
0
 70
   32
 71
    5
  3
Standard
 53
0
210
0
220
0
230
1
100
AcDbAlignedDimension
 13
65
 23
174
 33
0
 14
65
 24
151
 34
0
 50
90
100
AcDbRotatedDimension
  0
LINE
  5
543
100
AcDbEntity
  8
02. дуло
  6
ByLayer
 62
  256
370
   -1
100
AcDbLine
 10
67
 20
186
 11
67
 21
182
  0
LINE
  5
544
100
AcDbEntity
  8
02. дуло
  6
ByLayer
 62
  256
370
   -1
100
AcDbLine
 10
75
 20
196
 11
75
 21
192
  0
LINE
  5
545
100
AcDbEntity
  8
02. дуло
  6
ByLayer
 62
  256
370
   -1
100
AcDbLine
 10
83
 20
206
 11
83
 21
202
  0
LINE
  5
546
100
AcDbEntity
  8
02. дуло
  6
ByLayer
 62
  256
370
   -1
100
AcDbLine
 10
85
 20
204
 11
81
 21
204
  0
LINE
  5
547
100
AcDbEntity
  8
02. дуло
  6
ByLayer
 62
  256
370
   -1
100
AcDbLine
 10
77
 20
194
 11
73
 21
194
  0
LINE
  5
548
100
AcDbEntity
  8
02. дуло
  6
ByLayer
 62
  256
370
   -1
100
AcDbLine
 10
69
 20
184
 11
65
 21
184
  0
DIMENSION
  5
549
100
AcDbEntity
  8
02. дуло
  6
ByLayer
 62
   96
420
32768
370
   -1
100
AcDbDimension
  2
*D11
 10
50
 20
125
 30
0
 11
47.75
 21
220.5
 31
0
 70
   32
  1
120.0
 71
    5
  3
Standard
 53
0
210
0
220
0
230
1
100
AcDbAlignedDimension
 13
90
 23
267
 33
0
 14
65
 24
174
 34
0
 50
90
100
AcDbRotatedDimension
  0
DIMENSION
  5
54A
100
AcDbEntity
  8
02. дуло
  6
ByLayer
 62
   96
420
32768
370
   -1
100
AcDbDimension
  2
*D12
 10
87
 20
129
 30
0
 11
89
 21
131.25
 31
0
 70
   32
 71
    5
 72
    0
  3
Standard
 53
0
210
0
220
0
230
1
100
AcDbAlignedDimension
 13
91
 23
124
 33
0
 14
87
 24
124
 34
0
100
AcDbRotatedDimension
  0
DIMENSION
  5
54B
100
AcDbEntity
  8
02. дуло
  6
ByLayer
 62
   96
420
32768
370
   -1
100
AcDbDimension
  2
*D13
 10
100
 20
124
 30
0
 11
97.75
 21
195.5
 31
0
 70
   32
  1
170.0
 71
    5
 72
    0
  3
Standard
 53
0
210
0
220
0
230
1
100
AcDbAlignedDimension
 13
91
 23
267
 33
0
 14
87
 24
124
 34
0
 50
90
100
AcDbRotatedDimension
  0
DIMENSION
  5
54C
100
AcDbEntity
  8
02. дуло
  6
ByLayer
 62
   96
420
32768
370
   -1
100
AcDbDimension
  2
*D14
 10
100
 20
272
 30
0
 11
75
 21
274.25
 31
0
 70
   32
 71
    5
  3
Standard
 53
0
210
0
220
0
230
1
100
AcDbAlignedDimension
 13
60
 23
267
 33
0
 14
90
 24
267
 34
0
100
AcDbRotatedDimension
  0
DIMENSION
  5
54D
100
AcDbEntity
  8
02. дуло
  6
ByLayer
 62
   96
420
32768
370
   -1
100
AcDbDimension
  2
*D15
 10
90
 20
280
 30
0
 11
75
 21
282.25
 31
0
 70
   32
 71
    5
 72
    0
  3
Standard
 53
0
210
0
220
0
230
1
100
AcDbAlignedDimension
 13
59
 23
267
 33
0
 14
91
 24
267
 34
0
100
AcDbRotatedDimension
  0
DIMENSION
  5
54E
100
AcDbEntity
  8
02. дуло
  6
ByLayer
 62
   96
420
32768
370
   -1
100
AcDbDimension
  2
*D16
 10
85
 20
144
 30
0
 11
75
 21
146.25
 31
0
 70
   32
 71
    5
  3
Standard
 53
0
210
0
220
0
230
1
100
AcDbAlignedDimension
 13
65
 23
151
 33
0
 14
85
 24
151
 34
0
100
AcDbRotatedDimension
  0
CIRCLE
  5
54F
100
AcDbEntity
  8
02. дуло
  6
DASHEDTINY
 62
  256
370
   -1
100
AcDbCircle
 10
87
 20
124
 40
1
  0
LINE
  5
550
100
AcDbEntity
  8
02. дуло
  6
DASHDOTTINY
 62
  256
370
   -1
100
AcDbLine
 10
75
 20
270
 11
75
 21
62
  0
DIMENSION
  5
551
100
AcDbEntity
  8
02. дуло
  6
ByLayer
 62
   96
420
32768
370
   -1
100
AcDbDimension
  2
*D17
 10
75
 20
189
 30
0
 11
71
 21
191.25
 31
0
 70
   32
 71
    5
 72
    0
  3
Standard
 53
0
210
0
220
0
230
1
100
AcDbAlignedDimension
 13
67
 23
184
 33
0
 14
75
 24
184
 34
0
100
AcDbRotatedDimension
  0
DIMENSION
  5
552
100
AcDbEntity
  8
02. дуло
  6
ByLayer
 62
   96
420
32768
370
   -1
100
AcDbDimension
  2
*D18
 10
75
 20
209
 30
0
 11
79
 21
211.25
 31
0
 70
   32
 71
    5
 72
    0
  3
Standard
 53
0
210
0
220
0
230
1
100
AcDbAlignedDimension
 13
83
 23
204
 33
0
 14
75
 24
210
 34
0
100
AcDbRotatedDimension
  0
DIMENSION
  5
553
100
AcDbEntity
  8
02. дуло
  6
ByLayer
 62
   96
420
32768
370
   -1
100
AcDbDimension
  2
*D19
 10
66.29289321881345
 20
184.7071067811866
 30
0
 11
68.5909902576698
 21
185.5909902576697
 31
0
 70
   35
 71
    5
 72
    0
  3
Standard
 53
0
210
0
220
0
230
1
100
AcDbDiametricDimension
 15
67.70710678118655
 25
183.2928932188134
 35
0
 40
0
  0
DIMENSION
  5
554
100
AcDbEntity
  8
02. дуло
  6
ByLayer
 62
   96
420
32768
370
   -1
100
AcDbDimension
  2
*D20
 10
74.29289321881345
 20
194.7071067811866
 30
0
 11
76.5909902576698
 21
195.5909902576697
 31
0
 70
   35
 71
    5
 72
    0
  3
Standard
 53
0
210
0
220
0
230
1
100
AcDbDiametricDimension
 15
75.70710678118655
 25
193.2928932188134
 35
0
 40
0
  0
DIMENSION
  5
555
100
AcDbEntity
  8
02. дуло
  6
ByLayer
 62
   96
420
32768
370
   -1
100
AcDbDimension
  2
*D21
 10
82.29289321881345
 20
204.7071067811866
 30
0
 11
84.5909902576698
 21
205.5909902576697
 31
0
 70
   35
 71
    5
 72
    0
  3
Standard
 53
0
210
0
220
0
230
1
100
AcDbDiametricDimension
 15
83.70710678118655
 25
203.2928932188134
 35
0
 40
0
  0
LWPOLYLINE
  5
556
100
AcDbEntity
  8
02. дуло
  6
ByLayer
 62
  256
370
   13
100
AcDbPolyline
 90
    4
 70
    1
 43
0
 10
134.197
 20
107.5
 10
135.2102912557632
 20
107.5000649543211
 42
-0.319197922326776
 10
147.5004854886161
 20
119.7902806376282
 10
147.5004935098411
 20
120.8035631669526
 42
0.3250243796333509
  0
LWPOLYLINE
  5
557
100
AcDbEntity
  8
02. дуло
  6
ByLayer
 62
  256
370
   13
100
AcDbPolyline
 90
    4
 70
    1
 43
0
 10
152.5001181233389
 20
120.8034864040443
 10
152.50018307766
 20
119.7901951482811
 42
-0.3191979223267729
 10
164.7903987609671
 20
107.5000009154282
 10
165.8036812902915
 20
107.4999928942032
 42
0.325024379633353
  0
LWPOLYLINE
  5
558
100
AcDbEntity
  8
02. дуло
  6
ByLayer
 62
  256
370
   13
100
AcDbPolyline
 90
    4
 70
    1
 43
0
 10
134.1965063095399
 20
102.5000825662462
 10
135.2097975327177
 20
102.4998175077666
 42
0.3191979223267762
 10
147.4975644613757
 20
90.20717500379538
 10
147.4973723801641
 20
89.19389249264502
 42
-0.3250243796333607
  0
LWPOLYLINE
  5
559
100
AcDbEntity
  8
02. дуло
  6
ByLayer
 62
  256
370
   13
100
AcDbPolyline
 90
    4
 70
    1
 43
0
 10
152.496996911333
 20
89.1929819326306
 10
152.4972619698126
 20
90.20627315580839
 42
0.3191979223267776
 10
164.7899044737837
 20
102.4940400844664
 10
165.8031869849342
 20
102.4938480032547
 42
-0.3250243796333591
  0
CIRCLE
  5
55A
100
AcDbEntity
  8
02. дуло
  6
ByLayer
 62
  256
370
   -1
100
AcDbCircle
 10
150
 20
105
 40
15.0024220845969
  0
CIRCLE
  5
55B
100
AcDbEntity
  8
02. дуло
  6
ByLayer
 62
  256
370
   -1
100
AcDbCircle
 10
150
 20
105
 40
16.00269557139654
  0
DIMENSION
  5
55C
100
AcDbEntity
  8
02. дуло
  6
ByLayer
 62
   96
420
32768
370
   -1
100
AcDbDimension
  2
*D22
 10
152
 20
127
 30
0
 11
150.0003343341642
 21
129.25
 31
0
 70
   32
 71
    5
  3
Standard
 53
0
210
0
220
0
230
1
100
AcDbAlignedDimension
 13
147.5004855906683
 23
119.8031724019776
 33
0
 14
152.50018307766
 24
119.7901951482811
 34
0
100
AcDbRotatedDimension
  0
DIMENSION
  5
55D
100
AcDbEntity
  8
02. дуло
  6
ByLayer
 62
   96
420
32768
370
   -1
100
AcDbDimension
  2
*D23
 10
175
 20
102.4940397540789
 30
0
 11
172.75
 21
104.9970203258204
 31
0
 70
   32
 71
    5
  3
Standard
 53
0
210
0
220
0
230
1
100
AcDbAlignedDimension
 13
164.792655742516
 23
107.5000008975618
 33
0
 14
164.7916473609352
 24
102.4940397540789
 34
0
 50
90
100
AcDbRotatedDimension
  0
DIMENSION
  5
55E
100
AcDbEntity
  8
02. дуло
  6
ByLayer
 62
   96
420
32768
370
   -1
100
AcDbDimension
  2
*D24
 10
153
 20
80
 30
0
 11
149.9974132155942
 21
82.25
 31
0
 70
   32
 71
    5
  3
Standard
 53
0
210
0
220
0
230
1
100
AcDbAlignedDimension
 13
147.4975644613757
 23
90.20717500379541
 33
0
 14
152.4972619698126
 24
90.20627315580839
 34
0
100
AcDbRotatedDimension
  0
DIMENSION
  5
55F
100
AcDbEntity
  8
02. дуло
  6
ByLayer
 62
   96
420
32768
370
   -1
100
AcDbDimension
  2
*D25
 10
127
 20
102.4998181414983
 30
0
 11
124.75
 21
104.9999362706078
 31
0
 70
   32
 71
    5
  3
Standard
 53
0
210
0
220
0
230
1
100
AcDbAlignedDimension
 13
135.0456388119889
 23
107.5000543997174
 33
0
 14
135.2073748415362
 24
102.4998181414983
 34
0
 50
90
100
AcDbRotatedDimension
  0
MTEXT
  5
560
100
AcDbEntity
  8
02. дуло
  6
ByLayer
 62
  256
370
   -1
100
AcDbMText
 10
145
 20
139
 30
0
 40
4
 41
9.777777777777777
 71
    1
 72
    1
  1
А-А
  7
cyrillic_ii
210
0
220
0
230
1
 50
0
 73
    2
 44
1
  0
LINE
  5
561
100
AcDbEntity
  8
02. дуло
  6
DASHDOTTINY
 62
  256
370
   -1
100
AcDbLine
 10
150
 20
124
 11
150
 21
86
  0
LINE
  5
562
100
AcDbEntity
  8
02. дуло
  6
DASHDOTTINY
 62
  256
370
   -1
100
AcDbLine
 10
131
 20
105
 11
169
 21
105
  0
LWPOLYLINE
  5
563
100
AcDbEntity
  8
02. дуло
  6
ByLayer
 62
  256
370
   13
100
AcDbPolyline
 90
    4
 70
    1
 43
0
 10
134.197
 20
252.5
 10
135.2102912557632
 20
252.5000649543211
 42
-0.3191979223267762
 10
147.5004854886161
 20
264.7902806376282
 10
147.5004935098411
 20
265.8035631669526
 42
0.3250243796333533
  0
LWPOLYLINE
  5
564
100
AcDbEntity
  8
02. дуло
  6
ByLayer
 62
  256
370
   13
100
AcDbPolyline
 90
    4
 70
    1
 43
0
 10
152.5001181233389
 20
265.8034864040443
 10
152.50018307766
 20
264.7901951482812
 42
-0.3191979223267713
 10
164.7903987609671
 20
252.5000009154282
 10
165.8036812902915
 20
252.4999928942032
 42
0.325024379633353
  0
LWPOLYLINE
  5
565
100
AcDbEntity
  8
02. дуло
  6
ByLayer
 62
  256
370
   13
100
AcDbPolyline
 90
    4
 70
    1
 43
0
 10
134.1965063095399
 20
247.5000825662462
 10
135.2097975327177
 20
247.4998175077666
 42
0.3191979223267758
 10
147.4975644613757
 20
235.2071750037954
 10
147.4973723801641
 20
234.193892492645
 42
-0.3250243796333607
  0
LWPOLYLINE
  5
566
100
AcDbEntity
  8
02. дуло
  6
ByLayer
 62
  256
370
   13
100
AcDbPolyline
 90
    4
 70
    1
 43
0
 10
152.496996911333
 20
234.1929819326306
 10
152.4972619698126
 20
235.2062731558084
 42
0.3191979223267776
 10
164.7899044737837
 20
247.4940400844664
 10
165.8031869849342
 20
247.4938480032547
 42
-0.3250243796333591
  0
CIRCLE
  5
567
100
AcDbEntity
  8
02. дуло
  6
ByLayer
 62
  256
370
   -1
100
AcDbCircle
 10
150
 20
250
 40
15.0024220845969
  0
CIRCLE
  5
568
100
AcDbEntity
  8
02. дуло
  6
ByLayer
 62
  256
370
   -1
100
AcDbCircle
 10
150
 20
250
 40
16.00269557139654
  0
LWPOLYLINE
  5
569
100
AcDbEntity
  8
02. дуло
  6
ByLayer
 62
  256
370
   13
100
AcDbPolyline
 90
    4
 70
    1
 43
0
 10
131.2
 20
248.5
 10
131.2
 20
250.4
 10
135
 20
249.8
 10
135
 20
248.5
  0
LWPOLYLINE
  5
56A
100
AcDbEntity
  8
02. дуло
  6
ByLayer
 62
  256
370
   13
100
AcDbPolyline
 90
    4
 70
    1
 43
0
 10
135.2
 20
252.5
 10
136.2
 20
252.5
 10
136.2
 20
247.5
 10
135.2
 20
247.5
  0
LINE
  5
56B
100
AcDbEntity
  8
02. дуло
  6
ByLayer
 62
  256
370
   13
100
AcDbLine
 10
135.2
 20
248
 11
131.2
 21
248
  0
ARC
  5
56C
100
AcDbEntity
  8
02. дуло
  6
ByLayer
 62
  256
370
   13
100
AcDbCircle
 10
131.2
 20
250
 40
2
100
AcDbArc
 50
90
 51
270
  0
LINE
  5
56D
100
AcDbEntity
  8
02. дуло
  6
ByLayer
 62
  256
370
   13
100
AcDbLine
 10
131.2
 20
252
 11
135.2
 21
252
  0
LWPOLYLINE
  5
56E
100
AcDbEntity
  8
02. дуло
  6
ByLayer
 62
  256
370
   13
100
AcDbPolyline
 90
    4
 70
    1
 43
0
 10
131.2
 20
251.5
 10
131.2
 20
250.9
 10
135
 20
250.4
 10
135
 20
251.5
  0
LINE
  5
56F
100
AcDbEntity
  8
02. дуло
  6
ByLayer
 62
  256
370
   13
100
AcDbLine
 10
135
 20
251
 11
143.2
 21
251
  0
LINE
  5
570
100
AcDbEntity
  8
02. дуло
  6
ByLayer
 62
  256
370
   13
100
AcDbLine
 10
135
 20
249
 11
141.2
 21
249
  0
LWPOLYLINE
  5
571
100
AcDbEntity
  8
02. дуло
  6
ByLayer
 62
  256
370
   13
100
AcDbPolyline
 90
    4
 70
    1
 43
0
 10
151.4972619698126
 20
231.2062731558084
 10
149.5972619698126
 20
231.2062731558084
 10
150.1972619698126
 20
235.0062731558084
 10
151.4972619698126
 20
235.0062731558084
  0
LWPOLYLINE
  5
572
100
AcDbEntity
  8
02. дуло
  6
ByLayer
 62
  256
370
   13
100
AcDbPolyline
 90
    4
 70
    1
 43
0
 10
147.4972619698126
 20
235.2062731558084
 10
147.4972619698126
 20
236.2062731558084
 10
152.4972619698126
 20
236.2062731558084
 10
152.4972619698126
 20
235.2062731558084
  0
LINE
  5
573
100
AcDbEntity
  8
02. дуло
  6
ByLayer
 62
  256
370
   13
100
AcDbLine
 10
151.9972619698126
 20
235.2062731558084
 11
151.9972619698126
 21
231.2062731558084
  0
ARC
  5
574
100
AcDbEntity
  8
02. дуло
  6
ByLayer
 62
  256
370
   13
100
AcDbCircle
 10
149.9972619698126
 20
231.2062731558084
 40
2
100
AcDbArc
 50
180
 51
0
  0
LINE
  5
575
100
AcDbEntity
  8
02. дуло
  6
ByLayer
 62
  256
370
   13
100
AcDbLine
 10
147.9972619698126
 20
231.2062731558084
 11
147.9972619698126
 21
235.2062731558084
  0
LWPOLYLINE
  5
576
100
AcDbEntity
  8
02. дуло
  6
ByLayer
 62
  256
370
   13
100
AcDbPolyline
 90
    4
 70
    1
 43
0
 10
148.4972619698126
 20
231.2062731558084
 10
149.0972619698126
 20
231.2062731558084
 10
149.5972619698126
 20
235.0062731558084
 10
148.4972619698126
 20
235.0062731558084
  0
LINE
  5
577
100
AcDbEntity
  8
02. дуло
  6
ByLayer
 62
  256
370
   13
100
AcDbLine
 10
148.9972619698126
 20
235.0062731558084
 11
148.9972619698126
 21
243.2062731558084
  0
LINE
  5
578
100
AcDbEntity
  8
02. дуло
  6
ByLayer
 62
  256
370
   13
100
AcDbLine
 10
150.9972619698126
 20
235.0062731558084
 11
150.9972619698126
 21
241.2062731558084
  0
LWPOLYLINE
  5
579
100
AcDbEntity
  8
02. дуло
  6
ByLayer
 62
  256
370
   13
100
AcDbPolyline
 90
    4
 70
    1
 43
0
 10
148.5000649543211
 20
268.7867087442368
 10
150.4000649543211
 20
268.7867087442368
 10
149.8000649543212
 20
264.9867087442368
 10
148.5000649543211
 20
264.9867087442368
  0
LWPOLYLINE
  5
57A
100
AcDbEntity
  8
02. дуло
  6
ByLayer
 62
  256
370
   13
100
AcDbPolyline
 90
    4
 70
    1
 43
0
 10
152.5000649543211
 20
264.7867087442368
 10
152.5000649543211
 20
263.7867087442368
 10
147.5000649543211
 20
263.7867087442368
 10
147.5000649543211
 20
264.7867087442368
  0
LINE
  5
57B
100
AcDbEntity
  8
02. дуло
  6
ByLayer
 62
  256
370
   13
100
AcDbLine
 10
148.0000649543211
 20
264.7867087442368
 11
148.0000649543211
 21
268.7867087442368
  0
ARC
  5
57C
100
AcDbEntity
  8
02. дуло
  6
ByLayer
 62
  256
370
   13
100
AcDbCircle
 10
150.0000649543211
 20
268.7867087442368
 40
2
100
AcDbArc
 50
0
 51
180
  0
LINE
  5
57D
100
AcDbEntity
  8
02. дуло
  6
ByLayer
 62
  256
370
   13
100
AcDbLine
 10
152.0000649543211
 20
268.7867087442368
 11
152.0000649543211
 21
264.7867087442368
  0
LWPOLYLINE
  5
57E
100
AcDbEntity
  8
02. дуло
  6
ByLayer
 62
  256
370
   13
100
AcDbPolyline
 90
    4
 70
    1
 43
0
 10
151.5000649543211
 20
268.7867087442368
 10
150.9000649543211
 20
268.7867087442368
 10
150.4000649543211
 20
264.9867087442368
 10
151.5000649543211
 20
264.9867087442368
  0
LINE
  5
57F
100
AcDbEntity
  8
02. дуло
  6
ByLayer
 62
  256
370
   13
100
AcDbLine
 10
151.0000649543211
 20
264.9867087442368
 11
151.0000649543211
 21
256.7867087442368
  0
LINE
  5
580
100
AcDbEntity
  8
02. дуло
  6
ByLayer
 62
  256
370
   13
100
AcDbLine
 10
149.0000649543211
 20
264.9867087442368
 11
149.0000649543211
 21
258.7867087442368
  0
LWPOLYLINE
  5
581
100
AcDbEntity
  8
02. дуло
  6
ByLayer
 62
  256
370
   13
100
AcDbPolyline
 90
    4
 70
    1
 43
0
 10
168.7766219626332
 20
251.4942321656781
 10
168.7766219626332
 20
249.5942321656781
 10
164.9766219626332
 20
250.1942321656781
 10
164.9766219626332
 20
251.4942321656781
  0
LWPOLYLINE
  5
582
100
AcDbEntity
  8
02. дуло
  6
ByLayer
 62
  256
370
   13
100
AcDbPolyline
 90
    4
 70
    1
 43
0
 10
164.7766219626332
 20
247.4942321656781
 10
163.7766219626332
 20
247.4942321656781
 10
163.7766219626332
 20
252.4942321656781
 10
164.7766219626332
 20
252.4942321656781
  0
LINE
  5
583
100
AcDbEntity
  8
02. дуло
  6
ByLayer
 62
  256
370
   13
100
AcDbLine
 10
164.7766219626332
 20
251.9942321656781
 11
168.7766219626332
 21
251.9942321656781
  0
ARC
  5
584
100
AcDbEntity
  8
02. дуло
  6
ByLayer
 62
  256
370
   13
100
AcDbCircle
 10
168.7766219626332
 20
249.9942321656781
 40
2
100
AcDbArc
 50
270
 51
90
  0
LINE
  5
585
100
AcDbEntity
  8
02. дуло
  6
ByLayer
 62
  256
370
   13
100
AcDbLine
 10
168.7766219626332
 20
247.9942321656781
 11
164.7766219626332
 21
247.9942321656781
  0
LWPOLYLINE
  5
586
100
AcDbEntity
  8
02. дуло
  6
ByLayer
 62
  256
370
   13
100
AcDbPolyline
 90
    4
 70
    1
 43
0
 10
168.7766219626332
 20
248.4942321656781
 10
168.7766219626332
 20
249.0942321656781
 10
164.9766219626332
 20
249.5942321656781
 10
164.9766219626332
 20
248.4942321656781
  0
LINE
  5
587
100
AcDbEntity
  8
02. дуло
  6
ByLayer
 62
  256
370
   13
100
AcDbLine
 10
164.9766219626332
 20
248.9942321656781
 11
156.7766219626332
 21
248.9942321656781
  0
LINE
  5
588
100
AcDbEntity
  8
02. дуло
  6
ByLayer
 62
  256
370
   13
100
AcDbLine
 10
164.9766219626332
 20
250.9942321656781
 11
158.7766219626332
 21
250.9942321656781
  0
MTEXT
  5
589
100
AcDbEntity
  8
02. дуло
  6
ByLayer
 62
  256
370
   -1
100
AcDbMText
 10
117.3333333333333
 20
283
 30
0
 40
3
 41
64.75000000000028
 71
    1
 72
    1
  1
Крепление светодиодов в дуле
  7
cyrillic_ii
210
0
220
0
230
1
 50
0
 73
    2
 44
1
  0
LWPOLYLINE
  5
58A
100
AcDbEntity
  8
02. дуло
  6
ByLayer
 62
  256
370
   13
100
AcDbPolyline
 90
    4
 70
    1
 43
0
 10
164.9666295470957
 20
183
 42
-0.1076822947919207
 10
163.1938832854685
 20
176.8640737216934
 10
164.0411609091706
 20
176.3288983631567
 42
0.1098082109379918
 10
165.9687194226699
 20
183
  0
LWPOLYLINE
  5
58B
100
AcDbEntity
  8
02. дуло
  6
ByLayer
 62
  256
370
   13
100
AcDbPolyline
 90
    4
 70
    1
 43
0
 10
164.9666295470957
 20
185
 42
0.1076822947919201
 10
163.1938832854687
 20
191.1359262783067
 10
164.0411609091706
 20
191.6711016368433
 42
-0.1098082109379931
 10
165.9687194226713
 20
185
  0
LWPOLYLINE
  5
58C
100
AcDbEntity
  8
02. дуло
  6
ByLayer
 62
  256
370
   13
100
AcDbPolyline
 90
    4
 70
    1
 43
0
 10
141.2189358975775
 20
170.624914458997
 42
0.4013428825670035
 10
162.974565877745
 20
174.6372738860925
 10
162.1270646169428
 20
175.1719592334146
 42
-0.3989338451757048
 10
141.8198543361544
 20
171.4268056199598
  0
LWPOLYLINE
  5
58D
100
AcDbEntity
  8
02. дуло
  6
ByLayer
 62
  256
370
   13
100
AcDbPolyline
 90
    4
 70
    1
 43
0
 10
140.2198703559538
 20
172.6268269974625
 42
-1.122903953435503
 10
162.1270646169428
 20
192.8280407665854
 10
162.9745658777452
 20
193.3627261139077
 42
1.127639249112241
 10
139.6189208726132
 20
171.8248944090445
  0
CIRCLE
  5
58E
100
AcDbEntity
  8
02. дуло
  6
ByLayer
 62
  256
370
   -1
100
AcDbCircle
 10
150
 20
184
 40
15
  0
CIRCLE
  5
58F
100
AcDbEntity
  8
02. дуло
  6
ByLayer
 62
  256
370
   -1
100
AcDbCircle
 10
150
 20
184
 40
16
  0
LINE
  5
590
100
AcDbEntity
  8
02. дуло
  6
DASHDOTTINY
 62
  256
370
   -1
100
AcDbLine
 10
150
 20
203
 11
150
 21
165
  0
LINE
  5
591
100
AcDbEntity
  8
02. дуло
  6
DASHDOTTINY
 62
  256
370
   -1
100
AcDbLine
 10
131
 20
184
 11
169
 21
184
  0
LINE
  5
592
100
AcDbEntity
  8
02. дуло
  6
CONTINUOUS
 62
  256
370
   18
100
AcDbLine
 10
50
 20
105
 11
56
 21
105
  0
LEADER
  5
593
100
AcDbEntity
  8
02. дуло
  6
ByLayer
 62
  256
370
   -1
100
AcDbLeader
  3
Standard
 71
    1
 72
    0
 73
    3
 74
    0
 75
    0
 40
1
 41
10
 76
2
 76
2
 10
53
 20
103
 30
0
 10
53
 20
96
 30
0
  0
MTEXT
  5
594
100
AcDbEntity
  8
02. дуло
  6
ByLayer
 62
  256
370
   -1
100
AcDbMText
 10
47
 20
100
 30
0
 40
4
 41
2.666666666666667
 71
    1
 72
    1
  1
А
  7
cyrillic_ii
210
0
220
0
230
1
 50
0
 73
    2
 44
1
  0
LINE
  5
595
100
AcDbEntity
  8
02. дуло
  6
CONTINUOUS
 62
  256
370
   18
100
AcDbLine
 10
50
 20
124
 11
56
 21
124
  0
LEADER
  5
596
100
AcDbEntity
  8
02. дуло
  6
ByLayer
 62
  256
370
   -1
100
AcDbLeader
  3
Standard
 71
    1
 72
    0
 73
    3
 74
    0
 75
    0
 40
1
 41
10
 76
2
 76
2
 10
53
 20
122
 30
0
 10
53
 20
115
 30
0
  0
LINE
  5
597
100
AcDbEntity
  8
02. дуло
  6
CONTINUOUS
 62
  256
370
   18
100
AcDbLine
 10
105
 20
124
 11
111
 21
124
  0
LEADER
  5
598
100
AcDbEntity
  8
02. дуло
  6
ByLayer
 62
  256
370
   -1
100
AcDbLeader
  3
Standard
 71
    1
 72
    0
 73
    3
 74
    0
 75
    0
 40
1
 41
10
 76
2
 76
2
 10
108
 20
122
 30
0
 10
108
 20
115
 30
0
  0
LINE
  5
599
100
AcDbEntity
  8
02. дуло
  6
CONTINUOUS
 62
  256
370
   18
100
AcDbLine
 10
105
 20
105
 11
111
 21
105
  0
LEADER
  5
59A
100
AcDbEntity
  8
02. дуло
  6
ByLayer
 62
  256
370
   -1
100
AcDbLeader
  3
Standard
 71
    1
 72
    0
 73
    3
 74
    0
 75
    0
 40
1
 41
10
 76
2
 76
2
 10
108
 20
103
 30
0
 10
108
 20
96
 30
0
  0
DIMENSION
  5
59B
100
AcDbEntity
  8
02. дуло
  6
ByLayer
 62
   96
420
32768
370
   -1
100
AcDbDimension
  2
*D30
 10
100
 20
105
 30
0
 11
97.75
 21
85
 31
0
 70
   32
 71
    5
  3
Standard
 53
0
210
0
220
0
230
1
100
AcDbAlignedDimension
 13
90
 23
65
 33
0
 14
75
 24
105
 34
0
 50
90
100
AcDbRotatedDimension
  0
MTEXT
  5
59C
100
AcDbEntity
  8
02. дуло
  6
ByLayer
 62
  256
370
   -1
100
AcDbMText
 10
102
 20
100
 30
0
 40
4
 41
2.666666666666667
 71
    1
 72
    1
  1
А
  7
cyrillic_ii
210
0
220
0
230
1
 50
0
 73
    2
 44
1
  0
MTEXT
  5
59D
100
AcDbEntity
  8
02. дуло
  6
ByLayer
 62
  256
370
   -1
100
AcDbMText
 10
47
 20
119
 30
0
 40
4
 41
2.22222222222252
 71
    1
 72
    1
  1
Б
  7
cyrillic_ii
210
0
220
0
230
1
 50
0
 73
    2
 44
1
  0
MTEXT
  5
59E
100
AcDbEntity
  8
02. дуло
  6
ByLayer
 62
  256
370
   -1
100
AcDbMText
 10
103
 20
119
 30
0
 40
4
 41
2.22222222222252
 71
    1
 72
    1
  1
Б
  7
cyrillic_ii
210
0
220
0
230
1
 50
0
 73
    2
 44
1
  0
MTEXT
  5
59F
100
AcDbEntity
  8
02. дуло
  6
ByLayer
 62
  256
370
   -1
100
AcDbMText
 10
145
 20
214
 30
0
 40
4
 41
8.888888888889484
 71
    1
 72
    1
  1
Б-Б
  7
cyrillic_ii
210
0
220
0
230
1
 50
0
 73
    2
 44
1
  0
MTEXT
  5
5A0
100
AcDbEntity
  8
021. дуло сборочный чертеж
  6
ByLayer
 62
  256
370
   -1
100
AcDbMText
 10
120.4305555555556
 20
33
 30
0
 40
4
 41
50.55555555555574
 71
    5
 72
    1
  1
Дуло\PСборочный чертеж
  7
cyrillic_ii
210
0
220
0
230
1
 50
0
 73
    2
 44
1
  0
MTEXT
  5
5A1
100
AcDbEntity
  8
015. рукоятка сборочный чертеж
  6
ByLayer
 62
  256
370
   -1
100
AcDbMText
 10
96
 20
55
 30
0
 40
5
 41
103.7500000000008
 71
    1
 72
    1
  1
Электронный бластер. 001 СБ
  7
cyrillic_ii
210
0
220
0
230
1
 50
0
 73
    2
 44
1
  0
MTEXT
  5
5A2
100
AcDbEntity
  8
015. рукоятка сборочный чертеж
  6
ByLayer
 62
  256
370
   -1
100
AcDbMText
 10
120.4305555555556
 20
33
 30
0
 40
4
 41
50.55555555555574
 71
    5
 72
    1
  1
Рукоятка\PСборочный чертеж
  7
cyrillic_ii
210
0
220
0
230
1
 50
0
 73
    2
 44
1
  0
MTEXT
  5
5A3
100
AcDbEntity
  8
021. дуло сборочный чертеж
  6
ByLayer
 62
  256
370
   -1
100
AcDbMText
 10
96
 20
55
 30
0
 40
5
 41
104.861111111112
 71
    1
 72
    1
  1
Электронный бластер. 002 СБ
  7
cyrillic_ii
210
0
220
0
230
1
 50
0
 73
    2
 44
1
  0
MTEXT
  5
5A4
100
AcDbEntity
  8
03. сборочный чертеж
  6
ByLayer
 62
  256
370
   -1
100
AcDbMText
 10
96
 20
55
 30
0
 40
5
 41
104.8611111111123
 71
    1
 72
    1
  1
Электронный бластер. 003 СБ
  7
cyrillic_ii
210
0
220
0
230
1
 50
0
 73
    2
 44
1
  0
MTEXT
  5
5A5
100
AcDbEntity
  8
04. спецификация
  6
ByLayer
 62
  256
370
   -1
100
AcDbMText
 10
185
 20
163
 30
0
 40
2.5
 41
17.63888888888889
 71
    1
 72
    1
  1
d 1.5-2 кв.
  7
unicode
210
0
220
0
230
1
 50
0
 73
    2
 44
1
  0
MTEXT
  5
5A6
100
AcDbEntity
  8
015. рукоятка сборочный чертеж
  6
ByLayer
 62
  256
370
   -1
100
AcDbMText
 10
193
 20
35
 30
0
 40
5
 41
5.555555555555555
 71
    1
 72
    1
  1
1:1
  7
cyrillic_ii
210
0
220
0
230
1
 50
0
 73
    2
 44
1
  0
MTEXT
  5
5A7
100
AcDbEntity
  8
021. дуло сборочный чертеж
  6
ByLayer
 62
  256
370
   -1
100
AcDbMText
 10
193
 20
35
 30
0
 40
5
 41
5.555555555555555
 71
    1
 72
    1
  1
1:1
  7
cyrillic_ii
210
0
220
0
230
1
 50
0
 73
    2
 44
1
  0
DIMENSION
  5
5A8
100
AcDbEntity
  8
014. рукоятка вид сверху
  6
ByLayer
 62
   96
420
32768
370
   -1
100
AcDbDimension
  2
*D31
 10
153
 20
202
 30
0
 11
150
 21
204.25
 31
0
 70
   32
 71
    5
  3
Standard
 53
0
210
0
220
0
230
1
100
AcDbAlignedDimension
 13
147
 23
199
 33
0
 14
153
 24
199
 34
0
100
AcDbRotatedDimension
  0
DIMENSION
  5
5A9
100
AcDbEntity
  8
014. рукоятка вид сверху
  6
ByLayer
 62
   96
420
32768
370
   -1
100
AcDbDimension
  2
*D32
 10
166
 20
186
 30
0
 11
163.75
 21
192.65
 31
0
 70
   32
 71
    5
  3
Standard
 53
0
210
0
220
0
230
1
100
AcDbAlignedDimension
 13
153
 23
199
 33
0
 14
153
 24
186.3
 34
0
 50
90
100
AcDbRotatedDimension
  0
LINE
  5
5AA
100
AcDbEntity
  8
014. рукоятка вид сверху
  6
ByLayer
 62
  256
370
   -1
100
AcDbLine
 10
67
 20
87
 11
67
 21
247
  0
LINE
  5
5AB
100
AcDbEntity
  8
014. рукоятка вид сверху
  6
ByLayer
 62
  256
370
   -1
100
AcDbLine
 10
83
 20
247
 11
83
 21
87
  0
DIMENSION
  5
5AC
100
AcDbEntity
  8
014. рукоятка вид сверху
  6
ByLayer
 62
   96
420
32768
370
   -1
100
AcDbDimension
  2
*D33
 10
85
 20
257
 30
0
 11
75
 21
259.25
 31
0
 70
   32
 71
    5
  3
Standard
 53
0
210
0
220
0
230
1
100
AcDbAlignedDimension
 13
64.99999999999999
 23
247
 33
0
 14
85
 24
247
 34
0
100
AcDbRotatedDimension
  0
DIMENSION
  5
5AD
100
AcDbEntity
  8
014. рукоятка вид сверху
  6
ByLayer
 62
   96
420
32768
370
   -1
100
AcDbDimension
  2
*D34
 10
83
 20
75
 30
0
 11
75
 21
77.25
 31
0
 70
   32
 71
    5
  3
Standard
 53
0
210
0
220
0
230
1
100
AcDbAlignedDimension
 13
67
 23
87
 33
0
 14
83
 24
87
 34
0
100
AcDbRotatedDimension
  0
LINE
  5
5AE
100
AcDbEntity
  8
02. дуло
  6
CONTINUOUS
 62
  256
370
   18
100
AcDbLine
 10
50
 20
184
 11
56
 21
184
  0
LEADER
  5
5AF
100
AcDbEntity
  8
02. дуло
  6
ByLayer
 62
  256
370
   -1
100
AcDbLeader
  3
Standard
 71
    1
 72
    0
 73
    3
 74
    0
 75
    0
 40
1
 41
10
 76
2
 76
2
 10
53
 20
182
 30
0
 10
53
 20
175
 30
0
  0
LINE
  5
5B0
100
AcDbEntity
  8
02. дуло
  6
CONTINUOUS
 62
  256
370
   18
100
AcDbLine
 10
105
 20
184
 11
111
 21
184
  0
LEADER
  5
5B1
100
AcDbEntity
  8
02. дуло
  6
ByLayer
 62
  256
370
   -1
100
AcDbLeader
  3
Standard
 71
    1
 72
    0
 73
    3
 74
    0
 75
    0
 40
1
 41
10
 76
2
 76
2
 10
108
 20
182
 30
0
 10
108
 20
175
 30
0
  0
LINE
  5
5B2
100
AcDbEntity
  8
02. дуло
  6
CONTINUOUS
 62
  256
370
   18
100
AcDbLine
 10
50
 20
194
 11
56
 21
194
  0
LEADER
  5
5B3
100
AcDbEntity
  8
02. дуло
  6
ByLayer
 62
  256
370
   -1
100
AcDbLeader
  3
Standard
 71
    1
 72
    0
 73
    3
 74
    0
 75
    0
 40
1
 41
10
 76
2
 76
2
 10
53
 20
192
 30
0
 10
53
 20
185
 30
0
  0
LINE
  5
5B4
100
AcDbEntity
  8
02. дуло
  6
CONTINUOUS
 62
  256
370
   18
100
AcDbLine
 10
105
 20
194
 11
111
 21
194
  0
LEADER
  5
5B5
100
AcDbEntity
  8
02. дуло
  6
ByLayer
 62
  256
370
   -1
100
AcDbLeader
  3
Standard
 71
    1
 72
    0
 73
    3
 74
    0
 75
    0
 40
1
 41
10
 76
2
 76
2
 10
108
 20
192
 30
0
 10
108
 20
185
 30
0
  0
LINE
  5
5B6
100
AcDbEntity
  8
02. дуло
  6
CONTINUOUS
 62
  256
370
   18
100
AcDbLine
 10
50
 20
204
 11
56
 21
204
  0
LEADER
  5
5B7
100
AcDbEntity
  8
02. дуло
  6
ByLayer
 62
  256
370
   -1
100
AcDbLeader
  3
Standard
 71
    1
 72
    0
 73
    3
 74
    0
 75
    0
 40
1
 41
10
 76
2
 76
2
 10
53
 20
202
 30
0
 10
53
 20
195
 30
0
  0
LINE
  5
5B8
100
AcDbEntity
  8
02. дуло
  6
CONTINUOUS
 62
  256
370
   18
100
AcDbLine
 10
105
 20
204
 11
111
 21
204
  0
LEADER
  5
5B9
100
AcDbEntity
  8
02. дуло
  6
ByLayer
 62
  256
370
   -1
100
AcDbLeader
  3
Standard
 71
    1
 72
    0
 73
    3
 74
    0
 75
    0
 40
1
 41
10
 76
2
 76
2
 10
108
 20
202
 30
0
 10
108
 20
195
 30
0
  0
MTEXT
  5
5BA
100
AcDbEntity
  8
02. дуло
  6
ByLayer
 62
  256
370
   -1
100
AcDbMText
 10
47
 20
199
 30
0
 40
4
 41
2.22222222222252
 71
    1
 72
    1
  1
Б
  7
cyrillic_ii
210
0
220
0
230
1
 50
0
 73
    2
 44
1
  0
MTEXT
  5
5BB
100
AcDbEntity
  8
02. дуло
  6
ByLayer
 62
  256
370
   -1
100
AcDbMText
 10
103
 20
199
 30
0
 40
4
 41
2.22222222222252
 71
    1
 72
    1
  1
Б
  7
cyrillic_ii
210
0
220
0
230
1
 50
0
 73
    2
 44
1
  0
MTEXT
  5
5BC
100
AcDbEntity
  8
штамп А4 книжный
  6
ByLayer
 62
  256
370
   -1
100
AcDbMText
 10
40
 20
33.40000000000001
 30
0
 40
2
 41
17.61111111111111
 71
    1
 72
    1
  1
Фамилия И.О.
  7
cyrillic_ii
210
0
220
0
230
1
 50
0
 73
    2
 44
1
  0
MTEXT
  5
5BD
100
AcDbEntity
  8
штамп A4 альбомный
  6
ByLayer
 62
  256
370
   -1
100
AcDbMText
 10
176.6
 20
127
 30
0
 40
2
 41
17.61111111111111
 71
    1
 72
    1
  1
Фамилия И.О.
  7
cyrillic_ii
210
0
220
0
230
1
 50
90
 73
    2
 44
1
  0
MTEXT
  5
5BE
100
AcDbEntity
  8
штамп А4 спецификация
  6
ByLayer
 62
  256
370
   -1
100
AcDbMText
 10
40
 20
28
 30
0
 40
2
 41
17.61111111111111
 71
    1
 72
    1
  1
Фамилия И.О.
  7
cyrillic_ii
210
0
220
0
230
1
 50
0
 73
    2
 44
1
  0
MTEXT
  5
5BF
100
AcDbEntity
  8
04. спецификация
  6
ByLayer
 62
  256
370
   -1
100
AcDbMText
 10
114
 20
179
 30
0
 40
2.5
 41
39.93055555555555
 71
    1
 72
    1
  1
Концевой выключатель
  7
unicode
210
0
220
0
230
1
 50
0
 73
    2
 44
1
  0
DIMENSION
  5
5C0
100
AcDbEntity
  8
011. рукоятка размеры
  6
ByLayer
 62
   96
420
32768
370
   -1
100
AcDbDimension
  2
*D41
 10
175
 20
280
 30
0
 11
115
 21
282.25
 31
0
 70
   32
 71
    5
  3
Standard
 53
0
210
0
220
0
230
1
100
AcDbAlignedDimension
 13
55
 23
260
 33
0
 14
175
 24
264
 34
0
100
AcDbRotatedDimension
  0
DIMENSION
  5
5C1
100
AcDbEntity
  8
011. рукоятка размеры
  6
ByLayer
 62
   96
420
32768
370
   -1
100
AcDbDimension
  2
*D42
 10
70.00000000000001
 20
270
 30
0
 11
60
 21
272.25
 31
0
 70
   32
 71
    5
  3
Standard
 53
0
210
0
220
0
230
1
100
AcDbAlignedDimension
 13
55
 23
260
 33
0
 14
65
 24
260
 34
0
100
AcDbRotatedDimension
  0
DIMENSION
  5
5C2
100
AcDbEntity
  8
011. рукоятка размеры
  6
ByLayer
 62
   96
420
32768
370
   -1
100
AcDbDimension
  2
*D43
 10
185
 20
224
 30
0
 11
182.75
 21
244
 31
0
 70
   32
 71
    5
  3
Standard
 53
0
210
0
220
0
230
1
100
AcDbAlignedDimension
 13
175
 23
264
 33
0
 14
175
 24
224
 34
0
 50
90
100
AcDbRotatedDimension
  0
DIMENSION
  5
5C3
100
AcDbEntity
  8
011. рукоятка размеры
  6
ByLayer
 62
   96
420
32768
370
   -1
100
AcDbDimension
  2
*D44
 10
175
 20
224
 30
0
 11
5
 21
10
 31
0
 70
   34
 71
    5
  3
Standard
 53
0
210
0
220
0
230
1
100
AcDb2LineAngularDimension
 13
124.9267612258325
 23
214.5630884413172
 33
0
 14
103.1479812568878
 24
210.4586121690739
 34
0
 15
175
 25
264
 35
0
 16
165
 26
210
 36
0
  0
DIMENSION
  5
5C4
100
AcDbEntity
  8
011. рукоятка размеры
  6
ByLayer
 62
   96
420
32768
370
   -1
100
AcDbDimension
  2
*D45
 10
105
 20
200.632
 30
0
 11
96.10723093375569
 21
213.0886092948511
 31
0
 70
   36
 71
    5
  3
Standard
 53
0
210
0
220
0
230
1
100
AcDbRadialDimension
 15
98.0563464130922
 25
207.8282264323062
 35
0
 40
0
  0
DIMENSION
  5
5C5
100
AcDbEntity
  8
011. рукоятка размеры
  6
ByLayer
 62
   96
420
32768
370
   -1
100
AcDbDimension
  2
*D46
 10
85
 20
121.1803
 30
0
 11
98.8936226637708
 21
114.7603540448632
 31
0
 70
   36
 71
    5
  3
Standard
 53
0
210
0
220
0
230
1
100
AcDbRadialDimension
 15
93.3624513073068
 25
115.6967420188237
 35
0
 40
0
  0
DIMENSION
  5
5C6
100
AcDbEntity
  8
013. рукоятка канал размеры
  6
ByLayer
 62
   96
420
32768
370
   -1
100
AcDbDimension
  2
*D47
 10
115.7748515938005
 20
193
 30
0
 11
120.3508064098165
 21
195.25
 31
0
 70
   32
 71
    5
 72
    0
  3
Standard
 53
0
210
0
220
0
230
1
100
AcDbAlignedDimension
 13
124.9267612258325
 23
214.5630884413172
 33
0
 14
115.7748515938005
 24
212.8382996338654
 34
0
100
AcDbRotatedDimension
  0
DIMENSION
  5
5C7
100
AcDbEntity
  8
013. рукоятка канал размеры
  6
ByLayer
 62
   96
420
32768
370
   -1
100
AcDbDimension
  2
*D48
 10
95
 20
193
 30
0
 11
98.99993057050784
 21
195.25
 31
0
 70
   32
 71
    5
 72
    0
  3
Standard
 53
0
210
0
220
0
230
1
100
AcDbAlignedDimension
 13
102.9998611410157
 23
210.4299306256362
 33
0
 14
95
 24
202
 34
0
100
AcDbRotatedDimension
  0
DIMENSION
  5
5C8
100
AcDbEntity
  8
013. рукоятка канал размеры
  6
ByLayer
 62
   96
420
32768
370
   -1
100
AcDbDimension
  2
*D49
 10
124.9267612258325
 20
183
 30
0
 11
109.9633806129162
 21
185.25
 31
0
 70
   32
 71
    5
 72
    0
  3
Standard
 53
0
210
0
220
0
230
1
100
AcDbAlignedDimension
 13
95
 23
201
 33
0
 14
124.9267612258325
 24
214.5630884413172
 34
0
100
AcDbRotatedDimension
  0
DIMENSION
  5
5C9
100
AcDbEntity
  8
011. рукоятка размеры
  6
ByLayer
 62
   96
420
32768
370
   -1
100
AcDbDimension
  2
*D50
 10
95
 20
173
 30
0
 11
135
 21
175.25
 31
0
 70
   32
 71
    5
 72
    0
  3
Standard
 53
0
210
0
220
0
230
1
100
AcDbAlignedDimension
 13
175
 23
224
 33
0
 14
95
 24
172.2986707548967
 34
0
100
AcDbRotatedDimension
  0
DIMENSION
  5
5CA
100
AcDbEntity
  8
011. рукоятка размеры
  6
ByLayer
 62
   96
420
32768
370
   -1
100
AcDbDimension
  2
*D51
 10
95
 20
93
 30
0
 11
75
 21
95.25
 31
0
 70
   32
 71
    5
  3
Standard
 53
0
210
0
220
0
230
1
100
AcDbAlignedDimension
 13
55
 23
100
 33
0
 14
95
 24
121.180339887499
 34
0
100
AcDbRotatedDimension
  0
LINE
  5
5CB
100
AcDbEntity
  8
011. рукоятка размеры
  6
DASHEDTINY
 62
  256
370
   -1
100
AcDbLine
 10
90
 20
155
 11
90
 21
120
  0
DIMENSION
  5
5CC
100
AcDbEntity
  8
011. рукоятка размеры
  6
ByLayer
 62
   96
420
32768
370
   -1
100
AcDbDimension
  2
*D52
 10
110
 20
163
 30
0
 11
92.5
 21
165.25
 31
0
 70
   32
 71
    5
 72
    0
  3
Standard
 53
0
210
0
220
0
230
1
100
AcDbAlignedDimension
 13
90
 23
155
 33
0
 14
95
 24
155
 34
0
100
AcDbRotatedDimension
  0
DIMENSION
  5
5CD
100
AcDbEntity
  8
011. рукоятка размеры
  6
ByLayer
 62
   96
420
32768
370
   -1
100
AcDbDimension
  2
*D53
 10
70
 20
163
 30
0
 11
57.5
 21
165.25
 31
0
 70
   32
 71
    5
 72
    0
  3
Standard
 53
0
210
0
220
0
230
1
100
AcDbAlignedDimension
 13
55
 23
100
 33
0
 14
60
 24
155
 34
0
100
AcDbRotatedDimension
  0
DIMENSION
  5
5CE
100
AcDbEntity
  8
011. рукоятка размеры
  6
ByLayer
 62
   96
420
32768
370
   -1
100
AcDbDimension
  2
*D54
 10
50
 20
156
 30
0
 11
47.75
 21
147.5
 31
0
 70
   32
 71
    5
 72
    0
  3
Standard
 53
0
210
0
220
0
230
1
100
AcDbAlignedDimension
 13
60
 23
140
 33
0
 14
60
 24
155
 34
0
 50
90
100
AcDbRotatedDimension
  0
DIMENSION
  5
5CF
100
AcDbEntity
  8
011. рукоятка размеры
  6
ByLayer
 62
   96
420
32768
370
   -1
100
AcDbDimension
  2
*D55
 10
50
 20
126
 30
0
 11
47.75
 21
117.5
 31
0
 70
   32
 71
    5
 72
    0
  3
Standard
 53
0
210
0
220
0
230
1
100
AcDbAlignedDimension
 13
60
 23
110
 33
0
 14
60
 24
125
 34
0
 50
90
100
AcDbRotatedDimension
  0
DIMENSION
  5
5D0
100
AcDbEntity
  8
011. рукоятка размеры
  6
ByLayer
 62
   96
420
32768
370
   -1
100
AcDbDimension
  2
*D56
 10
50
 20
139
 30
0
 11
47.75
 21
132.5
 31
0
 70
   32
 71
    5
 72
    0
  3
Standard
 53
0
210
0
220
0
230
1
100
AcDbAlignedDimension
 13
60
 23
125
 33
0
 14
60
 24
140
 34
0
 50
90
100
AcDbRotatedDimension
  0
DIMENSION
  5
5D1
100
AcDbEntity
  8
011. рукоятка размеры
  6
ByLayer
 62
   96
420
32768
370
   -1
100
AcDbDimension
  2
*D57
 10
50
 20
110
 30
0
 11
47.75
 21
105
 31
0
 70
   32
 71
    5
 72
    0
  3
Standard
 53
0
210
0
220
0
230
1
100
AcDbAlignedDimension
 13
55
 23
100
 33
0
 14
60
 24
110
 34
0
 50
90
100
AcDbRotatedDimension
  0
DIMENSION
  5
5D2
100
AcDbEntity
  8
011. рукоятка размеры
  6
ByLayer
 62
   96
420
32768
370
   -1
100
AcDbDimension
  2
*D58
 10
30
 20
103
 30
0
 11
27.75000000000001
 21
180
 31
0
 70
   32
 71
    5
  3
Standard
 53
0
210
0
220
0
230
1
100
AcDbAlignedDimension
 13
55
 23
260
 33
0
 14
55
 24
100
 34
0
 50
90
100
AcDbRotatedDimension
  0
LINE
  5
5D3
100
AcDbEntity
  8
011. рукоятка размеры
  6
DASHEDTINY
 62
  256
370
   -1
100
AcDbLine
 10
60
 20
194
 11
60
 21
106
  0
DIMENSION
  5
5D4
100
AcDbEntity
  8
011. рукоятка размеры
  6
ByLayer
 62
   96
420
32768
370
   -1
100
AcDbDimension
  2
*D59
 10
55
 20
207
 30
0
 11
66
 21
209.25
 31
0
 70
   32
 71
    5
 72
    0
  3
Standard
 53
0
210
0
220
0
230
1
100
AcDbAlignedDimension
 13
77
 23
201
 33
0
 14
55
 24
201
 34
0
100
AcDbRotatedDimension
  0
DIMENSION
  5
5D5
100
AcDbEntity
  8
011. рукоятка размеры
  6
ByLayer
 62
   96
420
32768
370
   -1
100
AcDbDimension
  2
*D60
 10
80
 20
201
 30
0
 11
77.75
 21
150.5
 31
0
 70
   32
 71
    5
 72
    0
  3
Standard
 53
0
210
0
220
0
230
1
100
AcDbAlignedDimension
 13
55
 23
100
 33
0
 14
77
 24
201
 34
0
 50
90
100
AcDbRotatedDimension
  0
DIMENSION
  5
5D6
100
AcDbEntity
  8
011. рукоятка размеры
  6
ByLayer
 62
   96
420
32768
370
   -1
100
AcDbDimension
  2
*D61
 10
40
 20
193
 30
0
 11
37.75
 21
146.5
 31
0
 70
   32
 71
    5
 72
    0
  3
Standard
 53
0
210
0
220
0
230
1
100
AcDbAlignedDimension
 13
55
 23
100
 33
0
 14
60
 24
193
 34
0
 50
90
100
AcDbRotatedDimension
  0
DIMENSION
  5
5D7
100
AcDbEntity
  8
011. рукоятка размеры
  6
ByLayer
 62
   96
420
32768
370
   -1
100
AcDbDimension
  2
*D62
 10
89.05131670194949
 20
154.6837722339831
 30
0
 11
89.28848752646196
 21
157.1345374206136
 31
0
 70
   35
 71
    5
 72
    0
  3
Standard
 53
0
210
0
220
0
230
1
100
AcDbDiametricDimension
 15
90.9486832980505
 25
155.3162277660169
 35
0
 40
0
  0
DIMENSION
  5
5D8
100
AcDbEntity
  8
011. рукоятка размеры
  6
ByLayer
 62
   96
420
32768
370
   -1
100
AcDbDimension
  2
*D63
 10
89.03847605235917
 20
124.7252788721026
 30
0
 11
89.38187746223085
 21
127.1634288821918
 31
0
 70
   35
 71
    5
 72
    0
  3
Standard
 53
0
210
0
220
0
230
1
100
AcDbDiametricDimension
 15
90.9615239476408
 25
125.2747211278974
 35
0
 40
0
  0
DIMENSION
  5
5D9
100
AcDbEntity
  8
011. рукоятка размеры
  6
ByLayer
 62
   96
420
32768
370
   -1
100
AcDbDimension
  2
*D64
 10
59.05131670194949
 20
154.6837722339831
 30
0
 11
59.28848752646197
 21
157.1345374206136
 31
0
 70
   35
 71
    5
 72
    0
  3
Standard
 53
0
210
0
220
0
230
1
100
AcDbDiametricDimension
 15
60.94868329805051
 25
155.3162277660169
 35
0
 40
0
  0
DIMENSION
  5
5DA
100
AcDbEntity
  8
011. рукоятка размеры
  6
ByLayer
 62
   96
420
32768
370
   -1
100
AcDbDimension
  2
*D65
 10
59.05131670194949
 20
139.6837722339832
 30
0
 11
59.2884875264622
 21
142.1345374206137
 31
0
 70
   35
 71
    5
 72
    0
  3
Standard
 53
0
210
0
220
0
230
1
100
AcDbDiametricDimension
 15
60.94868329805051
 25
140.3162277660168
 35
0
 40
0
  0
DIMENSION
  5
5DB
100
AcDbEntity
  8
011. рукоятка размеры
  6
ByLayer
 62
   96
420
32768
370
   -1
100
AcDbDimension
  2
*D66
 10
59.05131670194949
 20
124.6837722339832
 30
0
 11
59.2884875264622
 21
127.1345374206137
 31
0
 70
   35
 71
    5
 72
    0
  3
Standard
 53
0
210
0
220
0
230
1
100
AcDbDiametricDimension
 15
60.94868329805051
 25
125.3162277660168
 35
0
 40
0
  0
DIMENSION
  5
5DC
100
AcDbEntity
  8
011. рукоятка размеры
  6
ByLayer
 62
   96
420
32768
370
   -1
100
AcDbDimension
  2
*D67
 10
59.05131670194949
 20
109.6837722339832
 30
0
 11
59.2884875264622
 21
112.1345374206137
 31
0
 70
   35
 71
    5
 72
    0
  3
Standard
 53
0
210
0
220
0
230
1
100
AcDbDiametricDimension
 15
60.94868329805051
 25
110.3162277660168
 35
0
 40
0
  0
DIMENSION
  5
5DD
100
AcDbEntity
  8
011. рукоятка размеры
  6
ByLayer
 62
   96
420
32768
370
   -1
100
AcDbDimension
  2
*D68
 10
50
 20
250
 30
0
 11
47.75
 21
254
 31
0
 70
   32
 71
    5
 72
    0
  3
Standard
 53
0
210
0
220
0
230
1
100
AcDbAlignedDimension
 13
55
 23
260
 33
0
 14
55
 24
248
 34
0
 50
90
100
AcDbRotatedDimension
  0
DIMENSION
  5
5DE
100
AcDbEntity
  8
011. рукоятка размеры
  6
ByLayer
 62
   96
420
32768
370
   -1
100
AcDbDimension
  2
*D69
 10
50
 20
230
 30
0
 11
47.75
 21
242
 31
0
 70
   32
 71
    5
 72
    0
  3
Standard
 53
0
210
0
220
0
230
1
100
AcDbAlignedDimension
 13
55
 23
248
 33
0
 14
55
 24
236
 34
0
 50
90
100
AcDbRotatedDimension
  0
DIMENSION
  5
5DF
100
AcDbEntity
  8
011. рукоятка размеры
  6
ByLayer
 62
   96
420
32768
370
   -1
100
AcDbDimension
  2
*D70
 10
50
 20
218
 30
0
 11
47.75
 21
230
 31
0
 70
   32
 71
    5
 72
    0
  3
Standard
 53
0
210
0
220
0
230
1
100
AcDbAlignedDimension
 13
55
 23
236
 33
0
 14
55
 24
224
 34
0
 50
90
100
AcDbRotatedDimension
  0
DIMENSION
  5
5E0
100
AcDbEntity
  8
011. рукоятка размеры
  6
ByLayer
 62
   96
420
32768
370
   -1
100
AcDbDimension
  2
*D71
 10
50
 20
206
 30
0
 11
47.75
 21
218
 31
0
 70
   32
 71
    5
 72
    0
  3
Standard
 53
0
210
0
220
0
230
1
100
AcDbAlignedDimension
 13
55
 23
224
 33
0
 14
55
 24
212
 34
0
 50
90
100
AcDbRotatedDimension
  0
DIMENSION
  5
5E1
100
AcDbEntity
  8
011. рукоятка размеры
  6
ByLayer
 62
   96
420
32768
370
   -1
100
AcDbDimension
  2
*D72
 10
50
 20
194
 30
0
 11
47.75
 21
206
 31
0
 70
   32
 71
    5
 72
    0
  3
Standard
 53
0
210
0
220
0
230
1
100
AcDbAlignedDimension
 13
55
 23
212
 33
0
 14
55
 24
200
 34
0
 50
90
100
AcDbRotatedDimension
  0
DIMENSION
  5
5E2
100
AcDbEntity
  8
011. рукоятка размеры
  6
ByLayer
 62
   96
420
32768
370
   -1
100
AcDbDimension
  2
*D73
 10
40
 20
203
 30
0
 11
37.75
 21
230
 31
0
 70
   32
 71
    5
 72
    0
  3
Standard
 53
0
210
0
220
0
230
1
100
AcDbAlignedDimension
 13
55.00000000000001
 23
260
 33
0
 14
55
 24
200
 34
0
 50
90
100
AcDbRotatedDimension
  0
DIMENSION
  5
5E3
100
AcDbEntity
  8
011. рукоятка размеры
  6
ByLayer
 62
   96
420
32768
370
   -1
100
AcDbDimension
  2
*D74
 10
53.62128245497293
 20
247.4091210521312
 30
0
 11
54.11368157819684
 21
250.0680763175406
 31
0
 70
   35
 71
    5
  3
Standard
 53
0
210
0
220
0
230
1
100
AcDbDiametricDimension
 15
56.3787175450271
 25
248.5908789478688
 35
0
 40
0
  0
DIMENSION
  5
5E4
100
AcDbEntity
  8
011. рукоятка размеры
  6
ByLayer
 62
   96
420
32768
370
   -1
100
AcDbDimension
  2
*D75
 10
53.60728496367213
 20
235.4429139854688
 30
0
 11
54.16437097820323
 21
238.0890725544918
 31
0
 70
   35
 71
    5
  3
Standard
 53
0
210
0
220
0
230
1
100
AcDbDiametricDimension
 15
56.3927150363279
 25
236.5570860145312
 35
0
 40
0
  0
DIMENSION
  5
5E5
100
AcDbEntity
  8
011. рукоятка размеры
  6
ByLayer
 62
   96
420
32768
370
   -1
100
AcDbDimension
  2
*D76
 10
53.60728496366908
 20
223.4429139854714
 30
0
 11
54.16437097820437
 21
226.0890725544952
 31
0
 70
   35
 71
    5
  3
Standard
 53
0
210
0
220
0
230
1
100
AcDbDiametricDimension
 15
56.39271503633097
 25
224.5570860145345
 35
0
 40
0
  0
DIMENSION
  5
5E6
100
AcDbEntity
  8
011. рукоятка размеры
  6
ByLayer
 62
   96
420
32768
370
   -1
100
AcDbDimension
  2
*D77
 10
53.60728496367213
 20
211.4429139854688
 30
0
 11
54.16437097820323
 21
214.0890725544918
 31
0
 70
   35
 71
    5
  3
Standard
 53
0
210
0
220
0
230
1
100
AcDbDiametricDimension
 15
56.3927150363279
 25
212.5570860145312
 35
0
 40
0
  0
DIMENSION
  5
5E7
100
AcDbEntity
  8
011. рукоятка размеры
  6
ByLayer
 62
   96
420
32768
370
   -1
100
AcDbDimension
  2
*D78
 10
53.60728496367213
 20
199.4429139854688
 30
0
 11
54.16437097820323
 21
202.0890725544918
 31
0
 70
   35
 71
    5
  3
Standard
 53
0
210
0
220
0
230
1
100
AcDbDiametricDimension
 15
56.3927150363279
 25
200.5570860145312
 35
0
 40
0
  0
DIMENSION
  5
5E8
100
AcDbEntity
  8
013. рукоятка канал размеры
  6
ByLayer
 62
   96
420
32768
370
   -1
100
AcDbDimension
  2
*D79
 10
113.0892339388073
 20
228.6051905873257
 30
0
 11
106.3332582031302
 21
229.9356664829898
 31
0
 70
   33
 71
    5
 72
    0
  3
Standard
 53
0
210
0
220
0
230
1
100
AcDbAlignedDimension
 13
101.008
 23
220.997
 33
0
 14
113.8990000000001
 24
222.793
 34
0
  0
LINE
  5
5E9
100
AcDbEntity
  8
012. рукоятка канал
  6
DOTTINY
 62
  256
370
   -1
100
AcDbLine
 10
113.899
 20
222.793
 11
55
 21
233
  0
CIRCLE
  5
5EA
100
AcDbEntity
  8
012. рукоятка канал
  6
CONTINUOUS
 62
  256
370
   -1
100
AcDbCircle
 10
83.9169
 20
225.959
 40
2
  0
LINE
  5
5EB
100
AcDbEntity
  8
012. рукоятка канал
  6
DOTTINY
 62
  256
370
   -1
100
AcDbLine
 10
101.008
 20
220.997
 11
55
 21
228.97
  0
LINE
  5
5EC
100
AcDbEntity
  8
012. рукоятка канал
  6
DOTTINY
 62
  256
370
   -1
100
AcDbLine
 10
102.9998611410157
 20
210.4299306256362
 11
101.008
 21
220.997
  0
LINE
  5
5ED
100
AcDbEntity
  8
012. рукоятка канал
  6
DOTTINY
 62
  256
370
   -1
100
AcDbLine
 10
113.899
 20
222.793
 11
115.7748515938005
 21
212.8382996338654
  0
LWPOLYLINE
  5
5EE
100
AcDbEntity
  8
012. рукоятка канал
  6
ByLayer
 62
  256
370
   -1
100
AcDbPolyline
 90
    3
 70
    0
 43
0
 10
94.98337122166301
 20
226.0179502815117
 10
104.983371221663
 20
236.0179502815117
 10
125.0285985001877
 20
236.0631775600364
  0
MTEXT
  5
5EF
100
AcDbEntity
  8
012. рукоятка канал
  6
ByLayer
 62
  256
370
   -1
100
AcDbMText
 10
108.983371221663
 20
237.0179502815117
 30
0
 40
3
 41
12
 71
    7
 72
    1
  1
Канал
  7
cyrillic_ii
210
0
220
0
230
1
 50
0
 73
    2
 44
1
  0
POINT
  5
5F0
100
AcDbEntity
  8
012. рукоятка канал
  6
ByLayer
 62
  256
370
  100
100
AcDbPoint
 10
95.0286708869796
 20
226.0629209877349
  0
LINE
  5
5F1
100
AcDbEntity
  8
012. рукоятка канал
  6
DOTTINY
 62
  256
370
   -1
100
AcDbLine
 10
113.899
 20
222.793
 11
54.99999999999999
 21
233
  0
CIRCLE
  5
5F2
100
AcDbEntity
  8
012. рукоятка канал
  6
CONTINUOUS
 62
  256
370
   -1
100
AcDbCircle
 10
83.91689999999998
 20
225.959
 40
2
  0
LINE
  5
5F3
100
AcDbEntity
  8
012. рукоятка канал
  6
DOTTINY
 62
  256
370
   -1
100
AcDbLine
 10
102.9998611410157
 20
210.4299306256362
 11
101.008
 21
220.997
  0
LINE
  5
5F4
100
AcDbEntity
  8
012. рукоятка канал
  6
DOTTINY
 62
  256
370
   -1
100
AcDbLine
 10
113.899
 20
222.793
 11
115.7748515938005
 21
212.8382996338654
  0
LWPOLYLINE
  5
5F5
100
AcDbEntity
  8
012. рукоятка канал
  6
ByLayer
 62
  256
370
   -1
100
AcDbPolyline
 90
    3
 70
    0
 43
0
 10
94.98337122166301
 20
226.0179502815117
 10
104.983371221663
 20
236.0179502815117
 10
125.0285985001877
 20
236.0631775600364
  0
MTEXT
  5
5F6
100
AcDbEntity
  8
012. рукоятка канал
  6
ByLayer
 62
  256
370
   -1
100
AcDbMText
 10
108.983371221663
 20
237.0179502815117
 30
0
 40
3
 41
12
 71
    7
 72
    1
  1
Канал
  7
cyrillic_ii
210
0
220
0
230
1
 50
0
 73
    2
 44
1
  0
POINT
  5
5F7
100
AcDbEntity
  8
012. рукоятка канал
  6
ByLayer
 62
  256
370
  100
100
AcDbPoint
 10
95.0286708869796
 20
226.0629209877349
  0
LWPOLYLINE
  5
5F8
100
AcDbEntity
  8
012. рукоятка канал
  6
ByLayer
 62
  256
370
   -1
100
AcDbPolyline
 90
    3
 70
    0
 43
0
 10
94.98337122166301
 20
226.0179502815117
 10
104.983371221663
 20
236.0179502815117
 10
125.0285985001877
 20
236.0631775600364
  0
POINT
  5
5F9
100
AcDbEntity
  8
012. рукоятка канал
  6
ByLayer
 62
  256
370
  100
100
AcDbPoint
 10
95.0286708869796
 20
226.0629209877349
  0
DIMENSION
  5
5FA
100
AcDbEntity
  8
011. рукоятка размеры
  6
ByLayer
 62
   96
420
32768
370
   -1
100
AcDbDimension
  2
*D80
 10
70.91434197711121
 20
229.8245581150636
 30
0
 11
74.26315696986164
 21
237.4303413189375
 31
0
 70
   35
 71
    5
 72
    0
  3
Standard
 53
0
210
0
220
0
230
1
100
AcDbDiametricDimension
 15
81.08565802288879
 25
242.1754418849364
 35
0
 40
0
  0
DIMENSION
  5
5FB
100
AcDbEntity
  8
011. рукоятка размеры
  6
ByLayer
 62
   96
420
32768
370
   -1
100
AcDbDimension
  2
*D81
 10
71.93133264396633
 20
210.3038657015529
 30
0
 11
74.16909968978484
 21
217.307785935868
 31
0
 70
   35
 71
    5
 72
    0
  3
Standard
 53
0
210
0
220
0
230
1
100
AcDbDiametricDimension
 15
80.06866735603367
 25
221.6961342984471
 35
0
 40
0
  0
DIMENSION
  5
5FC
100
AcDbEntity
  8
011. рукоятка размеры
  6
ByLayer
 62
   96
420
32768
370
   -1
100
AcDbDimension
  2
*D82
 10
65.25182971467345
 20
188.3147871433418
 30
0
 11
67.24304517875318
 21
194.4055638569974
 31
0
 70
   35
 71
    5
 72
    0
  3
Standard
 53
0
210
0
220
0
230
1
100
AcDbDiametricDimension
 15
72.74817028532655
 25
197.6852128566582
 35
0
 40
0
  0
DIMENSION
  5
5FD
100
AcDbEntity
  8
011. рукоятка размеры
  6
ByLayer
 62
   96
420
32768
370
   -1
100
AcDbDimension
  2
*D83
 10
79.39999999999999
 20
188.2
 30
0
 11
81.2
 21
194.35
 31
0
 70
   35
 71
    5
 72
    0
  3
Standard
 53
0
210
0
220
0
230
1
100
AcDbDiametricDimension
 15
86.60000000000001
 25
197.8
 35
0
 40
0
  0
DIMENSION
  5
5FE
100
AcDbEntity
  8
011. рукоятка размеры
  6
ByLayer
 62
   96
420
32768
370
   -1
100
AcDbDimension
  2
*D84
 10
75.99999999999999
 20
201
 30
0
 11
77
 21
203.25
 31
0
 70
   35
 71
    5
 72
    0
  3
Standard
 53
0
210
0
220
0
230
1
100
AcDbDiametricDimension
 15
78.00000000000001
 25
201
 35
0
 40
0
  0
DIMENSION
  5
5FF
100
AcDbEntity
  8
011. рукоятка размеры
  6
ByLayer
 62
   96
420
32768
370
   -1
100
AcDbDimension
  2
*D85
 10
59.69108922403404
 20
192.6068408305888
 30
0
 11
58.23078373764958
 21
194.3900984918468
 31
0
 70
   35
 71
    5
 72
    0
  3
Standard
 53
0
210
0
220
0
230
1
100
AcDbDiametricDimension
 15
60.30891077596596
 25
193.3931591694112
 35
0
 40
0
  0
DIMENSION
  5
600
100
AcDbEntity
  8
011. рукоятка размеры
  6
ByLayer
 62
   96
420
32768
370
   -1
100
AcDbDimension
  2
*D86
 10
82.8131220526397
 20
224.291164803429
 30
0
 11
82.04058540385762
 21
227.2007501907804
 31
0
 70
   35
 71
    5
 72
    0
  3
Standard
 53
0
210
0
220
0
230
1
100
AcDbDiametricDimension
 15
85.0206779473603
 25
227.626835196571
 35
0
 40
0
  0
DIMENSION
  5
601
100
AcDbEntity
  8
021. дуло сборочный чертеж
  6
CONTINUOUS
 62
   96
420
32768
370
   -1
100
AcDbDimension
  2
*D87
 10
75.04522727852475
 20
281.0452272785247
 30
0
 11
55.04522727852475
 21
283.2952272785247
 31
0
 70
   32
 71
    5
  3
Standard
 53
0
210
0
220
0
230
1
100
AcDbAlignedDimension
 13
35.04522727852475
 23
271.0452272785247
 33
0
 14
75.04522727852475
 24
271.0452272785247
 34
0
100
AcDbRotatedDimension
  0
POINT
  5
602
100
AcDbEntity
  8
021. дуло сборочный чертеж
  6
ByLayer
 62
  256
370
  100
100
AcDbPoint
 10
74.04522727852475
 20
270.0452272785247
  0
LWPOLYLINE
  5
603
100
AcDbEntity
  8
021. дуло сборочный чертеж
  6
ByLayer
 62
  256
370
   -1
100
AcDbPolyline
 90
    4
 70
    1
 43
0
 10
35.04522727852475
 20
271.0452272785247
 10
35.04522727852475
 20
268.0452272785247
 10
75.04522727852475
 20
268.0452272785247
 10
75.04522727852475
 20
271.0452272785247
  0
LINE
  5
604
100
AcDbEntity
  8
021. дуло сборочный чертеж
  6
ByLayer
 62
  256
370
   35
100
AcDbLine
 10
70.04522727852475
 20
233.0452272785247
 11
70.04522727852475
 21
268.0452272785247
  0
LWPOLYLINE
  5
605
100
AcDbEntity
  8
021. дуло сборочный чертеж
  6
CONTINUOUS
 62
  256
370
   13
100
AcDbPolyline
 90
    4
 70
    1
 43
0
 10
75.04522727852475
 20
268.0452272785247
 10
75.04522727852475
 20
248.0452272785247
 10
35.04522727852475
 20
248.0452272785247
 10
35.04522727852475
 20
268.0452272785247
  0
LINE
  5
606
100
AcDbEntity
  8
021. дуло сборочный чертеж
  6
ByLayer
 62
  256
370
   35
100
AcDbLine
 10
40.04522727852475
 20
268.0452272785247
 11
40.04522727852475
 21
233.0452272785247
  0
LINE
  5
607
100
AcDbEntity
  8
021. дуло сборочный чертеж
  6
ByLayer
 62
  256
370
   35
100
AcDbLine
 10
40.04522727852475
 20
268.0452272785247
 11
70.04522727852475
 21
268.0452272785247
  0
SPLINE
  5
608
100
AcDbEntity
  8
021. дуло сборочный чертеж
  6
ByLayer
 62
  256
370
   35
100
AcDbSpline
210
0
220
0
230
0
 70
    8
 71
    2
 72
    7
 73
    4
 74
    0
 42
1e-07
 43
1e-07
 40
0
 40
0
 40
0
 40
0.5
 40
1
 40
1
 40
1
 10
40.04522727852475
 20
233.0452272785247
 30
0
 10
48.04522727852475
 20
238.0452272785247
 30
0
 10
62.04522727852475
 20
227.0452272785247
 30
0
 10
70.04522727852475
 20
233.0452272785247
 30
0
  0
SPLINE
  5
609
100
AcDbEntity
  8
021. дуло сборочный чертеж
  6
ByLayer
 62
  256
370
   35
100
AcDbSpline
210
0
220
0
230
0
 70
    8
 71
    2
 72
    7
 73
    4
 74
    0
 42
1e-07
 43
1e-07
 40
0
 40
0
 40
0
 40
0.5
 40
1
 40
1
 40
1
 10
40.04522727852475
 20
228.0452272785247
 30
0
 10
48.04522727852475
 20
233.0452272785247
 30
0
 10
62.04522727852475
 20
222.0452272785247
 30
0
 10
70.04522727852475
 20
228.0452272785247
 30
0
  0
LINE
  5
60A
100
AcDbEntity
  8
021. дуло сборочный чертеж
  6
ByLayer
 62
  256
370
   35
100
AcDbLine
 10
70.04522727852475
 20
121.0452272785247
 11
70.04522727852475
 21
228.0452272785247
  0
CIRCLE
  5
60B
100
AcDbEntity
  8
021. дуло сборочный чертеж
  6
ByLayer
 62
  256
370
   -1
100
AcDbCircle
 10
63.04522727852475
 20
178.0452272785247
 40
1
  0
LINE
  5
60C
100
AcDbEntity
  8
021. дуло сборочный чертеж
  6
ByLayer
 62
  256
370
   35
100
AcDbLine
 10
40.04522727852475
 20
228.0452272785247
 11
40.04522727852475
 21
121.0452272785247
  0
CIRCLE
  5
60D
100
AcDbEntity
  8
021. дуло сборочный чертеж
  6
ByLayer
 62
  256
370
   -1
100
AcDbCircle
 10
55.04522727852475
 20
168.0452272785247
 40
1
  0
CIRCLE
  5
60E
100
AcDbEntity
  8
021. дуло сборочный чертеж
  6
ByLayer
 62
  256
370
   -1
100
AcDbCircle
 10
47.04522727852475
 20
158.0452272785247
 40
1
  0
SPLINE
  5
60F
100
AcDbEntity
  8
021. дуло сборочный чертеж
  6
ByLayer
 62
  256
370
   35
100
AcDbSpline
210
0
220
0
230
0
 70
    8
 71
    2
 72
    7
 73
    4
 74
    0
 42
1e-07
 43
1e-07
 40
0
 40
0
 40
0
 40
0.5
 40
1
 40
1
 40
1
 10
40.04522727852475
 20
121.0452272785247
 30
0
 10
48.04522727852475
 20
126.0452272785247
 30
0
 10
62.04522727852475
 20
115.0452272785247
 30
0
 10
70.04522727852475
 20
121.0452272785247
 30
0
  0
SPLINE
  5
610
100
AcDbEntity
  8
021. дуло сборочный чертеж
  6
ByLayer
 62
  256
370
   35
100
AcDbSpline
210
0
220
0
230
0
 70
    8
 71
    2
 72
    7
 73
    4
 74
    0
 42
1e-07
 43
1e-07
 40
0
 40
0
 40
0
 40
0.5
 40
1
 40
1
 40
1
 10
40.04522727852475
 20
116.0452272785247
 30
0
 10
48.04522727852475
 20
121.0452272785247
 30
0
 10
62.04522727852475
 20
110.0452272785247
 30
0
 10
70.04522727852475
 20
116.0452272785247
 30
0
  0
LINE
  5
611
100
AcDbEntity
  8
021. дуло сборочный чертеж
  6
ByLayer
 62
  256
370
   35
100
AcDbLine
 10
40.04522727852475
 20
116.0452272785247
 11
40.04522727852475
 21
66.04522727852469
  0
LINE
  5
612
100
AcDbEntity
  8
021. дуло сборочный чертеж
  6
ByLayer
 62
  256
370
   35
100
AcDbLine
 10
70.04522727852475
 20
116.0452272785247
 11
70.04522727852475
 21
66.04522727852469
  0
POINT
  5
613
100
AcDbEntity
  8
021. дуло сборочный чертеж
  6
ByLayer
 62
  256
370
  100
100
AcDbPoint
 10
67.09042727852474
 20
76.0000272785247
  0
LINE
  5
614
100
AcDbEntity
  8
021. дуло сборочный чертеж
  6
ByLayer
 62
  256
370
   35
100
AcDbLine
 10
40.04522727852475
 20
66.04522727852469
 11
70.04522727852475
 21
66.04522727852469
  0
CIRCLE
  5
615
100
AcDbEntity
  8
021. дуло сборочный чертеж
  6
ByLayer
 62
  256
370
   -1
100
AcDbCircle
 10
55.04522727852475
 20
106.0452272785247
 40
2.5
  0
CIRCLE
  5
616
100
AcDbEntity
  8
021. дуло сборочный чертеж
  6
ByLayer
 62
  256
370
   -1
100
AcDbCircle
 10
55.04522727852475
 20
106.0452272785247
 40
2.23607
  0
LWPOLYLINE
  5
617
100
AcDbEntity
  8
021. дуло сборочный чертеж
  6
CONTINUOUS
 62
  256
370
   -1
100
AcDbPolyline
 90
    4
 70
    1
 43
0
 10
45.04522727852475
 20
148.0452272785247
 10
65.04522727852475
 20
148.0452272785247
 10
65.04522727852475
 20
125.0452272785247
 10
45.04522727852475
 20
125.0452272785247
  0
LWPOLYLINE
  5
618
100
AcDbEntity
  8
021. дуло сборочный чертеж
  6
ByLayer
 62
  256
370
   18
100
AcDbPolyline
 90
    4
 70
    1
 43
0
 10
45.04522727852475
 20
148.0452272785247
 10
65.04522727852475
 20
148.0452272785247
 10
65.04522727852475
 20
125.0452272785247
 10
45.04522727852475
 20
125.0452272785247
  0
DIMENSION
  5
619
100
AcDbEntity
  8
021. дуло сборочный чертеж
  6
ByLayer
 62
   96
420
32768
370
   -1
100
AcDbDimension
  2
*D88
 10
85.04522727852475
 20
248.0452272785247
 30
0
 11
82.79522727852475
 21
258.0452272785247
 31
0
 70
   32
 71
    5
  3
Standard
 53
0
210
0
220
0
230
1
100
AcDbAlignedDimension
 13
75.04522727852475
 23
268.0452272785247
 33
0
 14
75.04522727852475
 24
248.0452272785247
 34
0
 50
90
100
AcDbRotatedDimension
  0
MTEXT
  5
61A
100
AcDbEntity
  8
021. дуло сборочный чертеж
  6
ByLayer
 62
  256
370
   -1
100
AcDbMText
 10
88.04522727852475
 20
286.0452272785247
 30
0
 40
4
 41
22.44444444444444
 71
    1
 72
    1
  1
Динамик
  7
cyrillic_ii
210
0
220
0
230
1
 50
0
 73
    2
 44
1
  0
LWPOLYLINE
  5
61B
100
AcDbEntity
  8
021. дуло сборочный чертеж
  6
ByLayer
 62
  256
370
   -1
100
AcDbPolyline
 90
    3
 70
    0
 43
0
 10
74
 20
270
 10
84
 20
280
 10
113
 20
280
  0
POINT
  5
61C
100
AcDbEntity
  8
021. дуло сборочный чертеж
  6
ByLayer
 62
  256
370
  100
100
AcDbPoint
 10
73.09029935632549
 20
248.9098991346089
  0
LWPOLYLINE
  5
61D
100
AcDbEntity
  8
021. дуло сборочный чертеж
  6
ByLayer
 62
  256
370
   -1
100
AcDbPolyline
 90
    3
 70
    0
 43
0
 10
73.04519999999999
 20
248.955
 10
82.99999999999999
 20
239
 10
140
 20
239
  0
MTEXT
  5
61E
100
AcDbEntity
  8
021. дуло сборочный чертеж
  6
ByLayer
 62
  256
370
   -1
100
AcDbMText
 10
87.0904545570495
 20
245.0904545570494
 30
0
 40
4
 41
50.77777777777796
 71
    1
 72
    1
  1
Картонное кольцо
  7
cyrillic_ii
210
0
220
0
230
1
 50
0
 73
    2
 44
1
  0
POINT
  5
61F
100
AcDbEntity
  8
021. дуло сборочный чертеж
  6
ByLayer
 62
  256
370
  100
100
AcDbPoint
 10
63.09010086539112
 20
146.0902993563255
  0
MTEXT
  5
620
100
AcDbEntity
  8
021. дуло сборочный чертеж
  6
ByLayer
 62
  256
370
   -1
100
AcDbMText
 10
73.90954544295062
 20
164.0904545570495
 30
0
 40
4
 41
56.44444444444482
 71
    1
 72
    1
  1
Окно под индикатор
  7
cyrillic_ii
210
0
220
0
230
1
 50
90
 73
    2
 44
1
  0
LWPOLYLINE
  5
621
100
AcDbEntity
  8
021. дуло сборочный чертеж
  6
ByLayer
 62
  256
370
   -1
100
AcDbPolyline
 90
    3
 70
    0
 43
0
 10
63.04500000000002
 20
146.0452
 10
80
 20
162
 10
80
 20
224
  0
MTEXT
  5
622
100
AcDbEntity
  8
021. дуло сборочный чертеж
  6
ByLayer
 62
  256
370
   -1
100
AcDbMText
 10
81.04522727852475
 20
72.04522727852469
 30
0
 40
4
 41
12
 71
    1
 72
    1
  1
Дуло
  7
cyrillic_ii
210
0
220
0
230
1
 50
0
 73
    2
 44
1
  0
LWPOLYLINE
  5
623
100
AcDbEntity
  8
021. дуло сборочный чертеж
  6
ByLayer
 62
  256
370
   -1
100
AcDbPolyline
 90
    3
 70
    0
 43
0
 10
67.04522727852475
 20
76.04522727852469
 10
77.04522727852475
 20
66.04522727852469
 10
96
 20
66
  0
MTEXT
  5
624
100
AcDbEntity
  8
021. дуло сборочный чертеж
  6
ByLayer
 62
  256
370
   -1
100
AcDbMText
 10
100
 20
150
 30
0
 40
3
 41
102.7500000000008
 71
    1
 72
    1
  3
Технологический процесс:\P1. Деталь отрезается по размеру;\P2. Сверлятся отверстия под светодиоды 5 мм,\Pвыводы от светодиодов, выводы от ин�
  3
�икатора\Pи вырезается окно под индикатор вольт-ампер\Pметра;\P3. Динамик и картонное кольцо (внутренний\Pдиаметр 36-38 мм) склеиваются вместе
  1
 при\Pпомощи клеевого пистолета;\P4. Картонное кольцо вклеивается на дуло\Pтермопистолетом.
  7
cyrillic_ii
210
0
220
0
230
1
 50
0
 73
    2
 44
1
  0
LWPOLYLINE
  5
625
100
AcDbEntity
  8
03. сборочный чертеж
  6
ByLayer
 62
  256
370
   -1
100
AcDbPolyline
 90
    3
 70
    0
 43
0
 10
160
 20
221
 10
170
 20
211
 10
180
 20
211
  0
MTEXT
  5
626
100
AcDbEntity
  8
03. сборочный чертеж
  6
ByLayer
 62
  256
370
   -1
100
AcDbMText
 10
174
 20
217
 30
0
 40
4
 41
0.8888888888888888
 71
    1
 72
    1
  1
1
  7
cyrillic_ii
210
0
220
0
230
1
 50
0
 73
    2
 44
1
  0
POINT
  5
627
100
AcDbEntity
  8
03. сборочный чертеж
  6
ByLayer
 62
  256
370
  100
100
AcDbPoint
 10
160.0452272785247
 20
220.9547727214753
  0
LINE
  5
628
100
AcDbEntity
  8
03. сборочный чертеж
  6
ByLayer
 62
  256
370
   35
100
AcDbLine
 10
30
 20
277
 11
60
 21
277
  0
LWPOLYLINE
  5
629
100
AcDbEntity
  8
03. сборочный чертеж
  6
ByLayer
 62
  256
370
   -1
100
AcDbPolyline
 90
    4
 70
    1
 43
0
 10
25
 20
280
 10
25
 20
277
 10
65
 20
277
 10
65
 20
280
  0
LWPOLYLINE
  5
62A
100
AcDbEntity
  8
03. сборочный чертеж
  6
CONTINUOUS
 62
  256
370
   13
100
AcDbPolyline
 90
    4
 70
    1
 43
0
 10
65
 20
277
 10
65
 20
257
 10
25
 20
257
 10
25
 20
277
  0
POINT
  5
62B
100
AcDbEntity
  8
03. сборочный чертеж
  6
ByLayer
 62
  256
370
  100
100
AcDbPoint
 10
76.79349156157113
 20
246.7114576139741
  0
MTEXT
  5
62C
100
AcDbEntity
  8
03. сборочный чертеж
  6
ByLayer
 62
  256
370
   -1
100
AcDbMText
 10
92.75144291280412
 20
257.1509904559499
 30
0
 40
3
 41
47.58333333333362
 71
    7
 72
    1
  1
Область расположения\Pэлектрической схемы
  7
cyrillic_ii
210
0
220
0
230
1
 50
0
 73
    2
 44
1
  0
LWPOLYLINE
  5
62D
100
AcDbEntity
  8
03. сборочный чертеж
  6
ByLayer
 62
  256
370
   -1
100
AcDbPolyline
 90
    3
 70
    0
 43
0
 10
76.79349156157112
 20
246.7114576139741
 10
86.08477624613759
 20
256.1509904559499
 10
142.0847762461376
 20
256.1509904559499
  0
LWPOLYLINE
  5
62E
100
AcDbEntity
  8
03. сборочный чертеж
  6
ByLayer
 62
  256
370
   -1
100
AcDbPolyline
 90
    4
 70
    1
 43
0
 10
68
 20
114
 10
68
 20
159
 10
93
 20
159
 10
93
 20
114
  0
LWPOLYLINE
  5
62F
100
AcDbEntity
  8
03. сборочный чертеж
  6
ByLayer
 62
  256
370
   -1
100
AcDbPolyline
 90
    4
 70
    1
 43
0
 10
72
 20
159
 10
72
 20
163
 10
80
 20
163
 10
80
 20
159
  0
LWPOLYLINE
  5
630
100
AcDbEntity
  8
03. сборочный чертеж
  6
ByLayer
 62
  256
370
   -1
100
AcDbPolyline
 90
    4
 70
    1
 43
0
 10
84
 20
159
 10
84
 20
163
 10
90
 20
163
 10
90
 20
159
  0
POINT
  5
631
100
AcDbEntity
  8
031. сборочный чертеж ПП
  6
ByLayer
 62
  256
370
  100
100
AcDbPoint
 10
67
 20
177
  0
POINT
  5
632
100
AcDbEntity
  8
031. сборочный чертеж ПП
  6
ByLayer
 62
  256
370
  100
100
AcDbPoint
 10
95
 20
177
  0
POINT
  5
633
100
AcDbEntity
  8
031. сборочный чертеж ПП
  6
ByLayer
 62
  256
370
  100
100
AcDbPoint
 10
95
 20
235
  0
CIRCLE
  5
634
100
AcDbEntity
  8
031. сборочный чертеж ПП
  6
ByLayer
 62
  256
370
   -1
100
AcDbCircle
 10
81
 20
213
 40
7
  0
POINT
  5
635
100
AcDbEntity
  8
031. сборочный чертеж ПП
  6
ByLayer
 62
  256
370
  100
100
AcDbPoint
 10
78
 20
213
  0
CIRCLE
  5
636
100
AcDbEntity
  8
031. сборочный чертеж ПП
  6
ByLayer
 62
  256
370
   -1
100
AcDbCircle
 10
81
 20
233
 40
8
  0
POINT
  5
637
100
AcDbEntity
  8
031. сборочный чертеж ПП
  6
ByLayer
 62
  256
370
  100
100
AcDbPoint
 10
81
 20
230
  0
POINT
  5
638
100
AcDbEntity
  8
031. сборочный чертеж ПП
  6
ByLayer
 62
  256
370
  100
100
AcDbPoint
 10
77
 20
235
  0
POINT
  5
639
100
AcDbEntity
  8
031. сборочный чертеж ПП
  6
ByLayer
 62
  256
370
  100
100
AcDbPoint
 10
85
 20
235
  0
POINT
  5
63A
100
AcDbEntity
  8
031. сборочный чертеж ПП
  6
ByLayer
 62
  256
370
  100
100
AcDbPoint
 10
71
 20
197
  0
POINT
  5
63B
100
AcDbEntity
  8
031. сборочный чертеж ПП
  6
ByLayer
 62
  256
370
  100
100
AcDbPoint
 10
71
 20
235
  0
LINE
  5
63C
100
AcDbEntity
  8
031. сборочный чертеж ПП
  6
CONTINUOUS
 62
  256
370
   -1
100
AcDbLine
 10
78
 20
213
 11
71
 21
213
  0
POINT
  5
63D
100
AcDbEntity
  8
031. сборочный чертеж ПП
  6
ByLayer
 62
  256
370
  100
100
AcDbPoint
 10
71
 20
220.0592053722026
  0
POINT
  5
63E
100
AcDbEntity
  8
031. сборочный чертеж ПП
  6
ByLayer
 62
  256
370
  100
100
AcDbPoint
 10
71
 20
206
  0
LINE
  5
63F
100
AcDbEntity
  8
031. сборочный чертеж ПП
  6
CONTINUOUS
 62
  256
370
   50
100
AcDbLine
 10
71
 20
235
 11
71
 21
220.0592053722026
  0
LINE
  5
640
100
AcDbEntity
  8
031. сборочный чертеж ПП
  6
CONTINUOUS
 62
  256
370
   50
100
AcDbLine
 10
71
 20
206
 11
71
 21
197
  0
POINT
  5
641
100
AcDbEntity
  8
031. сборочный чертеж ПП
  6
ByLayer
 62
  256
370
  100
100
AcDbPoint
 10
67
 20
206
  0
POINT
  5
642
100
AcDbEntity
  8
031. сборочный чертеж ПП
  6
ByLayer
 62
  256
370
  100
100
AcDbPoint
 10
75
 20
201
  0
LINE
  5
643
100
AcDbEntity
  8
031. сборочный чертеж ПП
  6
DASHEDTINY
 62
  256
370
   25
100
AcDbLine
 10
85
 20
235
 11
95
 21
235
  0
LINE
  5
644
100
AcDbEntity
  8
031. сборочный чертеж ПП
  6
DASHEDTINY
 62
  256
370
   25
100
AcDbLine
 10
77
 20
235
 11
71
 21
235
  0
LINE
  5
645
100
AcDbEntity
  8
031. сборочный чертеж ПП
  6
DASHEDTINY
 62
  256
370
   25
100
AcDbLine
 10
71
 20
220
 11
71
 21
206
  0
POINT
  5
646
100
AcDbEntity
  8
031. сборочный чертеж ПП
  6
ByLayer
 62
  256
370
  100
100
AcDbPoint
 10
95
 20
235
  0
LINE
  5
647
100
AcDbEntity
  8
031. сборочный чертеж ПП
  6
CONTINUOUS
 62
  256
370
   -1
100
AcDbLine
 10
67
 20
177
 11
71
 21
177
  0
LINE
  5
648
100
AcDbEntity
  8
031. сборочный чертеж ПП
  6
CONTINUOUS
 62
  256
370
   -1
100
AcDbLine
 10
95
 20
177
 11
91
 21
177
  0
LINE
  5
649
100
AcDbEntity
  8
031. сборочный чертеж ПП
  6
CONTINUOUS
 62
  256
370
   -1
100
AcDbLine
 10
67
 20
206
 11
67
 21
210
  0
CIRCLE
  5
64A
100
AcDbEntity
  8
031. сборочный чертеж ПП
  6
ByLayer
 62
  256
370
   -1
100
AcDbCircle
 10
88
 20
190
 40
6
  0
CIRCLE
  5
64B
100
AcDbEntity
  8
031. сборочный чертеж ПП
  6
ByLayer
 62
  256
370
   -1
100
AcDbCircle
 10
74
 20
190
 40
6
  0
POINT
  5
64C
100
AcDbEntity
  8
031. сборочный чертеж ПП
  6
ByLayer
 62
  256
370
  100
100
AcDbPoint
 10
72
 20
190
  0
POINT
  5
64D
100
AcDbEntity
  8
031. сборочный чертеж ПП
  6
ByLayer
 62
  256
370
  100
100
AcDbPoint
 10
74
 20
192
  0
POINT
  5
64E
100
AcDbEntity
  8
031. сборочный чертеж ПП
  6
ByLayer
 62
  256
370
  100
100
AcDbPoint
 10
76
 20
190
  0
POINT
  5
64F
100
AcDbEntity
  8
031. сборочный чертеж ПП
  6
ByLayer
 62
  256
370
  100
100
AcDbPoint
 10
86
 20
190
  0
POINT
  5
650
100
AcDbEntity
  8
031. сборочный чертеж ПП
  6
ByLayer
 62
  256
370
  100
100
AcDbPoint
 10
88
 20
188
  0
POINT
  5
651
100
AcDbEntity
  8
031. сборочный чертеж ПП
  6
ByLayer
 62
  256
370
  100
100
AcDbPoint
 10
88
 20
192
  0
POINT
  5
652
100
AcDbEntity
  8
031. сборочный чертеж ПП
  6
ByLayer
 62
  256
370
  100
100
AcDbPoint
 10
75
 20
182
  0
LINE
  5
653
100
AcDbEntity
  8
031. сборочный чертеж ПП
  6
CONTINUOUS
 62
  256
370
   -1
100
AcDbLine
 10
72
 20
190
 11
67
 21
190
  0
LINE
  5
654
100
AcDbEntity
  8
031. сборочный чертеж ПП
  6
CONTINUOUS
 62
  256
370
   -1
100
AcDbLine
 10
76
 20
190
 11
76
 21
182
  0
LINE
  5
655
100
AcDbEntity
  8
031. сборочный чертеж ПП
  6
CONTINUOUS
 62
  256
370
   -1
100
AcDbLine
 10
86
 20
190
 11
86
 21
182
  0
LINE
  5
656
100
AcDbEntity
  8
031. сборочный чертеж ПП
  6
CONTINUOUS
 62
  256
370
   -1
100
AcDbLine
 10
88
 20
188
 11
95
 21
188
  0
LINE
  5
657
100
AcDbEntity
  8
031. сборочный чертеж ПП
  6
CONTINUOUS
 62
  256
370
   -1
100
AcDbLine
 10
74
 20
192
 11
71
 21
197
  0
LINE
  5
658
100
AcDbEntity
  8
031. сборочный чертеж ПП
  6
CONTINUOUS
 62
  256
370
   -1
100
AcDbLine
 10
71
 20
197
 11
71
 21
193
  0
LINE
  5
659
100
AcDbEntity
  8
031. сборочный чертеж ПП
  6
CONTINUOUS
 62
  256
370
   -1
100
AcDbLine
 10
88
 20
192
 11
88
 21
201
  0
LINE
  5
65A
100
AcDbEntity
  8
031. сборочный чертеж ПП
  6
CONTINUOUS
 62
  256
370
   -1
100
AcDbLine
 10
75
 20
201
 11
75
 21
205
  0
POINT
  5
65B
100
AcDbEntity
  8
031. сборочный чертеж ПП
  6
ByLayer
 62
  256
370
  100
100
AcDbPoint
 10
84
 20
213
  0
CIRCLE
  5
65C
100
AcDbEntity
  8
031. сборочный чертеж ПП
  6
CONTINUOUS
 62
  256
370
   -1
100
AcDbCircle
 10
81
 20
178
 40
2.5
  0
POINT
  5
65D
100
AcDbEntity
  8
031. сборочный чертеж ПП
  6
ByLayer
 62
  256
370
  100
100
AcDbPoint
 10
80
 20
178
  0
POINT
  5
65E
100
AcDbEntity
  8
031. сборочный чертеж ПП
  6
ByLayer
 62
  256
370
  100
100
AcDbPoint
 10
82
 20
178
  0
POINT
  5
65F
100
AcDbEntity
  8
031. сборочный чертеж ПП
  6
ByLayer
 62
  256
370
  100
100
AcDbPoint
 10
95
 20
182
  0
POINT
  5
660
100
AcDbEntity
  8
031. сборочный чертеж ПП
  6
ByLayer
 62
  256
370
  100
100
AcDbPoint
 10
95
 20
188
  0
POINT
  5
661
100
AcDbEntity
  8
031. сборочный чертеж ПП
  6
ByLayer
 62
  256
370
  100
100
AcDbPoint
 10
95
 20
206
  0
LINE
  5
662
100
AcDbEntity
  8
031. сборочный чертеж ПП
  6
CONTINUOUS
 62
  256
370
   -1
100
AcDbLine
 10
84
 20
213
 11
84
 21
201
  0
LINE
  5
663
100
AcDbEntity
  8
031. сборочный чертеж ПП
  6
CONTINUOUS
 62
  256
370
   50
100
AcDbLine
 10
75
 20
182
 11
89
 21
182
  0
POINT
  5
664
100
AcDbEntity
  8
031. сборочный чертеж ПП
  6
ByLayer
 62
  256
370
  100
100
AcDbPoint
 10
89
 20
182
  0
LINE
  5
665
100
AcDbEntity
  8
031. сборочный чертеж ПП
  6
CONTINUOUS
 62
  256
370
   50
100
AcDbLine
 10
75
 20
201
 11
89
 21
201
  0
LINE
  5
666
100
AcDbEntity
  8
031. сборочный чертеж ПП
  6
CONTINUOUS
 62
  256
370
   -1
100
AcDbLine
 10
89
 20
201
 11
89
 21
205
  0
POINT
  5
667
100
AcDbEntity
  8
031. сборочный чертеж ПП
  6
ByLayer
 62
  256
370
  100
100
AcDbPoint
 10
89
 20
201
  0
POINT
  5
668
100
AcDbEntity
  8
031. сборочный чертеж ПП
  6
ByLayer
 62
  256
370
  100
100
AcDbPoint
 10
95
 20
230
  0
POINT
  5
669
100
AcDbEntity
  8
031. сборочный чертеж ПП
  6
ByLayer
 62
  256
370
  100
100
AcDbPoint
 10
95
 20
230
  0
LINE
  5
66A
100
AcDbEntity
  8
031. сборочный чертеж ПП
  6
CONTINUOUS
 62
  256
370
   50
100
AcDbLine
 10
95
 20
235
 11
95
 21
230
  0
LWPOLYLINE
  5
66B
100
AcDbEntity
  8
031. сборочный чертеж ПП
  6
ByLayer
 62
  256
370
   -1
100
AcDbPolyline
 90
    4
 70
    1
 43
0
 10
93
 20
223
 10
97
 20
223
 10
97
 20
212
 10
93
 20
212
  0
LINE
  5
66C
100
AcDbEntity
  8
031. сборочный чертеж ПП
  6
CONTINUOUS
 62
  256
370
   -1
100
AcDbLine
 10
95
 20
223
 11
95
 21
230
  0
LINE
  5
66D
100
AcDbEntity
  8
031. сборочный чертеж ПП
  6
CONTINUOUS
 62
  256
370
   -1
100
AcDbLine
 10
95
 20
212
 11
95
 21
206
  0
DIMENSION
  5
66E
100
AcDbEntity
  8
03. сборочный чертеж
  6
CONTINUOUS
 62
   96
420
32768
370
   -1
100
AcDbDimension
  2
*D89
 10
100
 20
97
 30
0
 11
96.5
 21
99.25
 31
0
 70
   32
 71
    5
  3
Standard
 53
0
210
0
220
0
230
1
100
AcDbAlignedDimension
 13
93
 23
114
 33
0
 14
100
 24
118.1799984408765
 34
0
100
AcDbRotatedDimension
  0
DIMENSION
  5
66F
100
AcDbEntity
  8
03. сборочный чертеж
  6
CONTINUOUS
 62
   96
420
32768
370
   -1
100
AcDbDimension
  2
*D90
 10
75
 20
113
 30
0
 11
72.75
 21
105.5
 31
0
 70
   32
 71
    5
  3
Standard
 53
0
210
0
220
0
230
1
100
AcDbAlignedDimension
 13
60
 23
97.00000000000003
 33
0
 14
75
 24
114
 34
0
 50
90
100
AcDbRotatedDimension
  0
LWPOLYLINE
  5
670
100
AcDbEntity
  8
03. сборочный чертеж
  6
DASHEDTINY
 62
  256
370
   -1
100
AcDbPolyline
 90
    8
 70
    1
 43
0
 10
98
 20
235.4978636769456
 42
0.3153798303920221
 10
94.70871531543349
 20
240.1968307943878
 10
71.70871531543351
 20
248.5604671580242
 42
0.5204733673040567
 10
64
 20
244
 10
64
 20
177
 42
0.414213562373095
 10
66
 20
175
 10
96
 20
175
 42
0.414213562373095
 10
98
 20
177
  0
CIRCLE
  5
671
100
AcDbEntity
  8
03. сборочный чертеж
  6
ByLayer
 62
  256
370
   -1
100
AcDbCircle
 10
53
 20
187
 40
1
  0
CIRCLE
  5
672
100
AcDbEntity
  8
03. сборочный чертеж
  6
ByLayer
 62
  256
370
   -1
100
AcDbCircle
 10
45
 20
177
 40
1
  0
CIRCLE
  5
673
100
AcDbEntity
  8
03. сборочный чертеж
  6
ByLayer
 62
  256
370
   -1
100
AcDbCircle
 10
37
 20
167
 40
1
  0
SPLINE
  5
674
100
AcDbEntity
  8
03. сборочный чертеж
  6
ByLayer
 62
  256
370
   35
100
AcDbSpline
210
0
220
0
230
0
 70
    8
 71
    2
 72
    7
 73
    4
 74
    0
 42
1e-07
 43
1e-07
 40
0
 40
0
 40
0
 40
0.5
 40
1
 40
1
 40
1
 10
30
 20
237
 30
0
 10
38
 20
242
 30
0
 10
52
 20
231
 30
0
 10
60
 20
237
 30
0
  0
SPLINE
  5
675
100
AcDbEntity
  8
03. сборочный чертеж
  6
ByLayer
 62
  256
370
   35
100
AcDbSpline
210
0
220
0
230
0
 70
    8
 71
    2
 72
    7
 73
    4
 74
    0
 42
1e-07
 43
1e-07
 40
0
 40
0
 40
0
 40
0.5
 40
1
 40
1
 40
1
 10
30
 20
242
 30
0
 10
38
 20
247
 30
0
 10
52
 20
236
 30
0
 10
60
 20
242
 30
0
  0
LINE
  5
676
100
AcDbEntity
  8
03. сборочный чертеж
  6
ByLayer
 62
  256
370
   35
100
AcDbLine
 10
30
 20
277
 11
30
 21
242
  0
LINE
  5
677
100
AcDbEntity
  8
03. сборочный чертеж
  6
ByLayer
 62
  256
370
   35
100
AcDbLine
 10
60
 20
242
 11
60
 21
277
  0
LWPOLYLINE
  5
678
100
AcDbEntity
  8
03. сборочный чертеж
  6
ByLayer
 62
  256
370
   -1
100
AcDbPolyline
 90
    3
 70
    0
 43
0
 10
71
 20
149
 10
55.04522727852475
 20
164.9547727214753
 10
45.04522727852475
 20
164.9547727214753
  0
POINT
  5
679
100
AcDbEntity
  8
03. сборочный чертеж
  6
ByLayer
 62
  256
370
  100
100
AcDbPoint
 10
71
 20
149
  0
SPLINE
  5
67A
100
AcDbEntity
  8
03. сборочный чертеж
  6
ByLayer
 62
  256
370
   35
100
AcDbSpline
210
0
220
0
230
0
 70
    8
 71
    2
 72
    7
 73
    4
 74
    0
 42
1e-07
 43
1e-07
 40
0
 40
0
 40
0
 40
0.5
 40
1
 40
1
 40
1
 10
30
 20
125
 30
0
 10
38
 20
130
 30
0
 10
52
 20
119
 30
0
 10
60
 20
125
 30
0
  0
SPLINE
  5
67B
100
AcDbEntity
  8
03. сборочный чертеж
  6
ByLayer
 62
  256
370
   35
100
AcDbSpline
210
0
220
0
230
0
 70
    8
 71
    2
 72
    7
 73
    4
 74
    0
 42
1e-07
 43
1e-07
 40
0
 40
0
 40
0
 40
0.5
 40
1
 40
1
 40
1
 10
30
 20
130
 30
0
 10
38
 20
135
 30
0
 10
52
 20
124
 30
0
 10
60
 20
130
 30
0
  0
LINE
  5
67C
100
AcDbEntity
  8
03. сборочный чертеж
  6
ByLayer
 62
  256
370
   35
100
AcDbLine
 10
60
 20
130
 11
60
 21
237
  0
LINE
  5
67D
100
AcDbEntity
  8
03. сборочный чертеж
  6
ByLayer
 62
  256
370
   35
100
AcDbLine
 10
30
 20
237
 11
30
 21
130
  0
CIRCLE
  5
67E
100
AcDbEntity
  8
03. сборочный чертеж
  6
ByLayer
 62
  256
370
   -1
100
AcDbCircle
 10
45
 20
115
 40
2.5
  0
LINE
  5
67F
100
AcDbEntity
  8
03. сборочный чертеж
  6
ByLayer
 62
  256
370
   35
100
AcDbLine
 10
30
 20
125
 11
30
 21
75
  0
LINE
  5
680
100
AcDbEntity
  8
03. сборочный чертеж
  6
ByLayer
 62
  256
370
   35
100
AcDbLine
 10
60
 20
125
 11
60
 21
75
  0
LINE
  5
681
100
AcDbEntity
  8
03. сборочный чертеж
  6
ByLayer
 62
  256
370
   35
100
AcDbLine
 10
30
 20
75
 11
60
 21
75
  0
LWPOLYLINE
  5
682
100
AcDbEntity
  8
03. сборочный чертеж
  6
ByLayer
 62
  256
370
   -1
100
AcDbPolyline
 90
    3
 70
    0
 43
0
 10
57
 20
85
 10
67
 20
75
 10
77
 20
75
  0
POINT
  5
683
100
AcDbEntity
  8
03. сборочный чертеж
  6
ByLayer
 62
  256
370
  100
100
AcDbPoint
 10
57.04522727852475
 20
84.95477272147525
  0
DIMENSION
  5
684
100
AcDbEntity
  8
03. сборочный чертеж
  6
ByLayer
 62
   96
420
32768
370
   -1
100
AcDbDimension
  2
*D91
 10
45
 20
190
 30
0
 11
42.75
 21
192
 31
0
 70
   32
 71
    5
  3
Standard
 53
0
210
0
220
0
230
1
100
AcDbAlignedDimension
 13
60
 23
197
 33
0
 14
53
 24
187
 34
0
 50
90
100
AcDbRotatedDimension
  0
CIRCLE
  5
685
100
AcDbEntity
  8
03. сборочный чертеж
  6
ByLayer
 62
  256
370
   -1
100
AcDbCircle
 10
45
 20
115
 40
2.23606797749979
  0
LWPOLYLINE
  5
686
100
AcDbEntity
  8
032. схема подключения
  6
CONTINUOUS
 62
  256
370
   -1
100
AcDbPolyline
 90
    4
 70
    1
 43
0
 10
41
 20
210
 10
49
 20
210
 10
49
 20
208
 10
41
 20
208
  0
LINE
  5
687
100
AcDbEntity
  8
032. схема подключения
  6
CONTINUOUS
 62
  256
370
   -1
100
AcDbLine
 10
38
 20
205
 11
52
 21
205
  0
LINE
  5
688
100
AcDbEntity
  8
032. схема подключения
  6
CONTINUOUS
 62
  256
370
   -1
100
AcDbLine
 10
52
 20
205
 11
49
 21
208
  0
LINE
  5
689
100
AcDbEntity
  8
032. схема подключения
  6
CONTINUOUS
 62
  256
370
   -1
100
AcDbLine
 10
41
 20
208
 11
38
 21
205
  0
SPLINE
  5
68A
100
AcDbEntity
  8
032. схема подключения
  6
ByLayer
 62
  256
370
   -1
100
AcDbSpline
210
0
220
0
230
0
 70
    8
 71
    2
 72
    9
 73
    6
 74
    0
 42
1e-07
 43
1e-07
 40
0
 40
0
 40
0
 40
0.25
 40
0.5
 40
0.75
 40
1
 40
1
 40
1
 10
67
 20
202
 30
0
 10
64.16609657973967
 20
201.6963351793636
 30
0
 10
56.46691208220545
 20
203.5840281252727
 30
0
 10
57.03116422637964
 20
214.5736564743823
 30
0
 10
45.86150161210958
 20
216.387050343829
 30
0
 10
47
 20
210
 30
0
  0
SPLINE
  5
68B
100
AcDbEntity
  8
032. схема подключения
  6
ByLayer
 62
  256
370
   -1
100
AcDbSpline
210
0
220
0
230
0
 70
    8
 71
    2
 72
   11
 73
    8
 74
    0
 42
1e-07
 43
1e-07
 40
0
 40
0
 40
0
 40
0.1666666666666667
 40
0.3333333333333333
 40
0.5
 40
0.6666666666666666
 40
0.8333333333333334
 40
1
 40
1
 40
1
 10
80
 20
201
 30
0
 10
77.06071288353296
 20
208.0028594251964
 30
0
 10
69.33266859022008
 20
202.4637015281011
 30
0
 10
58.29883570273523
 20
204.0004821040148
 30
0
 10
58.69561681855546
 20
213.3825077799264
 30
0
 10
50.59689041922749
 20
217.9573545538076
 30
0
 10
41.41991063316693
 20
214.6848425831064
 30
0
 10
43
 20
210
 30
0
  0
POINT
  5
68C
100
AcDbEntity
  8
032. схема подключения
  6
ByLayer
 62
  253
420
10526884
370
   25
100
AcDbPoint
 10
80
 20
201
  0
POINT
  5
68D
100
AcDbEntity
  8
032. схема подключения
  6
ByLayer
 62
  253
420
10526884
370
   25
100
AcDbPoint
 10
81
 20
201
  0
POINT
  5
68E
100
AcDbEntity
  8
032. схема подключения
  6
ByLayer
 62
  253
420
10526884
370
   25
100
AcDbPoint
 10
94.99999999999999
 20
182
  0
LINE
  5
68F
100
AcDbEntity
  8
032. схема подключения
  6
ByLayer
 62
  256
370
   13
100
AcDbLine
 10
37
 20
114
 11
37
 21
119
  0
LINE
  5
690
100
AcDbEntity
  8
032. схема подключения
  6
ByLayer
 62
  256
370
   13
100
AcDbLine
 10
34
 20
123
 11
34
 21
125
  0
LINE
  5
691
100
AcDbEntity
  8
032. схема подключения
  6
ByLayer
 62
  256
370
   13
100
AcDbLine
 10
34
 20
116
 11
34
 21
118
  0
LWPOLYLINE
  5
692
100
AcDbEntity
  8
032. схема подключения
  6
ByLayer
 62
  256
370
   -1
100
AcDbPolyline
 90
    4
 70
    1
 43
0
 10
33
 20
123
 10
35
 20
123
 10
35
 20
118
 10
33
 20
118
  0
SPLINE
  5
693
100
AcDbEntity
  8
032. схема подключения
  6
ByLayer
 62
  256
370
   -1
100
AcDbSpline
210
0
220
0
230
0
 70
    8
 71
    2
 72
   18
 73
   15
 74
    0
 42
1e-07
 43
1e-07
 40
0
 40
0
 40
0
 40
0.07692307692307693
 40
0.1538461538461539
 40
0.2307692307692308
 40
0.3076923076923077
 40
0.3846153846153846
 40
0.4615384615384616
 40
0.5384615384615384
 40
0.6153846153846154
 40
0.6923076923076923
 40
0.7692307692307693
 40
0.8461538461538461
 40
0.9230769230769231
 40
1
 40
1
 40
1
 10
37
 20
119
 30
0
 10
36.70531043538915
 20
122.6573242475004
 30
0
 10
43.37002387422849
 20
122.0797623258136
 30
0
 10
51.45889794837652
 20
116.515823332838
 30
0
 10
49.01218235837354
 20
103.4360432827904
 30
0
 10
60.44700262363045
 20
98.52405793400582
 30
0
 10
66.62863086210567
 20
106.6359178055403
 30
0
 10
64.54337923967938
 20
114.0693906570337
 30
0
 10
66.01437013966198
 20
123.1194139626525
 30
0
 10
65.97536732249272
 20
136.2806055352639
 30
0
 10
64.54816535123696
 20
144.7389440707953
 30
0
 10
66.42681663012443
 20
155.5533670070456
 30
0
 10
61.80692889260922
 20
181.9319708730467
 30
0
 10
64.91016242004592
 20
190.9241127214709
 30
0
 10
67
 20
192
 30
0
  0
SPLINE
  5
694
100
AcDbEntity
  8
032. схема подключения
  6
ByLayer
 62
  256
370
   -1
100
AcDbSpline
210
0
220
0
230
0
 70
    8
 71
    2
 72
   26
 73
   23
 74
    0
 42
1e-07
 43
1e-07
 40
0
 40
0
 40
0
 40
0.04761904761904762
 40
0.09523809523809523
 40
0.1428571428571428
 40
0.1904761904761905
 40
0.2380952380952381
 40
0.2857142857142857
 40
0.3333333333333333
 40
0.3809523809523809
 40
0.4285714285714285
 40
0.4761904761904762
 40
0.5238095238095238
 40
0.5714285714285714
 40
0.6190476190476191
 40
0.6666666666666666
 40
0.7142857142857143
 40
0.7619047619047619
 40
0.8095238095238095
 40
0.8571428571428571
 40
0.9047619047619048
 40
0.9523809523809523
 40
1
 40
1
 40
1
 10
34
 20
125
 30
0
 10
35.18756826407547
 20
127.1510629405801
 30
0
 10
40.63395439486505
 20
123.3327028733931
 30
0
 10
48.7046081287099
 20
121.2411728213561
 30
0
 10
53.03089895404703
 20
114.2162999885491
 30
0
 10
50.55746585020371
 20
105.1084471196824
 30
0
 10
56.94702901000451
 20
101.4681988883178
 30
0
 10
62.20540912722133
 20
102.4216110787804
 30
0
 10
65.02049840946171
 20
107.3998491933736
 30
0
 10
62.40412773754367
 20
114.0810502510014
 30
0
 10
64.46299987782199
 20
121.9980937917411
 30
0
 10
65.19220022834692
 20
129.785621841988
 30
0
 10
64.39891853344255
 20
137.2707980805463
 30
0
 10
62.42967408975743
 20
144.6977375937585
 30
0
 10
64.93492413778542
 20
152.5618560512623
 30
0
 10
62.70407454389567
 20
164.2561539691451
 30
0
 10
60.46160462091009
 20
180.393540978035
 30
0
 10
62.35581641683609
 20
192.5500160955882
 30
0
 10
69.14445354057486
 20
199.7328968704488
 30
0
 10
76.16739647449623
 20
198.6242759539009
 30
0
 10
79.8012275678775
 20
193.7304330129141
 30
0
 10
82.8684352870213
 20
198.7071094200017
 30
0
 10
81
 20
201
 30
0
  0
INSERT
  5
695
100
AcDbEntity
  8
032. схема подключения
  6
ByLayer
 62
  256
370
   -1
100
AcDbBlockReference
  2
светодиод
 10
31
 20
112.5
 30
0
 41
1
 42
1
 43
0
 50
0
 70
    1
 71
    1
 44
0
 45
0
  0
LINE
  5
696
100
AcDbEntity
  8
031. сборочный чертеж ПП
  6
CONTINUOUS
 62
  256
370
   18
100
AcDbLine
 10
69
 20
178
 11
69
 21
180
  0
LINE
  5
697
100
AcDbEntity
  8
031. сборочный чертеж ПП
  6
CONTINUOUS
 62
  256
370
   18
100
AcDbLine
 10
93
 20
180
 11
93
 21
178
  0
LINE
  5
698
100
AcDbEntity
  8
031. сборочный чертеж ПП
  6
CONTINUOUS
 62
  256
370
   18
100
AcDbLine
 10
92
 20
179
 11
94
 21
179
  0
LINE
  5
699
100
AcDbEntity
  8
031. сборочный чертеж ПП
  6
CONTINUOUS
 62
  256
370
   18
100
AcDbLine
 10
78
 20
211
 11
78
 21
209
  0
LINE
  5
69A
100
AcDbEntity
  8
031. сборочный чертеж ПП
  6
CONTINUOUS
 62
  256
370
   18
100
AcDbLine
 10
77
 20
210
 11
79
 21
210
  0
LINE
  5
69B
100
AcDbEntity
  8
031. сборочный чертеж ПП
  6
DASHEDTINY
 62
  256
370
   25
100
AcDbLine
 10
81
 20
230
 11
71
 21
230
  0
MTEXT
  5
69C
100
AcDbEntity
  8
03. сборочный чертеж
  6
ByLayer
 62
  256
370
   -1
100
AcDbMText
 10
112.8035907311397
 20
213.0428513476417
 30
0
 40
1
 41
1.444444444444444
 71
    1
 72
    1
  1
NO
  7
cyrillic_ii
210
0
220
0
230
1
 50
10.4267
 73
    2
 44
1
  0
MTEXT
  5
69D
100
AcDbEntity
  8
03. сборочный чертеж
  6
ByLayer
 62
  256
370
   -1
100
AcDbMText
 10
118.2191316393642
 20
214.069424272437
 30
0
 40
1
 41
1.333333333333333
 71
    1
 72
    1
  1
NC
  7
cyrillic_ii
210
0
220
0
230
1
 50
10.4267
 73
    2
 44
1
  0
LINE
  5
69E
100
AcDbEntity
  8
03. сборочный чертеж
  6
ByLayer
 62
  256
370
   13
100
AcDbLine
 10
108.059
 20
212.48
 11
107.499
 21
215.447
  0
LINE
  5
69F
100
AcDbEntity
  8
03. сборочный чертеж
  6
ByLayer
 62
  256
370
   13
100
AcDbLine
 10
113.491
 20
213.504
 11
112.932
 21
216.471
  0
LINE
  5
6A0
100
AcDbEntity
  8
03. сборочный чертеж
  6
ByLayer
 62
  256
370
   13
100
AcDbLine
 10
118.881
 20
214.52
 11
118.322
 21
217.487
  0
LWPOLYLINE
  5
6A1
100
AcDbEntity
  8
03. сборочный чертеж
  6
ByLayer
 62
  256
370
   -1
100
AcDbPolyline
 90
    3
 70
    0
 43
0
 10
118.9486989438812
 20
210.9486989438812
 10
128.9486989438812
 20
220.9486989438812
 10
138.9486989438812
 20
220.9486989438812
  0
POINT
  5
6A2
100
AcDbEntity
  8
03. сборочный чертеж
  6
ByLayer
 62
  256
370
  100
100
AcDbPoint
 10
118.9939262224059
 20
210.9939262224059
  0
LINE
  5
6A3
100
AcDbEntity
  8
03. сборочный чертеж
  6
ByLayer
 62
  256
370
   13
100
AcDbLine
 10
120.9691375566208
 20
208.808359634969
 11
108.1941696948744
 21
206.4
  0
LINE
  5
6A4
100
AcDbEntity
  8
03. сборочный чертеж
  6
ByLayer
 62
  256
370
   13
100
AcDbLine
 10
108.1941696948744
 20
206.4
 11
107.0826190941195
 21
212.2961390131137
  0
LINE
  5
6A5
100
AcDbEntity
  8
03. сборочный чертеж
  6
ByLayer
 62
  256
370
   13
100
AcDbLine
 10
107.0826190941195
 20
212.2961390131137
 11
119.8575869558659
 21
214.7044986480827
  0
LINE
  5
6A6
100
AcDbEntity
  8
03. сборочный чертеж
  6
ByLayer
 62
  256
370
   13
100
AcDbLine
 10
119.8575869558659
 20
214.7044986480827
 11
120.9691375566208
 21
208.808359634969
  0
LINE
  5
6A7
100
AcDbEntity
  8
03. сборочный чертеж
  6
ByLayer
 62
  256
370
   13
100
AcDbLine
 10
109.170184261981
 20
206.584
 11
122.16
 21
206.584
  0
LWPOLYLINE
  5
6A8
100
AcDbEntity
  8
03. сборочный чертеж
  6
ByLayer
 62
  256
370
   -1
100
AcDbPolyline
 90
    6
 70
    1
 43
0
 10
112.6549774667431
 20
206.6554998521874
 10
112.7838414503206
 20
206.6798220061488
 42
0.4142135623728234
 10
113.1027142770308
 20
207.1470693928571
 10
113.0702180626376
 20
207.3192413001869
 10
112.1551970007831
 20
207.1467399041469
 10
112.1877300800347
 20
206.9743726788977
 42
0.4142135623731277
  0
SPLINE
  5
6A9
100
AcDbEntity
  8
032. схема подключения
  6
CONTINUOUS
 62
  256
370
   13
100
AcDbSpline
210
0
220
0
230
0
 70
    8
 71
    2
 72
   18
 73
   15
 74
    0
 42
1e-07
 43
1e-07
 40
0
 40
0
 40
0
 40
0.07692307692307693
 40
0.1538461538461539
 40
0.2307692307692308
 40
0.3076923076923077
 40
0.3846153846153846
 40
0.4615384615384616
 40
0.5384615384615384
 40
0.6153846153846154
 40
0.6923076923076923
 40
0.7692307692307693
 40
0.8461538461538461
 40
0.9230769230769231
 40
1
 40
1
 40
1
 10
112.932
 20
216.471
 30
0
 10
113
 20
218
 30
0
 10
112
 20
220
 30
0
 10
110
 20
220
 30
0
 10
109
 20
220
 30
0
 10
106.3
 20
220.8
 30
0
 10
104
 20
221.7
 30
0
 10
98.90000000000001
 20
222.1
 30
0
 10
93.90000000000001
 20
223.1
 30
0
 10
89.26511458671355
 20
224.9284533763462
 30
0
 10
85.45699999999999
 20
219.028
 30
0
 10
93.3215
 20
210.782
 30
0
 10
89.614
 20
201.069
 30
0
 10
99.29300000000001
 20
189.379
 30
0
 10
95
 20
182
 30
0
  0
SPLINE
  5
6AA
100
AcDbEntity
  8
032. схема подключения
  6
CONTINUOUS
 62
  256
370
   13
100
AcDbSpline
210
0
220
0
230
0
 70
    8
 71
    2
 72
   16
 73
   13
 74
    0
 42
1e-07
 43
1e-07
 40
0
 40
0
 40
0
 40
0.09090909090909091
 40
0.1818181818181818
 40
0.2727272727272727
 40
0.3636363636363636
 40
0.4545454545454545
 40
0.5454545454545454
 40
0.6363636363636364
 40
0.7272727272727273
 40
0.8181818181818182
 40
0.9090909090909091
 40
1
 40
1
 40
1
 10
107.499
 20
215.447
 30
0
 10
108
 20
218
 30
0
 10
107
 20
219
 30
0
 10
105
 20
219
 30
0
 10
103
 20
220
 30
0
 10
99
 20
220
 30
0
 10
96
 20
221
 30
0
 10
89
 20
223
 30
0
 10
86.99769999999999
 20
219.068
 30
0
 10
92.00000000000001
 20
213.3
 30
0
 10
93.60000000000001
 20
209.3
 30
0
 10
92.1087
 20
202.161
 30
0
 10
95
 20
199
 30
0
  0
CIRCLE
  5
6AB
100
AcDbEntity
  8
03. сборочный чертеж
  6
ByLayer
 62
  256
370
   -1
100
AcDbCircle
 10
65.00000000000006
 20
190
 40
0.5
  0
INSERT
  5
6AC
100
AcDbEntity
  8
03. сборочный чертеж
  6
ByLayer
 62
  256
370
   -1
100
AcDbBlockReference
  2
рукоятка 02
 10
60
 20
257
 30
0
 41
1
 42
1
 43
0
 50
0
 70
    1
 71
    1
 44
1
 45
1
  0
LWPOLYLINE
  5
6AD
100
AcDbEntity
  8
03. сборочный чертеж
  6
ByLayer
 62
  256
370
   18
100
AcDbPolyline
 90
    4
 70
    1
 43
0
 10
35
 20
157
 10
55
 20
157
 10
55
 20
134
 10
35
 20
134
  0
POINT
  5
6AE
100
AcDbEntity
  8
032. схема подключения
  6
CONTINUOUS
 62
  256
370
   25
100
AcDbPoint
 10
44
 20
156
  0
POINT
  5
6AF
100
AcDbEntity
  8
032. схема подключения
  6
CONTINUOUS
 62
  256
370
   25
100
AcDbPoint
 10
54
 20
156
  0
POINT
  5
6B0
100
AcDbEntity
  8
032. схема подключения
  6
CONTINUOUS
 62
  256
370
   25
100
AcDbPoint
 10
44
 20
148
  0
POINT
  5
6B1
100
AcDbEntity
  8
032. схема подключения
  6
CONTINUOUS
 62
  256
370
   25
100
AcDbPoint
 10
54
 20
148
  0
POINT
  5
6B2
100
AcDbEntity
  8
032. схема подключения
  6
CONTINUOUS
 62
  256
370
   25
100
AcDbPoint
 10
54
 20
140
  0
POINT
  5
6B3
100
AcDbEntity
  8
032. схема подключения
  6
CONTINUOUS
 62
  256
370
   25
100
AcDbPoint
 10
44
 20
140
  0
LINE
  5
6B4
100
AcDbEntity
  8
032. схема подключения
  6
CONTINUOUS
 62
  256
370
   18
100
AcDbLine
 10
36
 20
155
 11
36
 21
151
  0
LINE
  5
6B5
100
AcDbEntity
  8
032. схема подключения
  6
CONTINUOUS
 62
  256
370
   18
100
AcDbLine
 10
40
 20
155
 11
36
 21
155
  0
LINE
  5
6B6
100
AcDbEntity
  8
032. схема подключения
  6
CONTINUOUS
 62
  256
370
   18
100
AcDbLine
 10
36
 20
151
 11
40
 21
151
  0
LINE
  5
6B7
100
AcDbEntity
  8
032. схема подключения
  6
CONTINUOUS
 62
  256
370
   18
100
AcDbLine
 10
40
 20
151
 11
40
 21
155
  0
LINE
  5
6B8
100
AcDbEntity
  8
032. схема подключения
  6
CONTINUOUS
 62
  256
370
   18
100
AcDbLine
 10
40
 20
155
 11
44
 21
155
  0
LINE
  5
6B9
100
AcDbEntity
  8
032. схема подключения
  6
CONTINUOUS
 62
  256
370
   18
100
AcDbLine
 10
44
 20
151
 11
40
 21
151
  0
LINE
  5
6BA
100
AcDbEntity
  8
032. схема подключения
  6
CONTINUOUS
 62
  256
370
   18
100
AcDbLine
 10
44
 20
155
 11
44
 21
151
  0
LINE
  5
6BB
100
AcDbEntity
  8
032. схема подключения
  6
CONTINUOUS
 62
  256
370
   18
100
AcDbLine
 10
46
 20
155
 11
46
 21
151
  0
LINE
  5
6BC
100
AcDbEntity
  8
032. схема подключения
  6
CONTINUOUS
 62
  256
370
   18
100
AcDbLine
 10
50
 20
155
 11
46
 21
155
  0
LINE
  5
6BD
100
AcDbEntity
  8
032. схема подключения
  6
CONTINUOUS
 62
  256
370
   18
100
AcDbLine
 10
46
 20
151
 11
50
 21
151
  0
LINE
  5
6BE
100
AcDbEntity
  8
032. схема подключения
  6
CONTINUOUS
 62
  256
370
   18
100
AcDbLine
 10
50
 20
151
 11
50
 21
155
  0
LINE
  5
6BF
100
AcDbEntity
  8
032. схема подключения
  6
CONTINUOUS
 62
  256
370
   18
100
AcDbLine
 10
50
 20
155
 11
54
 21
155
  0
LINE
  5
6C0
100
AcDbEntity
  8
032. схема подключения
  6
CONTINUOUS
 62
  256
370
   18
100
AcDbLine
 10
54
 20
151
 11
50
 21
151
  0
LINE
  5
6C1
100
AcDbEntity
  8
032. схема подключения
  6
CONTINUOUS
 62
  256
370
   18
100
AcDbLine
 10
54
 20
155
 11
54
 21
151
  0
LINE
  5
6C2
100
AcDbEntity
  8
032. схема подключения
  6
CONTINUOUS
 62
  256
370
   18
100
AcDbLine
 10
36
 20
139
 11
36
 21
135
  0
LINE
  5
6C3
100
AcDbEntity
  8
032. схема подключения
  6
CONTINUOUS
 62
  256
370
   18
100
AcDbLine
 10
40
 20
139
 11
36
 21
139
  0
LINE
  5
6C4
100
AcDbEntity
  8
032. схема подключения
  6
CONTINUOUS
 62
  256
370
   18
100
AcDbLine
 10
36
 20
135
 11
40
 21
135
  0
LINE
  5
6C5
100
AcDbEntity
  8
032. схема подключения
  6
CONTINUOUS
 62
  256
370
   18
100
AcDbLine
 10
40
 20
135
 11
40
 21
139
  0
LINE
  5
6C6
100
AcDbEntity
  8
032. схема подключения
  6
CONTINUOUS
 62
  256
370
   18
100
AcDbLine
 10
40
 20
139
 11
44
 21
139
  0
LINE
  5
6C7
100
AcDbEntity
  8
032. схема подключения
  6
CONTINUOUS
 62
  256
370
   18
100
AcDbLine
 10
44
 20
135
 11
40
 21
135
  0
LINE
  5
6C8
100
AcDbEntity
  8
032. схема подключения
  6
CONTINUOUS
 62
  256
370
   18
100
AcDbLine
 10
44
 20
139
 11
44
 21
135
  0
LINE
  5
6C9
100
AcDbEntity
  8
032. схема подключения
  6
CONTINUOUS
 62
  256
370
   18
100
AcDbLine
 10
46
 20
139
 11
46
 21
135
  0
LINE
  5
6CA
100
AcDbEntity
  8
032. схема подключения
  6
CONTINUOUS
 62
  256
370
   18
100
AcDbLine
 10
50
 20
139
 11
46
 21
139
  0
LINE
  5
6CB
100
AcDbEntity
  8
032. схема подключения
  6
CONTINUOUS
 62
  256
370
   18
100
AcDbLine
 10
46
 20
135
 11
50
 21
135
  0
LINE
  5
6CC
100
AcDbEntity
  8
032. схема подключения
  6
CONTINUOUS
 62
  256
370
   18
100
AcDbLine
 10
50
 20
135
 11
50
 21
139
  0
LINE
  5
6CD
100
AcDbEntity
  8
032. схема подключения
  6
CONTINUOUS
 62
  256
370
   18
100
AcDbLine
 10
50
 20
139
 11
54
 21
139
  0
LINE
  5
6CE
100
AcDbEntity
  8
032. схема подключения
  6
CONTINUOUS
 62
  256
370
   18
100
AcDbLine
 10
54
 20
135
 11
50
 21
135
  0
LINE
  5
6CF
100
AcDbEntity
  8
032. схема подключения
  6
CONTINUOUS
 62
  256
370
   18
100
AcDbLine
 10
54
 20
139
 11
54
 21
135
  0
LINE
  5
6D0
100
AcDbEntity
  8
032. схема подключения
  6
CONTINUOUS
 62
  256
370
   18
100
AcDbLine
 10
36
 20
147
 11
36
 21
143
  0
LINE
  5
6D1
100
AcDbEntity
  8
032. схема подключения
  6
CONTINUOUS
 62
  256
370
   18
100
AcDbLine
 10
40
 20
147
 11
36
 21
147
  0
LINE
  5
6D2
100
AcDbEntity
  8
032. схема подключения
  6
CONTINUOUS
 62
  256
370
   18
100
AcDbLine
 10
36
 20
143
 11
40
 21
143
  0
LINE
  5
6D3
100
AcDbEntity
  8
032. схема подключения
  6
CONTINUOUS
 62
  256
370
   18
100
AcDbLine
 10
40
 20
143
 11
40
 21
147
  0
LINE
  5
6D4
100
AcDbEntity
  8
032. схема подключения
  6
CONTINUOUS
 62
  256
370
   18
100
AcDbLine
 10
40
 20
147
 11
44
 21
147
  0
LINE
  5
6D5
100
AcDbEntity
  8
032. схема подключения
  6
CONTINUOUS
 62
  256
370
   18
100
AcDbLine
 10
44
 20
143
 11
40
 21
143
  0
LINE
  5
6D6
100
AcDbEntity
  8
032. схема подключения
  6
CONTINUOUS
 62
  256
370
   18
100
AcDbLine
 10
44
 20
147
 11
44
 21
143
  0
LINE
  5
6D7
100
AcDbEntity
  8
032. схема подключения
  6
CONTINUOUS
 62
  256
370
   18
100
AcDbLine
 10
46
 20
147
 11
46
 21
143
  0
LINE
  5
6D8
100
AcDbEntity
  8
032. схема подключения
  6
CONTINUOUS
 62
  256
370
   18
100
AcDbLine
 10
50
 20
147
 11
46
 21
147
  0
LINE
  5
6D9
100
AcDbEntity
  8
032. схема подключения
  6
CONTINUOUS
 62
  256
370
   18
100
AcDbLine
 10
46
 20
143
 11
50
 21
143
  0
LINE
  5
6DA
100
AcDbEntity
  8
032. схема подключения
  6
CONTINUOUS
 62
  256
370
   18
100
AcDbLine
 10
50
 20
143
 11
50
 21
147
  0
LINE
  5
6DB
100
AcDbEntity
  8
032. схема подключения
  6
CONTINUOUS
 62
  256
370
   18
100
AcDbLine
 10
50
 20
147
 11
54
 21
147
  0
LINE
  5
6DC
100
AcDbEntity
  8
032. схема подключения
  6
CONTINUOUS
 62
  256
370
   18
100
AcDbLine
 10
54
 20
143
 11
50
 21
143
  0
LINE
  5
6DD
100
AcDbEntity
  8
032. схема подключения
  6
CONTINUOUS
 62
  256
370
   18
100
AcDbLine
 10
54
 20
147
 11
54
 21
143
  0
LINE
  5
6DE
100
AcDbEntity
  8
032. схема подключения
  6
CONTINUOUS
 62
  256
370
   -1
100
AcDbLine
 10
45
 20
157
 11
45
 21
134
  0
LINE
  5
6DF
100
AcDbEntity
  8
032. схема подключения
  6
CONTINUOUS
 62
  256
370
   -1
100
AcDbLine
 10
35
 20
149
 11
55
 21
149
  0
LINE
  5
6E0
100
AcDbEntity
  8
032. схема подключения
  6
CONTINUOUS
 62
  256
370
   -1
100
AcDbLine
 10
35
 20
141
 11
55
 21
141
  0
LINE
  5
6E1
100
AcDbEntity
  8
031. сборочный чертеж ПП
  6
CONTINUOUS
 62
  256
370
   50
100
AcDbLine
 10
67
 20
177
 11
67
 21
206
  0
LINE
  5
6E2
100
AcDbEntity
  8
031. сборочный чертеж ПП
  6
CONTINUOUS
 62
  256
370
   50
100
AcDbLine
 10
95
 20
177
 11
95
 21
182
  0
LINE
  5
6E3
100
AcDbEntity
  8
031. сборочный чертеж ПП
  6
CONTINUOUS
 62
  256
370
   50
100
AcDbLine
 10
95
 20
188
 11
95
 21
206
  0
POINT
  5
6E4
100
AcDbEntity
  8
032. схема подключения
  6
ByLayer
 62
  253
420
10526884
370
   25
100
AcDbPoint
 10
67
 20
179
  0
POINT
  5
6E5
100
AcDbEntity
  8
032. схема подключения
  6
ByLayer
 62
  253
420
10526884
370
   25
100
AcDbPoint
 10
95
 20
181
  0
POINT
  5
6E6
100
AcDbEntity
  8
032. схема подключения
  6
ByLayer
 62
  253
420
10526884
370
   25
100
AcDbPoint
 10
95
 20
199
  0
POINT
  5
6E7
100
AcDbEntity
  8
032. схема подключения
  6
ByLayer
 62
  253
420
10526884
370
   25
100
AcDbPoint
 10
67
 20
192
  0
POINT
  5
6E8
100
AcDbEntity
  8
032. схема подключения
  6
ByLayer
 62
  253
420
10526884
370
   25
100
AcDbPoint
 10
67
 20
202
  0
LWPOLYLINE
  5
6E9
100
AcDbEntity
  8
032. схема подключения
  6
CONTINUOUS
 62
  256
370
   -1
100
AcDbPolyline
 90
    4
 70
    1
 43
0
 10
35
 20
157
 10
55
 20
157
 10
55
 20
134
 10
35
 20
134
  0
POINT
  5
6EA
100
AcDbEntity
  8
032. схема подключения
  6
ByLayer
 62
  253
420
10526884
370
   25
100
AcDbPoint
 10
95
 20
190
  0
LINE
  5
6EB
100
AcDbEntity
  8
032. схема подключения
  6
CONTINUOUS
 62
  256
370
   -1
100
AcDbLine
 10
50
 20
157
 11
50
 21
160
  0
LINE
  5
6EC
100
AcDbEntity
  8
032. схема подключения
  6
CONTINUOUS
 62
  256
370
   -1
100
AcDbLine
 10
45
 20
157
 11
45
 21
160
  0
LINE
  5
6ED
100
AcDbEntity
  8
032. схема подключения
  6
CONTINUOUS
 62
  256
370
   -1
100
AcDbLine
 10
40
 20
157
 11
40
 21
160
  0
MTEXT
  5
6EE
100
AcDbEntity
  8
032. схема подключения
  6
CONTINUOUS
 62
  256
370
   -1
100
AcDbMText
 10
41
 20
160
 30
0
 40
2
 41
1.333333333333333
 71
    1
 72
    1
  1
ж
  7
cyrillic_ii
210
0
220
0
230
1
 50
0
 73
    2
 44
1
  0
MTEXT
  5
6EF
100
AcDbEntity
  8
032. схема подключения
  6
CONTINUOUS
 62
  256
370
   -1
100
AcDbMText
 10
51
 20
160
 30
0
 40
2
 41
0.8888888888888888
 71
    1
 72
    1
  1
ч
  7
cyrillic_ii
210
0
220
0
230
1
 50
0
 73
    2
 44
1
  0
MTEXT
  5
6F0
100
AcDbEntity
  8
032. схема подключения
  6
CONTINUOUS
 62
  256
370
   -1
100
AcDbMText
 10
46
 20
160
 30
0
 40
2
 41
0.8888888888888888
 71
    1
 72
    1
  1
к
  7
cyrillic_ii
210
0
220
0
230
1
 50
0
 73
    2
 44
1
  0
SPLINE
  5
6F1
100
AcDbEntity
  8
032. схема подключения
  6
CONTINUOUS
 62
  256
370
   -1
100
AcDbSpline
210
0
220
0
230
0
 70
    8
 71
    2
 72
   10
 73
    7
 74
    0
 42
1e-07
 43
1e-07
 40
0
 40
0
 40
0
 40
0.2
 40
0.4
 40
0.6
 40
0.8
 40
1
 40
1
 40
1
 10
50
 20
160
 30
0
 10
44.7826868926343
 20
163.8024623878612
 30
0
 10
37.3679098499346
 20
161.7904045997351
 30
0
 10
36.53462392802428
 20
168.4762775283419
 30
0
 10
42.91254977139217
 20
175.1148156872678
 30
0
 10
57.31104734599233
 20
171.8697705653021
 30
0
 10
76
 20
163
 30
0
  0
SPLINE
  5
6F2
100
AcDbEntity
  8
032. схема подключения
  6
CONTINUOUS
 62
  256
370
   -1
100
AcDbSpline
210
0
220
0
230
0
 70
    8
 71
    2
 72
   11
 73
    8
 74
    0
 42
1e-07
 43
1e-07
 40
0
 40
0
 40
0
 40
0.1666666666666667
 40
0.3333333333333333
 40
0.5
 40
0.6666666666666666
 40
0.8333333333333334
 40
1
 40
1
 40
1
 10
40
 20
160
 30
0
 10
31.72252887894624
 20
156.3021615590282
 30
0
 10
32.10912224291866
 20
174.1763349679837
 30
0
 10
35.90557819526063
 20
185.3294215548618
 30
0
 10
46.65484663681136
 20
182.1736316499165
 30
0
 10
55.1019790638971
 20
189.4804538593504
 30
0
 10
77.10599628882176
 20
179.6758286134621
 30
0
 10
95
 20
190
 30
0
  0
SPLINE
  5
6F3
100
AcDbEntity
  8
032. схема подключения
  6
CONTINUOUS
 62
  256
370
   -1
100
AcDbSpline
210
0
220
0
230
0
 70
    8
 71
    2
 72
   10
 73
    7
 74
    0
 42
1e-07
 43
1e-07
 40
0
 40
0
 40
0
 40
0.2
 40
0.4
 40
0.6
 40
0.8
 40
1
 40
1
 40
1
 10
45
 20
160
 30
0
 10
43.57200664273593
 20
162.4519012326287
 30
0
 10
33.27018544085172
 20
159.121711452094
 30
0
 10
35.5977738196666
 20
184.4464247626254
 30
0
 10
45.40395799824033
 20
174.9894842183883
 30
0
 10
56.94938732753779
 20
180.4855560385602
 30
0
 10
67
 20
179
 30
0
  0
LINE
  5
6F4
100
AcDbEntity
  8
03. сборочный чертеж
  6
DOTTINY
 62
  256
370
   -1
100
AcDbLine
 10
118.8991
 20
219.793
 11
60.0001
 21
230
  0
LINE
  5
6F5
100
AcDbEntity
  8
03. сборочный чертеж
  6
DOTTINY
 62
  256
370
   -1
100
AcDbLine
 10
118.8991
 20
219.793
 11
120.7751
 21
209.838
  0
LINE
  5
6F6
100
AcDbEntity
  8
03. сборочный чертеж
  6
DOTTINY
 62
  256
370
   -1
100
AcDbLine
 10
108.0001
 20
207.43
 11
106.0081
 21
217.997
  0
LINE
  5
6F7
100
AcDbEntity
  8
03. сборочный чертеж
  6
DOTTINY
 62
  256
370
   -1
100
AcDbLine
 10
106.0081
 20
217.997
 11
60.0001
 21
225.97
  0
MTEXT
  5
6F8
100
AcDbEntity
  8
03. сборочный чертеж
  6
ByLayer
 62
  256
370
   -1
100
AcDbMText
 10
71
 20
81
 30
0
 40
4
 41
1.777777777777778
 71
    1
 72
    1
  1
2
  7
cyrillic_ii
210
0
220
0
230
1
 50
0
 73
    2
 44
1
  0
MTEXT
  5
6F9
100
AcDbEntity
  8
03. сборочный чертеж
  6
ByLayer
 62
  256
370
   -1
100
AcDbMText
 10
132.9486989438812
 20
221.9486989438812
 30
0
 40
4
 41
1.777777777778026
 71
    7
 72
    1
  1
3
  7
cyrillic_ii
210
0
220
0
230
1
 50
0
 73
    2
 44
1
  0
MTEXT
  5
6FA
100
AcDbEntity
  8
03. сборочный чертеж
  6
ByLayer
 62
  256
370
   -1
100
AcDbMText
 10
51.04522727852475
 20
165.9547727214753
 30
0
 40
4
 41
2.222222222222222
 71
    9
 72
    1
  1
4
  7
cyrillic_ii
210
0
220
0
230
1
 50
0
 73
    2
 44
1
  0
MTEXT
  5
6FB
100
AcDbEntity
  8
04. спецификация
  6
ByLayer
 62
  256
370
   -1
100
AcDbMText
 10
44
 20
219
 30
0
 40
2.5
 41
52.43055555555556
 71
    1
 72
    1
  1
Электронный бластер. 002 СБ
  7
unicode
210
0
220
0
230
1
 50
0
 73
    2
 44
1
  0
MTEXT
  5
6FC
100
AcDbEntity
  8
04. спецификация
  6
ByLayer
 62
  256
370
   -1
100
AcDbMText
 10
114
 20
187
 30
0
 40
2.5
 41
15.625
 71
    1
 72
    1
  1
Крона 9В
  7
unicode
210
0
220
0
230
1
 50
0
 73
    2
 44
1
  0
MTEXT
  5
6FD
100
AcDbEntity
  8
04. спецификация
  6
ByLayer
 62
  256
370
   -1
100
AcDbMText
 10
177
 20
187
 30
0
 40
2.5
 41
0.5555555555555556
 71
    1
 72
    1
  1
1
  7
unicode
210
0
220
0
230
1
 50
0
 73
    2
 44
1
  0
MTEXT
  5
6FE
100
AcDbEntity
  8
04. спецификация
  6
ByLayer
 62
  256
370
   -1
100
AcDbMText
 10
35
 20
75
 30
0
 40
2.5
 41
2.777777777777778
 71
    1
 72
    1
  1
14
  7
unicode
210
0
220
0
230
1
 50
0
 73
    2
 44
1
  0
MTEXT
  5
6FF
100
AcDbEntity
  8
03. сборочный чертеж
  6
ByLayer
 62
  256
370
   -1
100
AcDbMText
 10
108
 20
196
 30
0
 40
3
 41
95.75000000000057
 71
    1
 72
    1
  3
Технологический процесс:\P1. На детале 1 монтируются соединительные\Pдорожки, собирается электрическая схема;\P2. Устанавливаются детали 3 
  3
(концевой\Pвыключатель) и 4 (батарея);\P3. В деталь 2 вставляется индикатор,\Pа выводы от него пропускаются в\Pсоответствующие им отверстия;\P4.
  3
 Индикатор фиксируется в окне\Pдетали 2 при помощи клеевого пистолета;\P5. В посадочные места детали 2\Pвставляются светодиоды c резисторам�
  3
�, а\Pвыводы от них пропускаются в\Pсоответствующие им отверстия;\P6. Светодиоды фиксируются в детале 2\Pпри помощи клеевого пистолета;\P7. Де�
  3
�али 1 и 2 склеиваются между\Pсобой термопистолетом;\P8. Провода от динамика, светодиодов\Pоборачиваются вокруг корпуса детали 2;\P9. Провода �
  3
�т светодиодов, динамика,\Pконцевого выключателя и индикатора\Pприпаиваются к схеме согласно их\Pрасположению;\P10. Изделие укращается, доб
  1
авляется\Pдержатель батареи, подставка.
  7
cyrillic_ii
210
0
220
0
230
1
 50
0
 73
    2
 44
1
  0
LINE
  5
700
100
AcDbEntity
  8
01. рукоятка
  6
ByLayer
 62
  256
370
   -1
100
AcDbLine
 10
82.90000000000001
 20
226
 11
84.90000000000001
 21
226
  0
LINE
  5
701
100
AcDbEntity
  8
01. рукоятка
  6
ByLayer
 62
  256
370
   -1
100
AcDbLine
 10
83.90000000000001
 20
227
 11
83.90000000000001
 21
225
  0
CIRCLE
  5
702
100
AcDbEntity
  8
01. рукоятка
  6
ByLayer
 62
  256
370
   -1
100
AcDbCircle
 10
59.99999999999999
 20
110
 40
1
  0
CIRCLE
  5
703
100
AcDbEntity
  8
01. рукоятка
  6
ByLayer
 62
  256
370
   -1
100
AcDbCircle
 10
59.99999999999999
 20
125
 40
1
  0
CIRCLE
  5
704
100
AcDbEntity
  8
01. рукоятка
  6
ByLayer
 62
  256
370
   -1
100
AcDbCircle
 10
59.99999999999999
 20
140
 40
1
  0
CIRCLE
  5
705
100
AcDbEntity
  8
01. рукоятка
  6
ByLayer
 62
  256
370
   -1
100
AcDbCircle
 10
59.99999999999999
 20
155
 40
1
  0
CIRCLE
  5
706
100
AcDbEntity
  8
01. рукоятка
  6
ByLayer
 62
  256
370
   -1
100
AcDbCircle
 10
90
 20
125
 40
1
  0
CIRCLE
  5
707
100
AcDbEntity
  8
01. рукоятка
  6
ByLayer
 62
  256
370
   -1
100
AcDbCircle
 10
90
 20
155
 40
1
  0
CIRCLE
  5
708
100
AcDbEntity
  8
01. рукоятка
  6
ByLayer
 62
  256
370
   -1
100
AcDbCircle
 10
59.99999999999999
 20
193
 40
0.5
  0
CIRCLE
  5
709
100
AcDbEntity
  8
01. рукоятка
  6
ByLayer
 62
  256
370
   -1
100
AcDbCircle
 10
76.99999999999999
 20
201
 40
1
  0
LINE
  5
70A
100
AcDbEntity
  8
01. рукоятка
  6
ByLayer
 62
  256
370
   -1
100
AcDbLine
 10
59.99999999999999
 20
112
 11
59.99999999999999
 21
108
  0
LINE
  5
70B
100
AcDbEntity
  8
01. рукоятка
  6
ByLayer
 62
  256
370
   -1
100
AcDbLine
 10
57.99999999999999
 20
110
 11
61.99999999999999
 21
110
  0
LINE
  5
70C
100
AcDbEntity
  8
01. рукоятка
  6
ByLayer
 62
  256
370
   -1
100
AcDbLine
 10
57.99999999999999
 20
125
 11
61.99999999999999
 21
125
  0
LINE
  5
70D
100
AcDbEntity
  8
01. рукоятка
  6
ByLayer
 62
  256
370
   -1
100
AcDbLine
 10
59.99999999999999
 20
127
 11
59.99999999999999
 21
123
  0
LINE
  5
70E
100
AcDbEntity
  8
01. рукоятка
  6
ByLayer
 62
  256
370
   -1
100
AcDbLine
 10
59.99999999999999
 20
142
 11
59.99999999999999
 21
138
  0
LINE
  5
70F
100
AcDbEntity
  8
01. рукоятка
  6
ByLayer
 62
  256
370
   -1
100
AcDbLine
 10
57.99999999999999
 20
140
 11
61.99999999999999
 21
140
  0
LINE
  5
710
100
AcDbEntity
  8
01. рукоятка
  6
ByLayer
 62
  256
370
   -1
100
AcDbLine
 10
90
 20
127
 11
90
 21
123
  0
LINE
  5
711
100
AcDbEntity
  8
01. рукоятка
  6
ByLayer
 62
  256
370
   -1
100
AcDbLine
 10
88
 20
125
 11
92
 21
125
  0
LINE
  5
712
100
AcDbEntity
  8
01. рукоятка
  6
ByLayer
 62
  256
370
   -1
100
AcDbLine
 10
59.99999999999999
 20
157
 11
59.99999999999999
 21
153
  0
LINE
  5
713
100
AcDbEntity
  8
01. рукоятка
  6
ByLayer
 62
  256
370
   -1
100
AcDbLine
 10
57.99999999999999
 20
155
 11
61.99999999999999
 21
155
  0
LINE
  5
714
100
AcDbEntity
  8
01. рукоятка
  6
ByLayer
 62
  256
370
   -1
100
AcDbLine
 10
90
 20
157
 11
90
 21
153
  0
LINE
  5
715
100
AcDbEntity
  8
01. рукоятка
  6
ByLayer
 62
  256
370
   -1
100
AcDbLine
 10
88
 20
155
 11
92
 21
155
  0
LINE
  5
716
100
AcDbEntity
  8
01. рукоятка
  6
ByLayer
 62
  256
370
   -1
100
AcDbLine
 10
59.99999999999999
 20
194
 11
59.99999999999999
 21
192
  0
LINE
  5
717
100
AcDbEntity
  8
01. рукоятка
  6
ByLayer
 62
  256
370
   -1
100
AcDbLine
 10
58.99999999999999
 20
193
 11
60.99999999999999
 21
193
  0
LINE
  5
718
100
AcDbEntity
  8
01. рукоятка
  6
ByLayer
 62
  256
370
   -1
100
AcDbLine
 10
76.99999999999999
 20
203
 11
76.99999999999999
 21
199
  0
LINE
  5
719
100
AcDbEntity
  8
01. рукоятка
  6
ByLayer
 62
  256
370
   -1
100
AcDbLine
 10
74.99999999999999
 20
201
 11
78.99999999999999
 21
201
  0
LINE
  5
71A
100
AcDbEntity
  8
01. рукоятка
  6
ByLayer
 62
  256
370
   -1
100
AcDbLine
 10
53.99999999999999
 20
200
 11
56.99999999999999
 21
200
  0
LINE
  5
71B
100
AcDbEntity
  8
01. рукоятка
  6
ByLayer
 62
  256
370
   -1
100
AcDbLine
 10
53.99999999999999
 20
212
 11
56.99999999999999
 21
212
  0
LINE
  5
71C
100
AcDbEntity
  8
01. рукоятка
  6
ByLayer
 62
  256
370
   -1
100
AcDbLine
 10
53.99999999999999
 20
224
 11
56.99999999999999
 21
224
  0
LINE
  5
71D
100
AcDbEntity
  8
01. рукоятка
  6
ByLayer
 62
  256
370
   -1
100
AcDbLine
 10
53.99999999999999
 20
236
 11
56.99999999999999
 21
236
  0
LINE
  5
71E
100
AcDbEntity
  8
01. рукоятка
  6
ByLayer
 62
  256
370
   -1
100
AcDbLine
 10
53.99999999999999
 20
248
 11
56.99999999999999
 21
248
  0
SPLINE
  5
71F
100
AcDbEntity
  8
01. рукоятка
  6
ByLayer
 62
  256
370
   -1
100
AcDbSpline
210
0
220
0
230
0
 70
    8
 71
    2
 72
    7
 73
    4
 74
    0
 42
1e-07
 43
1e-07
 40
0
 40
0
 40
0
 40
0.5
 40
1
 40
1
 40
1
 10
175
 20
264
 30
0
 10
148.4499387436371
 20
263.5307712516329
 30
0
 10
113.5340001217285
 20
241.9010951486155
 30
0
 10
95
 20
249
 30
0
  0
LINE
  5
720
100
AcDbEntity
  8
01. рукоятка
  6
ByLayer
 62
  256
370
   -1
100
AcDbLine
 10
124.9267612258325
 20
214.5630884413172
 11
103.1479812568878
 21
210.4586121690739
  0
LINE
  5
721
100
AcDbEntity
  8
01. рукоятка
  6
ByLayer
 62
  256
370
   -1
100
AcDbLine
 10
95
 20
121.180339887499
 11
95
 21
200.6316072044288
  0
ARC
  5
722
100
AcDbEntity
  8
01. рукоятка
  6
ByLayer
 62
  256
370
   -1
100
AcDbCircle
 10
105
 20
200.632
 40
10
100
AcDbArc
 50
100.6729
 51
180
  0
ARC
  5
723
100
AcDbEntity
  8
01. рукоятка
  6
ByLayer
 62
  256
370
   -1
100
AcDbCircle
 10
84.99999999999999
 20
121.1803
 40
10
100
AcDbArc
 50
296.565
 51
0
  0
LWPOLYLINE
  5
724
100
AcDbEntity
  8
01. рукоятка
  6
ByLayer
 62
  256
370
   -1
100
AcDbPolyline
 90
   15
 70
    0
 43
0
 10
89.47213595499959
 20
112.2360679774998
 10
54.99999999999999
 20
100
 10
55
 20
198.5
 42
0.9999999999999999
 10
55
 20
201.5
 10
55
 20
210.5
 42
0.9999999999999999
 10
55
 20
213.5
 10
54.99999999999999
 20
222.5
 42
1
 10
55.00000000000001
 20
225.500000000006
 10
55
 20
234.5
 42
0.9999999999999999
 10
55
 20
237.5
 10
55
 20
246.5
 42
0.9999999999999999
 10
55
 20
249.5
 10
55
 20
260
 10
65
 20
260
 10
95
 20
249
  0
SPLINE
  5
725
100
AcDbEntity
  8
01. рукоятка
  6
ByLayer
 62
  256
370
   -1
100
AcDbSpline
210
0
220
0
230
0
 70
    8
 71
    2
 72
    8
 73
    5
 74
    0
 42
1e-07
 43
1e-07
 40
0
 40
0
 40
0
 40
0.3333333333333333
 40
0.6666666666666666
 40
1
 40
1
 40
1
 10
175
 20
224
 30
0
 10
164.497
 20
225.496
 30
0
 10
149.6652
 20
218.021
 30
0
 10
133.6941
 20
219.725
 30
0
 10
124.927
 20
214.563
 30
0
  0
LWPOLYLINE
  5
726
100
AcDbEntity
  8
01. рукоятка
  6
ByLayer
 62
  256
370
   -1
100
AcDbPolyline
 90
    2
 70
    0
 43
0
 10
175
 20
224
 10
175
 20
264
  0
CIRCLE
  5
727
100
AcDbEntity
  8
01. рукоятка
  6
ByLayer
 62
  256
370
   -1
100
AcDbCircle
 10
62
 20
180
 40
0.5
  0
LINE
  5
728
100
AcDbEntity
  8
01. рукоятка
  6
ByLayer
 62
  256
370
   -1
100
AcDbLine
 10
62
 20
181
 11
62
 21
179
  0
LINE
  5
729
100
AcDbEntity
  8
01. рукоятка
  6
ByLayer
 62
  256
370
   -1
100
AcDbLine
 10
61
 20
180
 11
63
 21
180
  0
CIRCLE
  5
72A
100
AcDbEntity
  8
01. рукоятка
  6
ByLayer
 62
  256
370
   -1
100
AcDbCircle
 10
75
 20
181
 40
0.5
  0
LINE
  5
72B
100
AcDbEntity
  8
01. рукоятка
  6
ByLayer
 62
  256
370
   -1
100
AcDbLine
 10
75
 20
182
 11
75
 21
180
  0
LINE
  5
72C
100
AcDbEntity
  8
01. рукоятка
  6
ByLayer
 62
  256
370
   -1
100
AcDbLine
 10
74
 20
181
 11
76
 21
181
  0
CIRCLE
  5
72D
100
AcDbEntity
  8
01. рукоятка
  6
ByLayer
 62
  256
370
   -1
100
AcDbCircle
 10
77
 20
181
 40
0.5
  0
LINE
  5
72E
100
AcDbEntity
  8
01. рукоятка
  6
ByLayer
 62
  256
370
   -1
100
AcDbLine
 10
77
 20
182
 11
77
 21
180
  0
LINE
  5
72F
100
AcDbEntity
  8
01. рукоятка
  6
ByLayer
 62
  256
370
   -1
100
AcDbLine
 10
76
 20
181
 11
78
 21
181
  0
CIRCLE
  5
730
100
AcDbEntity
  8
01. рукоятка
  6
ByLayer
 62
  256
370
   -1
100
AcDbCircle
 10
90
 20
180
 40
0.5
  0
LINE
  5
731
100
AcDbEntity
  8
01. рукоятка
  6
ByLayer
 62
  256
370
   -1
100
AcDbLine
 10
90
 20
181
 11
90
 21
179
  0
LINE
  5
732
100
AcDbEntity
  8
01. рукоятка
  6
ByLayer
 62
  256
370
   -1
100
AcDbLine
 10
89
 20
180
 11
91
 21
180
  0
CIRCLE
  5
733
100
AcDbEntity
  8
01. рукоятка
  6
ByLayer
 62
  256
370
   -1
100
AcDbCircle
 10
90
 20
185
 40
0.5
  0
LINE
  5
734
100
AcDbEntity
  8
01. рукоятка
  6
ByLayer
 62
  256
370
   -1
100
AcDbLine
 10
90
 20
186
 11
90
 21
184
  0
LINE
  5
735
100
AcDbEntity
  8
01. рукоятка
  6
ByLayer
 62
  256
370
   -1
100
AcDbLine
 10
89
 20
185
 11
91
 21
185
  0
CIRCLE
  5
736
100
AcDbEntity
  8
01. рукоятка
  6
ByLayer
 62
  256
370
   -1
100
AcDbCircle
 10
84
 20
185
 40
0.5
  0
LINE
  5
737
100
AcDbEntity
  8
01. рукоятка
  6
ByLayer
 62
  256
370
   -1
100
AcDbLine
 10
84
 20
186
 11
84
 21
184
  0
LINE
  5
738
100
AcDbEntity
  8
01. рукоятка
  6
ByLayer
 62
  256
370
   -1
100
AcDbLine
 10
83
 20
185
 11
85
 21
185
  0
CIRCLE
  5
739
100
AcDbEntity
  8
01. рукоятка
  6
ByLayer
 62
  256
370
   -1
100
AcDbCircle
 10
70
 20
185
 40
0.5
  0
LINE
  5
73A
100
AcDbEntity
  8
01. рукоятка
  6
ByLayer
 62
  256
370
   -1
100
AcDbLine
 10
70
 20
186
 11
70
 21
184
  0
LINE
  5
73B
100
AcDbEntity
  8
01. рукоятка
  6
ByLayer
 62
  256
370
   -1
100
AcDbLine
 10
69
 20
185
 11
71
 21
185
  0
CIRCLE
  5
73C
100
AcDbEntity
  8
01. рукоятка
  6
ByLayer
 62
  256
370
   -1
100
AcDbCircle
 10
62
 20
209
 40
0.5
  0
LINE
  5
73D
100
AcDbEntity
  8
01. рукоятка
  6
ByLayer
 62
  256
370
   -1
100
AcDbLine
 10
62
 20
210
 11
62
 21
208
  0
LINE
  5
73E
100
AcDbEntity
  8
01. рукоятка
  6
ByLayer
 62
  256
370
   -1
100
AcDbLine
 10
61
 20
209
 11
63
 21
209
  0
CIRCLE
  5
73F
100
AcDbEntity
  8
01. рукоятка
  6
ByLayer
 62
  256
370
   -1
100
AcDbCircle
 10
66
 20
209
 40
0.5
  0
LINE
  5
740
100
AcDbEntity
  8
01. рукоятка
  6
ByLayer
 62
  256
370
   -1
100
AcDbLine
 10
66
 20
210
 11
66
 21
208
  0
LINE
  5
741
100
AcDbEntity
  8
01. рукоятка
  6
ByLayer
 62
  256
370
   -1
100
AcDbLine
 10
65
 20
209
 11
67
 21
209
  0
CIRCLE
  5
742
100
AcDbEntity
  8
01. рукоятка
  6
ByLayer
 62
  256
370
   -1
100
AcDbCircle
 10
66
 20
200
 40
0.5
  0
LINE
  5
743
100
AcDbEntity
  8
01. рукоятка
  6
ByLayer
 62
  256
370
   -1
100
AcDbLine
 10
66
 20
201
 11
66
 21
199
  0
LINE
  5
744
100
AcDbEntity
  8
01. рукоятка
  6
ByLayer
 62
  256
370
   -1
100
AcDbLine
 10
65
 20
200
 11
67
 21
200
  0
CIRCLE
  5
745
100
AcDbEntity
  8
01. рукоятка
  6
ByLayer
 62
  256
370
   -1
100
AcDbCircle
 10
70
 20
204
 40
0.5
  0
LINE
  5
746
100
AcDbEntity
  8
01. рукоятка
  6
ByLayer
 62
  256
370
   -1
100
AcDbLine
 10
70
 20
205
 11
70
 21
203
  0
LINE
  5
747
100
AcDbEntity
  8
01. рукоятка
  6
ByLayer
 62
  256
370
   -1
100
AcDbLine
 10
69
 20
204
 11
71
 21
204
  0
CIRCLE
  5
748
100
AcDbEntity
  8
01. рукоятка
  6
ByLayer
 62
  256
370
   -1
100
AcDbCircle
 10
84
 20
204
 40
0.5
  0
LINE
  5
749
100
AcDbEntity
  8
01. рукоятка
  6
ByLayer
 62
  256
370
   -1
100
AcDbLine
 10
84
 20
205
 11
84
 21
203
  0
LINE
  5
74A
100
AcDbEntity
  8
01. рукоятка
  6
ByLayer
 62
  256
370
   -1
100
AcDbLine
 10
83
 20
204
 11
85
 21
204
  0
CIRCLE
  5
74B
100
AcDbEntity
  8
01. рукоятка
  6
ByLayer
 62
  256
370
   -1
100
AcDbCircle
 10
90
 20
191
 40
0.5
  0
LINE
  5
74C
100
AcDbEntity
  8
01. рукоятка
  6
ByLayer
 62
  256
370
   -1
100
AcDbLine
 10
90
 20
192
 11
90
 21
190
  0
LINE
  5
74D
100
AcDbEntity
  8
01. рукоятка
  6
ByLayer
 62
  256
370
   -1
100
AcDbLine
 10
89
 20
191
 11
91
 21
191
  0
CIRCLE
  5
74E
100
AcDbEntity
  8
01. рукоятка
  6
ByLayer
 62
  256
370
   -1
100
AcDbCircle
 10
90
 20
209
 40
0.5
  0
LINE
  5
74F
100
AcDbEntity
  8
01. рукоятка
  6
ByLayer
 62
  256
370
   -1
100
AcDbLine
 10
90
 20
210
 11
90
 21
208
  0
LINE
  5
750
100
AcDbEntity
  8
01. рукоятка
  6
ByLayer
 62
  256
370
   -1
100
AcDbLine
 10
89
 20
209
 11
91
 21
209
  0
CIRCLE
  5
751
100
AcDbEntity
  8
01. рукоятка
  6
ByLayer
 62
  256
370
   -1
100
AcDbCircle
 10
73
 20
216
 40
0.5
  0
LINE
  5
752
100
AcDbEntity
  8
01. рукоятка
  6
ByLayer
 62
  256
370
   -1
100
AcDbLine
 10
73
 20
217
 11
73
 21
215
  0
LINE
  5
753
100
AcDbEntity
  8
01. рукоятка
  6
ByLayer
 62
  256
370
   -1
100
AcDbLine
 10
72
 20
216
 11
74
 21
216
  0
CIRCLE
  5
754
100
AcDbEntity
  8
01. рукоятка
  6
ByLayer
 62
  256
370
   -1
100
AcDbCircle
 10
79
 20
216
 40
0.5
  0
LINE
  5
755
100
AcDbEntity
  8
01. рукоятка
  6
ByLayer
 62
  256
370
   -1
100
AcDbLine
 10
79
 20
217
 11
79
 21
215
  0
LINE
  5
756
100
AcDbEntity
  8
01. рукоятка
  6
ByLayer
 62
  256
370
   -1
100
AcDbLine
 10
78
 20
216
 11
80
 21
216
  0
CIRCLE
  5
757
100
AcDbEntity
  8
01. рукоятка
  6
ByLayer
 62
  256
370
   -1
100
AcDbCircle
 10
66
 20
238
 40
0.5
  0
LINE
  5
758
100
AcDbEntity
  8
01. рукоятка
  6
ByLayer
 62
  256
370
   -1
100
AcDbLine
 10
66
 20
239
 11
66
 21
237
  0
LINE
  5
759
100
AcDbEntity
  8
01. рукоятка
  6
ByLayer
 62
  256
370
   -1
100
AcDbLine
 10
65
 20
238
 11
67
 21
238
  0
CIRCLE
  5
75A
100
AcDbEntity
  8
01. рукоятка
  6
ByLayer
 62
  256
370
   -1
100
AcDbCircle
 10
66
 20
223
 40
0.5
  0
LINE
  5
75B
100
AcDbEntity
  8
01. рукоятка
  6
ByLayer
 62
  256
370
   -1
100
AcDbLine
 10
66
 20
224
 11
66
 21
222
  0
LINE
  5
75C
100
AcDbEntity
  8
01. рукоятка
  6
ByLayer
 62
  256
370
   -1
100
AcDbLine
 10
65
 20
223
 11
67
 21
223
  0
CIRCLE
  5
75D
100
AcDbEntity
  8
01. рукоятка
  6
ByLayer
 62
  256
370
   -1
100
AcDbCircle
 10
72
 20
238
 40
0.5
  0
LINE
  5
75E
100
AcDbEntity
  8
01. рукоятка
  6
ByLayer
 62
  256
370
   -1
100
AcDbLine
 10
72
 20
239
 11
72
 21
237
  0
LINE
  5
75F
100
AcDbEntity
  8
01. рукоятка
  6
ByLayer
 62
  256
370
   -1
100
AcDbLine
 10
71
 20
238
 11
73
 21
238
  0
CIRCLE
  5
760
100
AcDbEntity
  8
01. рукоятка
  6
ByLayer
 62
  256
370
   -1
100
AcDbCircle
 10
76
 20
233
 40
0.5
  0
LINE
  5
761
100
AcDbEntity
  8
01. рукоятка
  6
ByLayer
 62
  256
370
   -1
100
AcDbLine
 10
76
 20
234
 11
76
 21
232
  0
LINE
  5
762
100
AcDbEntity
  8
01. рукоятка
  6
ByLayer
 62
  256
370
   -1
100
AcDbLine
 10
75
 20
233
 11
77
 21
233
  0
CIRCLE
  5
763
100
AcDbEntity
  8
01. рукоятка
  6
ByLayer
 62
  256
370
   -1
100
AcDbCircle
 10
80
 20
238
 40
0.5
  0
LINE
  5
764
100
AcDbEntity
  8
01. рукоятка
  6
ByLayer
 62
  256
370
   -1
100
AcDbLine
 10
80
 20
239
 11
80
 21
237
  0
LINE
  5
765
100
AcDbEntity
  8
01. рукоятка
  6
ByLayer
 62
  256
370
   -1
100
AcDbLine
 10
79
 20
238
 11
81
 21
238
  0
CIRCLE
  5
766
100
AcDbEntity
  8
01. рукоятка
  6
ByLayer
 62
  256
370
   -1
100
AcDbCircle
 10
90
 20
238
 40
0.5
  0
LINE
  5
767
100
AcDbEntity
  8
01. рукоятка
  6
ByLayer
 62
  256
370
   -1
100
AcDbLine
 10
90
 20
239
 11
90
 21
237
  0
LINE
  5
768
100
AcDbEntity
  8
01. рукоятка
  6
ByLayer
 62
  256
370
   -1
100
AcDbLine
 10
89
 20
238
 11
91
 21
238
  0
CIRCLE
  5
769
100
AcDbEntity
  8
01. рукоятка
  6
ByLayer
 62
  256
370
   -1
100
AcDbCircle
 10
90
 20
233
 40
0.5
  0
LINE
  5
76A
100
AcDbEntity
  8
01. рукоятка
  6
ByLayer
 62
  256
370
   -1
100
AcDbLine
 10
90
 20
234
 11
90
 21
232
  0
LINE
  5
76B
100
AcDbEntity
  8
01. рукоятка
  6
ByLayer
 62
  256
370
   -1
100
AcDbLine
 10
89
 20
233
 11
91
 21
233
  0
LINE
  5
76C
100
AcDbEntity
  8
01. рукоятка
  6
ByLayer
 62
  256
370
   -1
100
AcDbLine
 10
76
 20
237
 11
76
 21
235
  0
LINE
  5
76D
100
AcDbEntity
  8
01. рукоятка
  6
ByLayer
 62
  256
370
   -1
100
AcDbLine
 10
83
 20
194
 11
83
 21
192
  0
LINE
  5
76E
100
AcDbEntity
  8
01. рукоятка
  6
ByLayer
 62
  256
370
   -1
100
AcDbLine
 10
82
 20
193
 11
84
 21
193
  0
LINE
  5
76F
100
AcDbEntity
  8
01. рукоятка
  6
ByLayer
 62
  256
370
   -1
100
AcDbLine
 10
69
 20
194
 11
69
 21
192
  0
LINE
  5
770
100
AcDbEntity
  8
01. рукоятка
  6
ByLayer
 62
  256
370
   -1
100
AcDbLine
 10
68
 20
193
 11
70
 21
193
  0
LINE
  5
771
100
AcDbEntity
  8
01. рукоятка
  6
ByLayer
 62
  256
370
   -1
100
AcDbLine
 10
76
 20
217
 11
76
 21
215
  0
LINE
  5
772
100
AcDbEntity
  8
01. рукоятка
  6
ByLayer
 62
  256
370
   -1
100
AcDbLine
 10
75
 20
216
 11
77
 21
216
  0
LINE
  5
773
100
AcDbEntity
  8
01. рукоятка
  6
ByLayer
 62
  256
370
   -1
100
AcDbLine
 10
75
 20
236
 11
77
 21
236
  0
CIRCLE
  5
774
100
AcDbEntity
  8
01. рукоятка
  6
ByLayer
 62
  256
370
   -1
100
AcDbCircle
 10
76
 20
236
 40
8
  0
CIRCLE
  5
775
100
AcDbEntity
  8
01. рукоятка
  6
ByLayer
 62
  256
370
   -1
100
AcDbCircle
 10
76
 20
216
 40
7
  0
CIRCLE
  5
776
100
AcDbEntity
  8
01. рукоятка
  6
ByLayer
 62
  256
370
   -1
100
AcDbCircle
 10
69
 20
193
 40
6
  0
CIRCLE
  5
777
100
AcDbEntity
  8
01. рукоятка
  6
ByLayer
 62
  256
370
   -1
100
AcDbCircle
 10
83
 20
193
 40
6
  0
LINE
  5
778
100
AcDbEntity
  8
01. рукоятка
  6
ByLayer
 62
  256
370
   -1
100
AcDbLine
 10
66
 20
103.9045
 11
84
 21
110.2937
  0
LINE
  5
779
100
AcDbEntity
  8
01. рукоятка
  6
DASHEDTINY
 62
  256
370
   -1
100
AcDbLine
 10
66
 20
103.9045
 11
66.00000000000001
 21
120.3
  0
LINE
  5
77A
100
AcDbEntity
  8
01. рукоятка
  6
DASHEDTINY
 62
  256
370
   -1
100
AcDbLine
 10
84.00000000000001
 20
120.3
 11
84
 21
110.2937
  0
LINE
  5
77B
100
AcDbEntity
  8
01. рукоятка
  6
DASHEDTINY
 62
  256
370
   -1
100
AcDbLine
 10
66.00000000000001
 20
120.3
 11
84.00000000000001
 21
120.3
  0
MTEXT
  5
77C
100
AcDbEntity
  8
01. рукоятка
  6
ByLayer
 62
  256
370
   -1
100
AcDbMText
 10
110
 20
163
 30
0
 40
2.7
 41
87.30000000000055
 71
    1
 72
    1
  3
Технологический процесс:\P1. Деталь вырезается из материала на\Pлобзиковом станке;\P2. Высверливаются отверстия 1, 2, 18 мм под\Pножки электро�
  3
�ных деталей, соединительных\Pдорожек и выводов провода;\P3. Отверстия 14, 16 мм под посадочные\Pместа деталей высверливаются на треть\Pглуби�
  3
�ы их корпуса;\P4. Отверстия 12 мм высверливаются на\Pглубину 2-3 мм;\P5. Выбирается посадочное место под курок\Pи к нему просверливается канал d
  3
 3-4 мм;\P6. В канале высверливается отверстие 4 мм\Pпод выводы концевого выключателя;\P7. Вырезаются отверстия 3 мм (можно под\Pуглом 45 градусо�
  1
�);\P8. Вдоль всей верхней части дула\Pвыбирается паз 16 мм под посадочное место\Pдетали 2;\P9. Деталь шлифуется.
  7
cyrillic_ii
210
0
220
0
230
1
 50
0
 73
    2
 44
1
  0
MTEXT
  5
77D
100
AcDbEntity
  8
04. спецификация
  6
ByLayer
 62
  256
370
   -1
100
AcDbMText
 10
122
 20
85
 30
0
 40
5
 41
37.77777777777801
 71
    1
 72
    1
  1
Материалы
  7
cyrillic_ii
210
0
220
0
230
1
 50
0
 73
    2
 44
1
  0
MTEXT
  5
77E
100
AcDbEntity
  8
04. спецификация
  6
ByLayer
 62
  256
370
   -1
100
AcDbMText
 10
114
 20
67
 30
0
 40
2.5
 41
50.97222222222223
 71
    1
 72
    1
  1
Пиломатериал ГОСТ 8486-86
  7
unicode
210
0
220
0
230
1
 50
0
 73
    2
 44
1
  0
MTEXT
  5
77F
100
AcDbEntity
  8
04. спецификация
  6
ByLayer
 62
  256
370
   -1
100
AcDbMText
 10
114
 20
75
 30
0
 40
2.5
 41
40.13888888888889
 71
    1
 72
    1
  1
Фанера ГОСТ 3916.1-96
  7
unicode
210
0
220
0
230
1
 50
0
 73
    2
 44
1
  0
MTEXT
  5
780
100
AcDbEntity
  8
04. спецификация
  6
ByLayer
 62
  256
370
   -1
100
AcDbMText
 10
114
 20
60
 30
0
 40
2.5
 41
28.61111111111111
 71
    1
 72
    1
  1
Поливинилхлорид
  7
unicode
210
0
220
0
230
1
 50
0
 73
    2
 44
1
  0
MTEXT
  5
781
100
AcDbEntity
  8
04. спецификация
  6
ByLayer
 62
  256
370
   -1
100
AcDbMText
 10
114
 20
107
 30
0
 40
2.5
 41
58.26388888888889
 71
    1
 72
    1
  1
Конденсатор электрол. 1-47 мкФ
  7
unicode
210
0
220
0
230
1
 50
0
 73
    2
 44
1
  0
MTEXT
  5
782
100
AcDbEntity
  8
04. спецификация
  6
ByLayer
 62
  256
370
   -1
100
AcDbMText
 10
177
 20
107
 30
0
 40
2.5
 41
0.5555555555555556
 71
    1
 72
    1
  1
1
  7
unicode
210
0
220
0
230
1
 50
0
 73
    2
 44
1
  0
MTEXT
  5
783
100
AcDbEntity
  8
04. спецификация
  6
ByLayer
 62
  256
370
   -1
100
AcDbMText
 10
185
 20
107
 30
0
 40
2.5
 41
5
 71
    1
 72
    1
  1
шт.
  7
unicode
210
0
220
0
230
1
 50
0
 73
    2
 44
1
  0
MTEXT
  5
784
100
AcDbEntity
  8
04. спецификация
  6
ByLayer
 62
  256
370
   -1
100
AcDbMText
 10
114
 20
123
 30
0
 40
2.5
 41
53.47222222222222
 71
    1
 72
    1
  1
Резистор переменный 0.1-1МОм
  7
unicode
210
0
220
0
230
1
 50
0
 73
    2
 44
1
  0
MTEXT
  5
785
100
AcDbEntity
  8
04. спецификация
  6
ByLayer
 62
  256
370
   -1
100
AcDbMText
 10
114
 20
131
 30
0
 40
2.5
 41
40.41666666666666
 71
    1
 72
    1
  1
Резистор 1-4.7/5.6 кОм
  7
unicode
210
0
220
0
230
1
 50
0
 73
    2
 44
1
  0
MTEXT
  5
786
100
AcDbEntity
  8
04. спецификация
  6
ByLayer
 62
  256
370
   -1
100
AcDbMText
 10
177
 20
131
 30
0
 40
2.5
 41
0.5555555555555556
 71
    1
 72
    1
  1
1
  7
unicode
210
0
220
0
230
1
 50
0
 73
    2
 44
1
  0
MTEXT
  5
787
100
AcDbEntity
  8
04. спецификация
  6
ByLayer
 62
  256
370
   -1
100
AcDbMText
 10
177
 20
123
 30
0
 40
2.5
 41
0.5555555555555556
 71
    1
 72
    1
  1
1
  7
unicode
210
0
220
0
230
1
 50
0
 73
    2
 44
1
  0
MTEXT
  5
788
100
AcDbEntity
  8
04. спецификация
  6
ByLayer
 62
  256
370
   -1
100
AcDbMText
 10
185
 20
131
 30
0
 40
2.5
 41
5
 71
    1
 72
    1
  1
шт.
  7
unicode
210
0
220
0
230
1
 50
0
 73
    2
 44
1
  0
MTEXT
  5
789
100
AcDbEntity
  8
04. спецификация
  6
ByLayer
 62
  256
370
   -1
100
AcDbMText
 10
185
 20
123
 30
0
 40
2.5
 41
5
 71
    1
 72
    1
  1
шт.
  7
unicode
210
0
220
0
230
1
 50
0
 73
    2
 44
1
  0
MTEXT
  5
78A
100
AcDbEntity
  8
04. спецификация
  6
ByLayer
 62
  256
370
   -1
100
AcDbMText
 10
185
 20
116
 30
0
 40
2.5
 41
5
 71
    1
 72
    1
  1
шт.
  7
unicode
210
0
220
0
230
1
 50
0
 73
    2
 44
1
  0
MTEXT
  5
78B
100
AcDbEntity
  8
04. спецификация
  6
ByLayer
 62
  256
370
   -1
100
AcDbMText
 10
114
 20
116
 30
0
 40
2.5
 41
29.30555555555556
 71
    1
 72
    1
  1
Резистор 200 Ом
  7
unicode
210
0
220
0
230
1
 50
0
 73
    2
 44
1
  0
MTEXT
  5
78C
100
AcDbEntity
  8
04. спецификация
  6
ByLayer
 62
  256
370
   -1
100
AcDbMText
 10
177
 20
116
 30
0
 40
2.5
 41
1.388888888888889
 71
    1
 72
    1
  1
4
  7
unicode
210
0
220
0
230
1
 50
0
 73
    2
 44
1
  0
MTEXT
  5
78D
100
AcDbEntity
  8
04. спецификация
  6
ByLayer
 62
  256
370
   -1
100
AcDbMText
 10
185
 20
139
 30
0
 40
2.5
 41
5
 71
    1
 72
    1
  1
шт.
  7
unicode
210
0
220
0
230
1
 50
0
 73
    2
 44
1
  0
MTEXT
  5
78E
100
AcDbEntity
  8
04. спецификация
  6
ByLayer
 62
  256
370
   -1
100
AcDbMText
 10
114
 20
139
 30
0
 40
2.5
 41
33.12500000000001
 71
    1
 72
    1
  1
Светодиод красный
  7
unicode
210
0
220
0
230
1
 50
0
 73
    2
 44
1
  0
MTEXT
  5
78F
100
AcDbEntity
  8
04. спецификация
  6
ByLayer
 62
  256
370
   -1
100
AcDbMText
 10
177
 20
139
 30
0
 40
2.5
 41
1.388888888888889
 71
    1
 72
    1
  1
4
  7
unicode
210
0
220
0
230
1
 50
0
 73
    2
 44
1
  0
MTEXT
  5
790
100
AcDbEntity
  8
штамп А4 спецификация
  6
ByLayer
 62
  256
370
   -1
100
AcDbMText
 10
179.7777777777778
 20
12.5
 30
0
 40
2.5
 41
36.59722222222222
 71
    5
 72
    1
  1
Программа обучения:\P«Электронное\Pконструирование»
  7
cyrillic_ii
210
0
220
0
230
1
 50
0
 73
    2
 44
1
  0
MTEXT
  5
791
100
AcDbEntity
  8
00. эскиз
  6
ByLayer
 62
  256
370
   -1
100
AcDbMText
 10
96
 20
55
 30
0
 40
5
 41
92.77777777777827
 71
    1
 72
    1
  1
Электронный бластер. 000
  7
cyrillic_ii
210
0
220
0
230
1
 50
0
 73
    2
 44
1
  0
INSERT
  5
792
100
AcDbEntity
  8
штамп А4 титул
  6
ByLayer
 62
  256
370
   -1
100
AcDbBlockReference
  2
штамп А4 титул
 10
0
 20
0
 30
0
 41
1
 42
1
 43
0
 50
0
 70
    1
 71
    1
 44
0
 45
0
  0
MTEXT
  5
793
100
AcDbEntity
  8
00. титульный
  6
ByLayer
 62
  256
370
   50
100
AcDbMText
 10
134.5555555555554
 20
122
 30
0
 40
4
 41
34.44444444444463
 71
    1
 72
    1
  1
Разработал:
  7
cyrillic_ii
210
0
220
0
230
1
 50
0
 73
    2
 44
1
  0
MTEXT
  5
794
100
AcDbEntity
  8
00. титульный
  6
ByLayer
 62
  256
370
   70
100
AcDbMText
 10
86
 20
28
 30
0
 40
5
 41
52.36111111111135
 71
    1
 72
    1
  1
г. Владивосток
  7
cyrillic_ii
210
0
220
0
230
1
 50
0
 73
    2
 44
1
  0
MTEXT
  5
795
100
AcDbEntity
  8
00. титульный
  6
ByLayer
 62
  256
370
   50
100
AcDbMText
 10
26
 20
80
 30
0
 40
5
 41
172.5000000000007
 71
    1
 72
    1
  3
Назначение: Образовательное устройство для\Pсборки и изучения основ конструирования,\Pэлектроники и схемотехники, развития навыков\Pраб
  1
оты с инструментом и оборудованием.
  7
cyrillic_ii
210
0
220
0
230
1
 50
0
 73
    2
 44
1
  0
MTEXT
  5
796
100
AcDbEntity
  8
00. эскиз
  6
ByLayer
 62
  256
370
   -1
100
AcDbMText
 10
198
 20
23.5
 30
0
 40
2
 41
0.8888888888888888
 71
    1
 72
    1
  1
7
  7
cyrillic_ii
210
0
220
0
230
1
 50
0
 73
    2
 44
1
  0
MTEXT
  5
797
100
AcDbEntity
  8
00. титульный
  6
ByLayer
 62
  256
370
   70
100
AcDbMText
 10
80
 20
161
 30
0
 40
5
 41
63.19444444444468
 71
    1
 72
    1
  1
Сборочный чертеж
  7
cyrillic_ii
210
0
220
0
230
1
 50
0
 73
    2
 44
1
  0
MTEXT
  5
798
100
AcDbEntity
  8
00. титульный
  6
ByLayer
 62
  256
370
  100
100
AcDbMText
 10
38
 20
180
 30
0
 40
9
 41
148.7500000000007
 71
    1
 72
    1
  1
БЛАСТЕР ЭЛЕКТРОННЫЙ
  7
cyrillic_ii
210
0
220
0
230
1
 50
0
 73
    2
 44
1
  0
ENDSEC
  0
SECTION
  2
OBJECTS
  0
DICTIONARY
  5
C
330
0
100
AcDbDictionary
281
    1
  3
ACAD_GROUP
350
D
  3
ACAD_IMAGE_DICT
350
799
  0
DICTIONARY
  5
D
330
C
100
AcDbDictionary
281
    1
  0
IMAGEDEF_REACTOR
  5
48A
330
48B
100
AcDbRasterImageDefReactor
 90
    2
330
48B
  0
IMAGEDEF_REACTOR
  5
48D
330
48E
100
AcDbRasterImageDefReactor
 90
    2
330
48E
  0
IMAGEDEF_REACTOR
  5
492
330
493
100
AcDbRasterImageDefReactor
 90
    2
330
493
  0
IMAGEDEF_REACTOR
  5
494
330
495
100
AcDbRasterImageDefReactor
 90
    2
330
495
  0
IMAGEDEF_REACTOR
  5
496
330
497
100
AcDbRasterImageDefReactor
 90
    2
330
497
  0
IMAGEDEF_REACTOR
  5
498
330
499
100
AcDbRasterImageDefReactor
 90
    2
330
499
  0
IMAGEDEF_REACTOR
  5
49A
330
49B
100
AcDbRasterImageDefReactor
 90
    2
330
49B
  0
IMAGEDEF_REACTOR
  5
490
330
491
100
AcDbRasterImageDefReactor
 90
    2
330
491
  0
IMAGEDEF_REACTOR
  5
49D
330
49E
100
AcDbRasterImageDefReactor
 90
    2
330
49E
  0
IMAGEDEF_REACTOR
  5
4AD
330
4AE
100
AcDbRasterImageDefReactor
 90
    2
330
4AE
  0
IMAGEDEF_REACTOR
  5
4AF
330
4B0
100
AcDbRasterImageDefReactor
 90
    2
330
4B0
  0
IMAGEDEF_REACTOR
  5
4A0
330
4A1
100
AcDbRasterImageDefReactor
 90
    2
330
4A1
  0
IMAGEDEF_REACTOR
  5
4A3
330
4A4
100
AcDbRasterImageDefReactor
 90
    2
330
4A4
  0
IMAGEDEF_REACTOR
  5
4A5
330
4A6
100
AcDbRasterImageDefReactor
 90
    2
330
4A6
  0
IMAGEDEF_REACTOR
  5
4A8
330
4A9
100
AcDbRasterImageDefReactor
 90
    2
330
4A9
  0
IMAGEDEF_REACTOR
  5
4AB
330
4AC
100
AcDbRasterImageDefReactor
 90
    2
330
4AC
  0
IMAGEDEF_REACTOR
  5
4B2
330
4B3
100
AcDbRasterImageDefReactor
 90
    2
330
4B3
  0
DICTIONARY
  5
799
330
C
100
AcDbDictionary
281
    1
  3
логотип – детский инженерный клуб {telegram} {grey}
350
489
  3
radiotechnika LOGO QR
350
48C
  3
бластер электроакустический – проект учебный-1769168853564-2026-01-23
350
48F
  3
кружок технического творчества-1760432099635-2025-10-14
350
49C
  3
кружок технического творчества-QR {telegram}
350
49F
  3
radiotehnika LOGO
350
4A2
  3
water sensor LOGO
350
4A7
  3
radiotechnika LOGO
350
4AA
  3
кружок технического творчества-QR {telegram} {grey}
350
4B1
  0
IMAGEDEF
  5
489
102
{ACAD_REACTORS
330
48A
102
}
100
AcDbRasterImageDef
 90
    0
  1
D:/backup/Obsidian/Base/files/attachments/логотип – детский инженерный клуб {telegram} {grey}.jpg
 10
473
 20
473
 11
1
 21
1
280
    1
281
    0
  0
IMAGEDEF
  5
48C
102
{ACAD_REACTORS
330
48D
330
492
330
494
330
496
330
498
330
49A
102
}
100
AcDbRasterImageDef
 90
    0
  1
D:/backup/Obsidian/Base/files/attachments/radiotechnika LOGO QR.png
 10
690
 20
135
 11
1
 21
1
280
    1
281
    0
  0
IMAGEDEF
  5
48F
102
{ACAD_REACTORS
330
490
102
}
100
AcDbRasterImageDef
 90
    0
  1
D:/backup/Obsidian/Base/files/attachments/бластер электроакустический – проект учебный-1769168853564-2026-01-23.png
 10
1536
 20
1024
 11
1
 21
1
280
    1
281
    0
  0
IMAGEDEF
  5
49C
102
{ACAD_REACTORS
330
49D
330
4AD
330
4AF
102
}
100
AcDbRasterImageDef
 90
    0
  1
D:/backup/Obsidian/Base/files/attachments/кружок технического творчества-1760432099635-2025-10-14.jpg
 10
1
 20
1
 11
1
 21
1
280
    1
281
    0
  0
IMAGEDEF
  5
49F
102
{ACAD_REACTORS
330
4A0
102
}
100
AcDbRasterImageDef
 90
    0
  1
D:/backup/Obsidian/Base/files/attachments/кружок технического творчества-QR {telegram}.jpg
 10
1
 20
1
 11
1
 21
1
280
    1
281
    0
  0
IMAGEDEF
  5
4A2
102
{ACAD_REACTORS
330
4A3
330
4A5
102
}
100
AcDbRasterImageDef
 90
    0
  1
D:/backup/Obsidian/Base/files/attachments/radiotehnika LOGO.jpg
 10
992
 20
252
 11
1
 21
1
280
    1
281
    0
  0
IMAGEDEF
  5
4A7
102
{ACAD_REACTORS
330
4A8
102
}
100
AcDbRasterImageDef
 90
    0
  1
D:/backup/Obsidian/Base/files/attachments/water sensor LOGO.jpg
 10
992
 20
252
 11
1
 21
1
280
    1
281
    0
  0
IMAGEDEF
  5
4AA
102
{ACAD_REACTORS
330
4AB
102
}
100
AcDbRasterImageDef
 90
    0
  1
D:/backup/Obsidian/Base/files/attachments/radiotechnika LOGO.jpg
 10
992
 20
252
 11
1
 21
1
280
    1
281
    0
  0
IMAGEDEF
  5
4B1
102
{ACAD_REACTORS
330
4B2
102
}
100
AcDbRasterImageDef
 90
    0
  1
D:/backup/Obsidian/Base/files/attachments/кружок технического творчества-QR {telegram} {grey}.jpg
 10
491
 20
490
 11
1
 21
1
280
    1
281
    0
  0
PLOTSETTINGS
  5
79A
100
AcDbPlotSettings
  6
1x1
 40
0
 41
0
 42
0
 43
0
  0
ENDSEC
  0
EOF
